--------------------------------------------------------
--  파일이 생성됨 - 수요일-4월-11-2018   
--------------------------------------------------------
--------------------------------------------------------
--  DDL for Table COMTCCMMNCLCODE
--------------------------------------------------------

  CREATE TABLE "EC4USER"."COMTCCMMNCLCODE" 
   (	"CL_CODE" CHAR(3 BYTE), 
	"CL_CODE_NM" VARCHAR2(60 BYTE), 
	"CL_CODE_DC" VARCHAR2(200 BYTE), 
	"USE_AT" CHAR(1 BYTE), 
	"FRST_REGIST_PNTTM" DATE, 
	"FRST_REGISTER_ID" VARCHAR2(20 BYTE), 
	"LAST_UPDT_PNTTM" DATE, 
	"LAST_UPDUSR_ID" VARCHAR2(20 BYTE)
   ) SEGMENT CREATION IMMEDIATE 
  PCTFREE 10 PCTUSED 40 INITRANS 1 MAXTRANS 255 NOCOMPRESS LOGGING
  STORAGE(INITIAL 65536 NEXT 1048576 MINEXTENTS 1 MAXEXTENTS 2147483645
  PCTINCREASE 0 FREELISTS 1 FREELIST GROUPS 1 BUFFER_POOL DEFAULT FLASH_CACHE DEFAULT CELL_FLASH_CACHE DEFAULT)
  TABLESPACE "EC4DTS" ;
--------------------------------------------------------
--  DDL for Table COMTCCMMNCODE
--------------------------------------------------------

  CREATE TABLE "EC4USER"."COMTCCMMNCODE" 
   (	"CODE_ID" VARCHAR2(6 BYTE), 
	"CODE_ID_NM" VARCHAR2(60 BYTE), 
	"CODE_ID_DC" VARCHAR2(200 BYTE), 
	"USE_AT" CHAR(1 BYTE), 
	"CL_CODE" CHAR(3 BYTE), 
	"FRST_REGIST_PNTTM" DATE, 
	"FRST_REGISTER_ID" VARCHAR2(20 BYTE), 
	"LAST_UPDT_PNTTM" DATE, 
	"LAST_UPDUSR_ID" VARCHAR2(20 BYTE)
   ) SEGMENT CREATION IMMEDIATE 
  PCTFREE 10 PCTUSED 40 INITRANS 1 MAXTRANS 255 NOCOMPRESS LOGGING
  STORAGE(INITIAL 65536 NEXT 1048576 MINEXTENTS 1 MAXEXTENTS 2147483645
  PCTINCREASE 0 FREELISTS 1 FREELIST GROUPS 1 BUFFER_POOL DEFAULT FLASH_CACHE DEFAULT CELL_FLASH_CACHE DEFAULT)
  TABLESPACE "EC4DTS" ;
--------------------------------------------------------
--  DDL for Table COMTCCMMNDETAILCODE
--------------------------------------------------------

  CREATE TABLE "EC4USER"."COMTCCMMNDETAILCODE" 
   (	"CODE_ID" VARCHAR2(6 BYTE), 
	"CODE" VARCHAR2(15 BYTE), 
	"CODE_NM" VARCHAR2(60 BYTE), 
	"CODE_DC" VARCHAR2(200 BYTE), 
	"USE_AT" CHAR(1 BYTE), 
	"FRST_REGIST_PNTTM" DATE, 
	"FRST_REGISTER_ID" VARCHAR2(20 BYTE), 
	"LAST_UPDT_PNTTM" DATE, 
	"LAST_UPDUSR_ID" VARCHAR2(20 BYTE)
   ) SEGMENT CREATION IMMEDIATE 
  PCTFREE 10 PCTUSED 40 INITRANS 1 MAXTRANS 255 NOCOMPRESS LOGGING
  STORAGE(INITIAL 65536 NEXT 1048576 MINEXTENTS 1 MAXEXTENTS 2147483645
  PCTINCREASE 0 FREELISTS 1 FREELIST GROUPS 1 BUFFER_POOL DEFAULT FLASH_CACHE DEFAULT CELL_FLASH_CACHE DEFAULT)
  TABLESPACE "EC4DTS" ;
--------------------------------------------------------
--  DDL for Table COMTCZIP
--------------------------------------------------------

  CREATE TABLE "EC4USER"."COMTCZIP" 
   (	"ZIP" VARCHAR2(6 BYTE), 
	"SN" NUMBER(10,0), 
	"CTPRVN_NM" VARCHAR2(20 BYTE), 
	"SIGNGU_NM" VARCHAR2(20 BYTE), 
	"EMD_NM" VARCHAR2(60 BYTE), 
	"LI_BULD_NM" VARCHAR2(60 BYTE), 
	"LNBR_DONG_HO" VARCHAR2(20 BYTE), 
	"FRST_REGIST_PNTTM" DATE, 
	"FRST_REGISTER_ID" VARCHAR2(20 BYTE), 
	"LAST_UPDT_PNTTM" DATE, 
	"LAST_UPDUSR_ID" VARCHAR2(20 BYTE)
   ) SEGMENT CREATION IMMEDIATE 
  PCTFREE 10 PCTUSED 40 INITRANS 1 MAXTRANS 255 NOCOMPRESS LOGGING
  STORAGE(INITIAL 65536 NEXT 1048576 MINEXTENTS 1 MAXEXTENTS 2147483645
  PCTINCREASE 0 FREELISTS 1 FREELIST GROUPS 1 BUFFER_POOL DEFAULT FLASH_CACHE DEFAULT CELL_FLASH_CACHE DEFAULT)
  TABLESPACE "EC4DTS" ;
--------------------------------------------------------
--  DDL for Table COMTECOPSEQ
--------------------------------------------------------

  CREATE TABLE "EC4USER"."COMTECOPSEQ" 
   (	"TABLE_NAME" VARCHAR2(20 BYTE), 
	"NEXT_ID" NUMBER(30,0)
   ) SEGMENT CREATION IMMEDIATE 
  PCTFREE 10 PCTUSED 40 INITRANS 1 MAXTRANS 255 NOCOMPRESS LOGGING
  STORAGE(INITIAL 65536 NEXT 1048576 MINEXTENTS 1 MAXEXTENTS 2147483645
  PCTINCREASE 0 FREELISTS 1 FREELIST GROUPS 1 BUFFER_POOL DEFAULT FLASH_CACHE DEFAULT CELL_FLASH_CACHE DEFAULT)
  TABLESPACE "EC4DTS" ;
--------------------------------------------------------
--  DDL for Table COMTHEMAILDSPTCHMANAGE
--------------------------------------------------------

  CREATE TABLE "EC4USER"."COMTHEMAILDSPTCHMANAGE" 
   (	"MSSAGE_ID" VARCHAR2(20 BYTE), 
	"EMAIL_CN" CLOB, 
	"SNDR" VARCHAR2(50 BYTE), 
	"RCVER" VARCHAR2(50 BYTE), 
	"SJ" VARCHAR2(60 BYTE), 
	"SNDNG_RESULT_CODE" CHAR(1 BYTE), 
	"DSPTCH_DT" CHAR(20 BYTE), 
	"ATCH_FILE_ID" CHAR(20 BYTE)
   ) SEGMENT CREATION IMMEDIATE 
  PCTFREE 10 PCTUSED 40 INITRANS 1 MAXTRANS 255 NOCOMPRESS LOGGING
  STORAGE(INITIAL 65536 NEXT 1048576 MINEXTENTS 1 MAXEXTENTS 2147483645
  PCTINCREASE 0 FREELISTS 1 FREELIST GROUPS 1 BUFFER_POOL DEFAULT FLASH_CACHE DEFAULT CELL_FLASH_CACHE DEFAULT)
  TABLESPACE "EC4DTS" 
 LOB ("EMAIL_CN") STORE AS BASICFILE (
  TABLESPACE "EC4DTS" ENABLE STORAGE IN ROW CHUNK 8192 RETENTION 
  NOCACHE LOGGING 
  STORAGE(INITIAL 65536 NEXT 1048576 MINEXTENTS 1 MAXEXTENTS 2147483645
  PCTINCREASE 0 FREELISTS 1 FREELIST GROUPS 1 BUFFER_POOL DEFAULT FLASH_CACHE DEFAULT CELL_FLASH_CACHE DEFAULT)) ;
--------------------------------------------------------
--  DDL for Table COMTHEMPLYRINFOCHANGEDTLS
--------------------------------------------------------

  CREATE TABLE "EC4USER"."COMTHEMPLYRINFOCHANGEDTLS" 
   (	"EMPLYR_ID" VARCHAR2(20 BYTE), 
	"CHANGE_DE" CHAR(20 BYTE), 
	"ORGNZT_ID" CHAR(20 BYTE), 
	"GROUP_ID" CHAR(20 BYTE), 
	"EMPL_NO" VARCHAR2(20 BYTE), 
	"SEXDSTN_CODE" CHAR(1 BYTE), 
	"BRTHDY" CHAR(20 BYTE), 
	"FXNUM" VARCHAR2(20 BYTE), 
	"HOUSE_ADRES" VARCHAR2(100 BYTE), 
	"HOUSE_END_TELNO" VARCHAR2(4 BYTE), 
	"AREA_NO" VARCHAR2(4 BYTE), 
	"DETAIL_ADRES" VARCHAR2(100 BYTE), 
	"ZIP" VARCHAR2(6 BYTE), 
	"OFFM_TELNO" VARCHAR2(20 BYTE), 
	"MBTLNUM" VARCHAR2(20 BYTE), 
	"EMAIL_ADRES" VARCHAR2(50 BYTE), 
	"HOUSE_MIDDLE_TELNO" VARCHAR2(4 BYTE), 
	"PSTINST_CODE" CHAR(8 BYTE), 
	"EMPLYR_STTUS_CODE" CHAR(1 BYTE), 
	"ESNTL_ID" CHAR(20 BYTE)
   ) SEGMENT CREATION IMMEDIATE 
  PCTFREE 10 PCTUSED 40 INITRANS 1 MAXTRANS 255 NOCOMPRESS LOGGING
  STORAGE(INITIAL 65536 NEXT 1048576 MINEXTENTS 1 MAXEXTENTS 2147483645
  PCTINCREASE 0 FREELISTS 1 FREELIST GROUPS 1 BUFFER_POOL DEFAULT FLASH_CACHE DEFAULT CELL_FLASH_CACHE DEFAULT)
  TABLESPACE "EC4DTS" ;
--------------------------------------------------------
--  DDL for Table COMTHPROGRMCHANGEDTLS
--------------------------------------------------------

  CREATE TABLE "EC4USER"."COMTHPROGRMCHANGEDTLS" 
   (	"PROGRM_FILE_NM" VARCHAR2(60 BYTE), 
	"REQUST_NO" NUMBER(10,0), 
	"RQESTER_ID" VARCHAR2(20 BYTE), 
	"CHANGE_REQUST_CN" VARCHAR2(1000 BYTE), 
	"REQUST_PROCESS_CN" CLOB, 
	"OPETR_ID" VARCHAR2(20 BYTE), 
	"PROCESS_STTUS_CODE" VARCHAR2(15 BYTE), 
	"PROCESS_DE" CHAR(20 BYTE), 
	"RQESTDE" CHAR(20 BYTE), 
	"REQUST_SJ" VARCHAR2(60 BYTE)
   ) SEGMENT CREATION IMMEDIATE 
  PCTFREE 10 PCTUSED 40 INITRANS 1 MAXTRANS 255 NOCOMPRESS LOGGING
  STORAGE(INITIAL 65536 NEXT 1048576 MINEXTENTS 1 MAXEXTENTS 2147483645
  PCTINCREASE 0 FREELISTS 1 FREELIST GROUPS 1 BUFFER_POOL DEFAULT FLASH_CACHE DEFAULT CELL_FLASH_CACHE DEFAULT)
  TABLESPACE "EC4DTS" 
 LOB ("REQUST_PROCESS_CN") STORE AS BASICFILE (
  TABLESPACE "EC4DTS" ENABLE STORAGE IN ROW CHUNK 8192 RETENTION 
  NOCACHE LOGGING 
  STORAGE(INITIAL 65536 NEXT 1048576 MINEXTENTS 1 MAXEXTENTS 2147483645
  PCTINCREASE 0 FREELISTS 1 FREELIST GROUPS 1 BUFFER_POOL DEFAULT FLASH_CACHE DEFAULT CELL_FLASH_CACHE DEFAULT)) ;
--------------------------------------------------------
--  DDL for Table COMTNAUTHORGROUPINFO
--------------------------------------------------------

  CREATE TABLE "EC4USER"."COMTNAUTHORGROUPINFO" 
   (	"GROUP_ID" CHAR(20 BYTE), 
	"GROUP_NM" VARCHAR2(60 BYTE), 
	"GROUP_CREAT_DE" CHAR(20 BYTE), 
	"GROUP_DC" VARCHAR2(100 BYTE)
   ) SEGMENT CREATION IMMEDIATE 
  PCTFREE 10 PCTUSED 40 INITRANS 1 MAXTRANS 255 NOCOMPRESS LOGGING
  STORAGE(INITIAL 65536 NEXT 1048576 MINEXTENTS 1 MAXEXTENTS 2147483645
  PCTINCREASE 0 FREELISTS 1 FREELIST GROUPS 1 BUFFER_POOL DEFAULT FLASH_CACHE DEFAULT CELL_FLASH_CACHE DEFAULT)
  TABLESPACE "EC4DTS" ;
--------------------------------------------------------
--  DDL for Table COMTNAUTHORINFO
--------------------------------------------------------

  CREATE TABLE "EC4USER"."COMTNAUTHORINFO" 
   (	"AUTHOR_CODE" VARCHAR2(30 BYTE), 
	"AUTHOR_NM" VARCHAR2(60 BYTE), 
	"AUTHOR_DC" VARCHAR2(200 BYTE), 
	"AUTHOR_CREAT_DE" CHAR(20 BYTE)
   ) SEGMENT CREATION IMMEDIATE 
  PCTFREE 10 PCTUSED 40 INITRANS 1 MAXTRANS 255 NOCOMPRESS LOGGING
  STORAGE(INITIAL 65536 NEXT 1048576 MINEXTENTS 1 MAXEXTENTS 2147483645
  PCTINCREASE 0 FREELISTS 1 FREELIST GROUPS 1 BUFFER_POOL DEFAULT FLASH_CACHE DEFAULT CELL_FLASH_CACHE DEFAULT)
  TABLESPACE "EC4DTS" ;
--------------------------------------------------------
--  DDL for Table COMTNAUTHORROLERELATE
--------------------------------------------------------

  CREATE TABLE "EC4USER"."COMTNAUTHORROLERELATE" 
   (	"AUTHOR_CODE" VARCHAR2(30 BYTE), 
	"ROLE_CODE" VARCHAR2(50 BYTE), 
	"CREAT_DT" DATE
   ) SEGMENT CREATION IMMEDIATE 
  PCTFREE 10 PCTUSED 40 INITRANS 1 MAXTRANS 255 NOCOMPRESS LOGGING
  STORAGE(INITIAL 65536 NEXT 1048576 MINEXTENTS 1 MAXEXTENTS 2147483645
  PCTINCREASE 0 FREELISTS 1 FREELIST GROUPS 1 BUFFER_POOL DEFAULT FLASH_CACHE DEFAULT CELL_FLASH_CACHE DEFAULT)
  TABLESPACE "EC4DTS" ;
--------------------------------------------------------
--  DDL for Table COMTNBBS
--------------------------------------------------------

  CREATE TABLE "EC4USER"."COMTNBBS" 
   (	"NTT_ID" NUMBER(20,0), 
	"BBS_ID" CHAR(20 BYTE), 
	"NTT_NO" NUMBER(20,0), 
	"NTT_SJ" VARCHAR2(2000 BYTE), 
	"NTT_CN" CLOB, 
	"ANSWER_AT" CHAR(1 BYTE), 
	"PARNTSCTT_NO" NUMBER(10,0), 
	"ANSWER_LC" NUMBER(8,0), 
	"SORT_ORDR" NUMBER(8,0), 
	"RDCNT" NUMBER(10,0), 
	"USE_AT" CHAR(1 BYTE), 
	"NTCE_BGNDE" CHAR(20 BYTE), 
	"NTCE_ENDDE" CHAR(20 BYTE), 
	"NTCR_ID" VARCHAR2(20 BYTE), 
	"NTCR_NM" VARCHAR2(20 BYTE), 
	"PASSWORD" VARCHAR2(200 BYTE), 
	"ATCH_FILE_ID" CHAR(20 BYTE), 
	"FRST_REGIST_PNTTM" DATE, 
	"FRST_REGISTER_ID" VARCHAR2(20 BYTE), 
	"LAST_UPDT_PNTTM" DATE, 
	"LAST_UPDUSR_ID" VARCHAR2(20 BYTE)
   ) SEGMENT CREATION IMMEDIATE 
  PCTFREE 10 PCTUSED 40 INITRANS 1 MAXTRANS 255 NOCOMPRESS LOGGING
  STORAGE(INITIAL 65536 NEXT 1048576 MINEXTENTS 1 MAXEXTENTS 2147483645
  PCTINCREASE 0 FREELISTS 1 FREELIST GROUPS 1 BUFFER_POOL DEFAULT FLASH_CACHE DEFAULT CELL_FLASH_CACHE DEFAULT)
  TABLESPACE "EC4DTS" 
 LOB ("NTT_CN") STORE AS BASICFILE (
  TABLESPACE "EC4DTS" ENABLE STORAGE IN ROW CHUNK 8192 RETENTION 
  NOCACHE LOGGING 
  STORAGE(INITIAL 65536 NEXT 1048576 MINEXTENTS 1 MAXEXTENTS 2147483645
  PCTINCREASE 0 FREELISTS 1 FREELIST GROUPS 1 BUFFER_POOL DEFAULT FLASH_CACHE DEFAULT CELL_FLASH_CACHE DEFAULT)) ;
--------------------------------------------------------
--  DDL for Table COMTNBBSMASTER
--------------------------------------------------------

  CREATE TABLE "EC4USER"."COMTNBBSMASTER" 
   (	"BBS_ID" CHAR(20 BYTE), 
	"BBS_NM" VARCHAR2(255 BYTE), 
	"BBS_INTRCN" VARCHAR2(2400 BYTE), 
	"BBS_TY_CODE" CHAR(6 BYTE), 
	"BBS_ATTRB_CODE" CHAR(6 BYTE), 
	"REPLY_POSBL_AT" CHAR(1 BYTE), 
	"FILE_ATCH_POSBL_AT" CHAR(1 BYTE), 
	"ATCH_POSBL_FILE_NUMBER" NUMBER(2,0), 
	"ATCH_POSBL_FILE_SIZE" NUMBER(8,0), 
	"USE_AT" CHAR(1 BYTE), 
	"TMPLAT_ID" CHAR(20 BYTE), 
	"FRST_REGISTER_ID" VARCHAR2(20 BYTE), 
	"FRST_REGIST_PNTTM" DATE, 
	"LAST_UPDUSR_ID" VARCHAR2(20 BYTE), 
	"LAST_UPDT_PNTTM" DATE
   ) SEGMENT CREATION IMMEDIATE 
  PCTFREE 10 PCTUSED 40 INITRANS 1 MAXTRANS 255 NOCOMPRESS LOGGING
  STORAGE(INITIAL 65536 NEXT 1048576 MINEXTENTS 1 MAXEXTENTS 2147483645
  PCTINCREASE 0 FREELISTS 1 FREELIST GROUPS 1 BUFFER_POOL DEFAULT FLASH_CACHE DEFAULT CELL_FLASH_CACHE DEFAULT)
  TABLESPACE "EC4DTS" ;
--------------------------------------------------------
--  DDL for Table COMTNBBSMASTEROPTN
--------------------------------------------------------

  CREATE TABLE "EC4USER"."COMTNBBSMASTEROPTN" 
   (	"BBS_ID" CHAR(20 BYTE), 
	"ANSWER_AT" CHAR(1 BYTE), 
	"STSFDG_AT" CHAR(1 BYTE), 
	"FRST_REGIST_PNTTM" DATE, 
	"LAST_UPDT_PNTTM" DATE, 
	"FRST_REGISTER_ID" VARCHAR2(20 BYTE), 
	"LAST_UPDUSR_ID" VARCHAR2(20 BYTE)
   ) SEGMENT CREATION IMMEDIATE 
  PCTFREE 10 PCTUSED 40 INITRANS 1 MAXTRANS 255 NOCOMPRESS LOGGING
  STORAGE(INITIAL 65536 NEXT 1048576 MINEXTENTS 1 MAXEXTENTS 2147483645
  PCTINCREASE 0 FREELISTS 1 FREELIST GROUPS 1 BUFFER_POOL DEFAULT FLASH_CACHE DEFAULT CELL_FLASH_CACHE DEFAULT)
  TABLESPACE "EC4DTS" ;
--------------------------------------------------------
--  DDL for Table COMTNBBSUSE
--------------------------------------------------------

  CREATE TABLE "EC4USER"."COMTNBBSUSE" 
   (	"BBS_ID" CHAR(20 BYTE), 
	"TRGET_ID" CHAR(20 BYTE), 
	"USE_AT" CHAR(1 BYTE), 
	"REGIST_SE_CODE" CHAR(6 BYTE), 
	"FRST_REGIST_PNTTM" DATE, 
	"FRST_REGISTER_ID" VARCHAR2(20 BYTE), 
	"LAST_UPDT_PNTTM" DATE, 
	"LAST_UPDUSR_ID" VARCHAR2(20 BYTE)
   ) SEGMENT CREATION IMMEDIATE 
  PCTFREE 10 PCTUSED 40 INITRANS 1 MAXTRANS 255 NOCOMPRESS LOGGING
  STORAGE(INITIAL 65536 NEXT 1048576 MINEXTENTS 1 MAXEXTENTS 2147483645
  PCTINCREASE 0 FREELISTS 1 FREELIST GROUPS 1 BUFFER_POOL DEFAULT FLASH_CACHE DEFAULT CELL_FLASH_CACHE DEFAULT)
  TABLESPACE "EC4DTS" ;
--------------------------------------------------------
--  DDL for Table COMTNBKMKMENUMANAGERESULT
--------------------------------------------------------

  CREATE TABLE "EC4USER"."COMTNBKMKMENUMANAGERESULT" 
   (	"MENU_ID" NUMBER(20,0), 
	"EMPLYR_ID" VARCHAR2(20 BYTE), 
	"MENU_NM" VARCHAR2(60 BYTE), 
	"PROGRM_STRE_PATH" VARCHAR2(100 BYTE)
   ) SEGMENT CREATION IMMEDIATE 
  PCTFREE 10 PCTUSED 40 INITRANS 1 MAXTRANS 255 NOCOMPRESS LOGGING
  STORAGE(INITIAL 65536 NEXT 1048576 MINEXTENTS 1 MAXEXTENTS 2147483645
  PCTINCREASE 0 FREELISTS 1 FREELIST GROUPS 1 BUFFER_POOL DEFAULT FLASH_CACHE DEFAULT CELL_FLASH_CACHE DEFAULT)
  TABLESPACE "EC4DTS" ;
--------------------------------------------------------
--  DDL for Table COMTNCLUB
--------------------------------------------------------

  CREATE TABLE "EC4USER"."COMTNCLUB" 
   (	"CLB_ID" CHAR(20 BYTE), 
	"CMMNTY_ID" CHAR(20 BYTE), 
	"CLB_NM" VARCHAR2(255 BYTE), 
	"CLB_INTRCN" VARCHAR2(2400 BYTE), 
	"USE_AT" CHAR(1 BYTE), 
	"REGIST_SE_CODE" CHAR(6 BYTE), 
	"TMPLAT_ID" CHAR(20 BYTE), 
	"FRST_REGIST_PNTTM" DATE, 
	"FRST_REGISTER_ID" VARCHAR2(20 BYTE), 
	"LAST_UPDT_PNTTM" DATE, 
	"LAST_UPDUSR_ID" VARCHAR2(20 BYTE)
   ) SEGMENT CREATION IMMEDIATE 
  PCTFREE 10 PCTUSED 40 INITRANS 1 MAXTRANS 255 NOCOMPRESS LOGGING
  STORAGE(INITIAL 65536 NEXT 1048576 MINEXTENTS 1 MAXEXTENTS 2147483645
  PCTINCREASE 0 FREELISTS 1 FREELIST GROUPS 1 BUFFER_POOL DEFAULT FLASH_CACHE DEFAULT CELL_FLASH_CACHE DEFAULT)
  TABLESPACE "EC4DTS" ;
--------------------------------------------------------
--  DDL for Table COMTNCMMNTY
--------------------------------------------------------

  CREATE TABLE "EC4USER"."COMTNCMMNTY" 
   (	"CMMNTY_ID" CHAR(20 BYTE), 
	"CMMNTY_NM" VARCHAR2(255 BYTE), 
	"CMMNTY_INTRCN" VARCHAR2(2400 BYTE), 
	"USE_AT" CHAR(1 BYTE), 
	"REGIST_SE_CODE" CHAR(6 BYTE), 
	"TMPLAT_ID" CHAR(20 BYTE), 
	"FRST_REGIST_PNTTM" DATE, 
	"FRST_REGISTER_ID" VARCHAR2(20 BYTE), 
	"LAST_UPDT_PNTTM" DATE, 
	"LAST_UPDUSR_ID" VARCHAR2(20 BYTE)
   ) SEGMENT CREATION IMMEDIATE 
  PCTFREE 10 PCTUSED 40 INITRANS 1 MAXTRANS 255 NOCOMPRESS LOGGING
  STORAGE(INITIAL 65536 NEXT 1048576 MINEXTENTS 1 MAXEXTENTS 2147483645
  PCTINCREASE 0 FREELISTS 1 FREELIST GROUPS 1 BUFFER_POOL DEFAULT FLASH_CACHE DEFAULT CELL_FLASH_CACHE DEFAULT)
  TABLESPACE "EC4DTS" ;
--------------------------------------------------------
--  DDL for Table COMTNCOMMENT
--------------------------------------------------------

  CREATE TABLE "EC4USER"."COMTNCOMMENT" 
   (	"NTT_ID" NUMBER(20,0), 
	"BBS_ID" CHAR(20 BYTE), 
	"ANSWER_NO" NUMBER(20,0), 
	"WRTER_ID" VARCHAR2(20 BYTE), 
	"WRTER_NM" VARCHAR2(20 BYTE), 
	"ANSWER" VARCHAR2(200 BYTE), 
	"USE_AT" CHAR(1 BYTE), 
	"FRST_REGIST_PNTTM" DATE, 
	"FRST_REGISTER_ID" VARCHAR2(20 BYTE), 
	"LAST_UPDT_PNTTM" DATE, 
	"LAST_UPDUSR_ID" VARCHAR2(20 BYTE), 
	"PASSWORD" VARCHAR2(200 BYTE)
   ) SEGMENT CREATION IMMEDIATE 
  PCTFREE 10 PCTUSED 40 INITRANS 1 MAXTRANS 255 NOCOMPRESS LOGGING
  STORAGE(INITIAL 65536 NEXT 1048576 MINEXTENTS 1 MAXEXTENTS 2147483645
  PCTINCREASE 0 FREELISTS 1 FREELIST GROUPS 1 BUFFER_POOL DEFAULT FLASH_CACHE DEFAULT CELL_FLASH_CACHE DEFAULT)
  TABLESPACE "EC4DTS" ;
--------------------------------------------------------
--  DDL for Table COMTNEMPLYRINFO
--------------------------------------------------------

  CREATE TABLE "EC4USER"."COMTNEMPLYRINFO" 
   (	"EMPLYR_ID" VARCHAR2(20 BYTE), 
	"ORGNZT_ID" CHAR(20 BYTE), 
	"USER_NM" VARCHAR2(60 BYTE), 
	"PASSWORD" VARCHAR2(200 BYTE), 
	"EMPL_NO" VARCHAR2(20 BYTE), 
	"IHIDNUM" VARCHAR2(200 BYTE), 
	"SEXDSTN_CODE" CHAR(1 BYTE), 
	"BRTHDY" CHAR(20 BYTE), 
	"FXNUM" VARCHAR2(20 BYTE), 
	"HOUSE_ADRES" VARCHAR2(100 BYTE), 
	"PASSWORD_HINT" VARCHAR2(100 BYTE), 
	"PASSWORD_CNSR" VARCHAR2(100 BYTE), 
	"HOUSE_END_TELNO" VARCHAR2(4 BYTE), 
	"AREA_NO" VARCHAR2(4 BYTE), 
	"DETAIL_ADRES" VARCHAR2(100 BYTE), 
	"ZIP" VARCHAR2(6 BYTE), 
	"OFFM_TELNO" VARCHAR2(20 BYTE), 
	"MBTLNUM" VARCHAR2(20 BYTE), 
	"EMAIL_ADRES" VARCHAR2(50 BYTE), 
	"OFCPS_NM" VARCHAR2(60 BYTE), 
	"HOUSE_MIDDLE_TELNO" VARCHAR2(4 BYTE), 
	"GROUP_ID" CHAR(20 BYTE), 
	"PSTINST_CODE" CHAR(8 BYTE), 
	"EMPLYR_STTUS_CODE" CHAR(1 BYTE), 
	"ESNTL_ID" CHAR(20 BYTE), 
	"CRTFC_DN_VALUE" VARCHAR2(100 BYTE), 
	"SBSCRB_DE" DATE
   ) SEGMENT CREATION IMMEDIATE 
  PCTFREE 10 PCTUSED 40 INITRANS 1 MAXTRANS 255 NOCOMPRESS LOGGING
  STORAGE(INITIAL 65536 NEXT 1048576 MINEXTENTS 1 MAXEXTENTS 2147483645
  PCTINCREASE 0 FREELISTS 1 FREELIST GROUPS 1 BUFFER_POOL DEFAULT FLASH_CACHE DEFAULT CELL_FLASH_CACHE DEFAULT)
  TABLESPACE "EC4DTS" ;
--------------------------------------------------------
--  DDL for Table COMTNEMPLYRSCRTYESTBS
--------------------------------------------------------

  CREATE TABLE "EC4USER"."COMTNEMPLYRSCRTYESTBS" 
   (	"SCRTY_DTRMN_TRGET_ID" VARCHAR2(20 BYTE), 
	"MBER_TY_CODE" CHAR(5 BYTE), 
	"AUTHOR_CODE" VARCHAR2(30 BYTE)
   ) SEGMENT CREATION IMMEDIATE 
  PCTFREE 10 PCTUSED 40 INITRANS 1 MAXTRANS 255 NOCOMPRESS LOGGING
  STORAGE(INITIAL 65536 NEXT 1048576 MINEXTENTS 1 MAXEXTENTS 2147483645
  PCTINCREASE 0 FREELISTS 1 FREELIST GROUPS 1 BUFFER_POOL DEFAULT FLASH_CACHE DEFAULT CELL_FLASH_CACHE DEFAULT)
  TABLESPACE "EC4DTS" ;
--------------------------------------------------------
--  DDL for Table COMTNENTRPRSMBER
--------------------------------------------------------

  CREATE TABLE "EC4USER"."COMTNENTRPRSMBER" 
   (	"ENTRPRS_MBER_ID" VARCHAR2(20 BYTE), 
	"ENTRPRS_SE_CODE" CHAR(8 BYTE), 
	"BIZRNO" VARCHAR2(10 BYTE), 
	"JURIRNO" VARCHAR2(13 BYTE), 
	"CMPNY_NM" VARCHAR2(60 BYTE), 
	"CXFC" VARCHAR2(50 BYTE), 
	"ZIP" VARCHAR2(6 BYTE), 
	"ADRES" VARCHAR2(100 BYTE), 
	"ENTRPRS_MIDDLE_TELNO" VARCHAR2(4 BYTE), 
	"FXNUM" VARCHAR2(20 BYTE), 
	"INDUTY_CODE" CHAR(1 BYTE), 
	"APPLCNT_NM" VARCHAR2(50 BYTE), 
	"APPLCNT_IHIDNUM" VARCHAR2(200 BYTE), 
	"SBSCRB_DE" DATE, 
	"ENTRPRS_MBER_STTUS" VARCHAR2(15 BYTE), 
	"ENTRPRS_MBER_PASSWORD" VARCHAR2(200 BYTE), 
	"ENTRPRS_MBER_PASSWORD_HINT" VARCHAR2(100 BYTE), 
	"ENTRPRS_MBER_PASSWORD_CNSR" VARCHAR2(100 BYTE), 
	"GROUP_ID" CHAR(20 BYTE), 
	"DETAIL_ADRES" VARCHAR2(100 BYTE), 
	"ENTRPRS_END_TELNO" VARCHAR2(4 BYTE), 
	"AREA_NO" VARCHAR2(4 BYTE), 
	"APPLCNT_EMAIL_ADRES" VARCHAR2(50 BYTE), 
	"ESNTL_ID" CHAR(20 BYTE)
   ) SEGMENT CREATION IMMEDIATE 
  PCTFREE 10 PCTUSED 40 INITRANS 1 MAXTRANS 255 NOCOMPRESS LOGGING
  STORAGE(INITIAL 65536 NEXT 1048576 MINEXTENTS 1 MAXEXTENTS 2147483645
  PCTINCREASE 0 FREELISTS 1 FREELIST GROUPS 1 BUFFER_POOL DEFAULT FLASH_CACHE DEFAULT CELL_FLASH_CACHE DEFAULT)
  TABLESPACE "EC4DTS" ;
--------------------------------------------------------
--  DDL for Table COMTNFILE
--------------------------------------------------------

  CREATE TABLE "EC4USER"."COMTNFILE" 
   (	"ATCH_FILE_ID" CHAR(20 BYTE), 
	"CREAT_DT" DATE, 
	"USE_AT" CHAR(1 BYTE)
   ) SEGMENT CREATION IMMEDIATE 
  PCTFREE 10 PCTUSED 40 INITRANS 1 MAXTRANS 255 NOCOMPRESS LOGGING
  STORAGE(INITIAL 65536 NEXT 1048576 MINEXTENTS 1 MAXEXTENTS 2147483645
  PCTINCREASE 0 FREELISTS 1 FREELIST GROUPS 1 BUFFER_POOL DEFAULT FLASH_CACHE DEFAULT CELL_FLASH_CACHE DEFAULT)
  TABLESPACE "EC4DTS" ;
--------------------------------------------------------
--  DDL for Table COMTNFILEDETAIL
--------------------------------------------------------

  CREATE TABLE "EC4USER"."COMTNFILEDETAIL" 
   (	"ATCH_FILE_ID" CHAR(20 BYTE), 
	"FILE_SN" NUMBER(10,0), 
	"FILE_STRE_COURS" VARCHAR2(2000 BYTE), 
	"STRE_FILE_NM" VARCHAR2(255 BYTE), 
	"ORIGNL_FILE_NM" VARCHAR2(255 BYTE), 
	"FILE_EXTSN" VARCHAR2(20 BYTE), 
	"FILE_CN" CLOB, 
	"FILE_SIZE" NUMBER(8,0)
   ) SEGMENT CREATION IMMEDIATE 
  PCTFREE 10 PCTUSED 40 INITRANS 1 MAXTRANS 255 NOCOMPRESS LOGGING
  STORAGE(INITIAL 65536 NEXT 1048576 MINEXTENTS 1 MAXEXTENTS 2147483645
  PCTINCREASE 0 FREELISTS 1 FREELIST GROUPS 1 BUFFER_POOL DEFAULT FLASH_CACHE DEFAULT CELL_FLASH_CACHE DEFAULT)
  TABLESPACE "EC4DTS" 
 LOB ("FILE_CN") STORE AS BASICFILE (
  TABLESPACE "EC4DTS" ENABLE STORAGE IN ROW CHUNK 8192 RETENTION 
  NOCACHE LOGGING 
  STORAGE(INITIAL 65536 NEXT 1048576 MINEXTENTS 1 MAXEXTENTS 2147483645
  PCTINCREASE 0 FREELISTS 1 FREELIST GROUPS 1 BUFFER_POOL DEFAULT FLASH_CACHE DEFAULT CELL_FLASH_CACHE DEFAULT)) ;
--------------------------------------------------------
--  DDL for Table COMTNGNRLMBER
--------------------------------------------------------

  CREATE TABLE "EC4USER"."COMTNGNRLMBER" 
   (	"MBER_ID" VARCHAR2(20 BYTE), 
	"PASSWORD" VARCHAR2(200 BYTE), 
	"PASSWORD_HINT" VARCHAR2(100 BYTE), 
	"PASSWORD_CNSR" VARCHAR2(100 BYTE), 
	"IHIDNUM" VARCHAR2(200 BYTE), 
	"MBER_NM" VARCHAR2(50 BYTE), 
	"ZIP" VARCHAR2(6 BYTE), 
	"ADRES" VARCHAR2(100 BYTE), 
	"AREA_NO" VARCHAR2(4 BYTE), 
	"MBER_STTUS" VARCHAR2(15 BYTE), 
	"DETAIL_ADRES" VARCHAR2(100 BYTE), 
	"END_TELNO" VARCHAR2(4 BYTE), 
	"MBTLNUM" VARCHAR2(20 BYTE), 
	"GROUP_ID" CHAR(20 BYTE), 
	"MBER_FXNUM" VARCHAR2(20 BYTE), 
	"MBER_EMAIL_ADRES" VARCHAR2(50 BYTE), 
	"MIDDLE_TELNO" VARCHAR2(4 BYTE), 
	"SBSCRB_DE" DATE, 
	"SEXDSTN_CODE" CHAR(1 BYTE), 
	"ESNTL_ID" CHAR(20 BYTE)
   ) SEGMENT CREATION IMMEDIATE 
  PCTFREE 10 PCTUSED 40 INITRANS 1 MAXTRANS 255 NOCOMPRESS LOGGING
  STORAGE(INITIAL 65536 NEXT 1048576 MINEXTENTS 1 MAXEXTENTS 2147483645
  PCTINCREASE 0 FREELISTS 1 FREELIST GROUPS 1 BUFFER_POOL DEFAULT FLASH_CACHE DEFAULT CELL_FLASH_CACHE DEFAULT)
  TABLESPACE "EC4DTS" ;
--------------------------------------------------------
--  DDL for Table COMTNLOGINSCRINIMAGE
--------------------------------------------------------

  CREATE TABLE "EC4USER"."COMTNLOGINSCRINIMAGE" 
   (	"IMAGE_ID" CHAR(20 BYTE), 
	"IMAGE_NM" VARCHAR2(20 BYTE), 
	"REFLCT_AT" CHAR(1 BYTE), 
	"IMAGE" VARCHAR2(60 BYTE), 
	"IMAGE_DC" VARCHAR2(200 BYTE), 
	"FRST_REGISTER_ID" VARCHAR2(20 BYTE), 
	"FRST_REGIST_PNTTM" DATE, 
	"LAST_UPDUSR_ID" VARCHAR2(20 BYTE), 
	"LAST_UPDT_PNTTM" DATE, 
	"IMAGE_FILE" VARCHAR2(60 BYTE)
   ) SEGMENT CREATION IMMEDIATE 
  PCTFREE 10 PCTUSED 40 INITRANS 1 MAXTRANS 255 NOCOMPRESS LOGGING
  STORAGE(INITIAL 65536 NEXT 1048576 MINEXTENTS 1 MAXEXTENTS 2147483645
  PCTINCREASE 0 FREELISTS 1 FREELIST GROUPS 1 BUFFER_POOL DEFAULT FLASH_CACHE DEFAULT CELL_FLASH_CACHE DEFAULT)
  TABLESPACE "EC4DTS" ;
--------------------------------------------------------
--  DDL for Table COMTNMENUCREATDTLS
--------------------------------------------------------

  CREATE TABLE "EC4USER"."COMTNMENUCREATDTLS" 
   (	"MENU_NO" NUMBER(20,0), 
	"AUTHOR_CODE" VARCHAR2(30 BYTE), 
	"MAPNG_CREAT_ID" VARCHAR2(30 BYTE)
   ) SEGMENT CREATION IMMEDIATE 
  PCTFREE 10 PCTUSED 40 INITRANS 1 MAXTRANS 255 NOCOMPRESS LOGGING
  STORAGE(INITIAL 65536 NEXT 1048576 MINEXTENTS 1 MAXEXTENTS 2147483645
  PCTINCREASE 0 FREELISTS 1 FREELIST GROUPS 1 BUFFER_POOL DEFAULT FLASH_CACHE DEFAULT CELL_FLASH_CACHE DEFAULT)
  TABLESPACE "EC4DTS" ;
--------------------------------------------------------
--  DDL for Table COMTNMENUINFO
--------------------------------------------------------

  CREATE TABLE "EC4USER"."COMTNMENUINFO" 
   (	"MENU_NM" VARCHAR2(60 BYTE), 
	"PROGRM_FILE_NM" VARCHAR2(60 BYTE), 
	"MENU_NO" NUMBER(20,0), 
	"UPPER_MENU_NO" NUMBER(20,0), 
	"MENU_ORDR" NUMBER(5,0), 
	"MENU_DC" VARCHAR2(250 BYTE), 
	"RELATE_IMAGE_PATH" VARCHAR2(100 BYTE), 
	"RELATE_IMAGE_NM" VARCHAR2(60 BYTE), 
	"ICON_CLASS_NM" VARCHAR2(255 BYTE)
   ) SEGMENT CREATION IMMEDIATE 
  PCTFREE 10 PCTUSED 40 INITRANS 1 MAXTRANS 255 NOCOMPRESS LOGGING
  STORAGE(INITIAL 65536 NEXT 1048576 MINEXTENTS 1 MAXEXTENTS 2147483645
  PCTINCREASE 0 FREELISTS 1 FREELIST GROUPS 1 BUFFER_POOL DEFAULT FLASH_CACHE DEFAULT CELL_FLASH_CACHE DEFAULT)
  TABLESPACE "EC4DTS" ;
--------------------------------------------------------
--  DDL for Table COMTNORGNZTINFO
--------------------------------------------------------

  CREATE TABLE "EC4USER"."COMTNORGNZTINFO" 
   (	"ORGNZT_ID" CHAR(20 BYTE), 
	"ORGNZT_NM" VARCHAR2(20 BYTE), 
	"ORGNZT_DC" VARCHAR2(100 BYTE)
   ) SEGMENT CREATION IMMEDIATE 
  PCTFREE 10 PCTUSED 40 INITRANS 1 MAXTRANS 255 NOCOMPRESS LOGGING
  STORAGE(INITIAL 65536 NEXT 1048576 MINEXTENTS 1 MAXEXTENTS 2147483645
  PCTINCREASE 0 FREELISTS 1 FREELIST GROUPS 1 BUFFER_POOL DEFAULT FLASH_CACHE DEFAULT CELL_FLASH_CACHE DEFAULT)
  TABLESPACE "EC4DTS" ;
--------------------------------------------------------
--  DDL for Table COMTNPROGRMLIST
--------------------------------------------------------

  CREATE TABLE "EC4USER"."COMTNPROGRMLIST" 
   (	"PROGRM_FILE_NM" VARCHAR2(60 BYTE), 
	"PROGRM_STRE_PATH" VARCHAR2(100 BYTE), 
	"PROGRM_KOREAN_NM" VARCHAR2(60 BYTE), 
	"PROGRM_DC" VARCHAR2(200 BYTE), 
	"URL" VARCHAR2(100 BYTE)
   ) SEGMENT CREATION IMMEDIATE 
  PCTFREE 10 PCTUSED 40 INITRANS 1 MAXTRANS 255 NOCOMPRESS LOGGING
  STORAGE(INITIAL 65536 NEXT 1048576 MINEXTENTS 1 MAXEXTENTS 2147483645
  PCTINCREASE 0 FREELISTS 1 FREELIST GROUPS 1 BUFFER_POOL DEFAULT FLASH_CACHE DEFAULT CELL_FLASH_CACHE DEFAULT)
  TABLESPACE "EC4DTS" ;
--------------------------------------------------------
--  DDL for Table COMTNRESTDE
--------------------------------------------------------

  CREATE TABLE "EC4USER"."COMTNRESTDE" 
   (	"RESTDE_NO" NUMBER(6,0), 
	"RESTDE" CHAR(8 BYTE), 
	"RESTDE_NM" VARCHAR2(60 BYTE), 
	"RESTDE_DC" VARCHAR2(200 BYTE), 
	"RESTDE_SE_CODE" VARCHAR2(2 BYTE), 
	"FRST_REGIST_PNTTM" DATE, 
	"FRST_REGISTER_ID" VARCHAR2(20 BYTE), 
	"LAST_UPDT_PNTTM" DATE, 
	"LAST_UPDUSR_ID" VARCHAR2(20 BYTE)
   ) SEGMENT CREATION IMMEDIATE 
  PCTFREE 10 PCTUSED 40 INITRANS 1 MAXTRANS 255 NOCOMPRESS LOGGING
  STORAGE(INITIAL 65536 NEXT 1048576 MINEXTENTS 1 MAXEXTENTS 2147483645
  PCTINCREASE 0 FREELISTS 1 FREELIST GROUPS 1 BUFFER_POOL DEFAULT FLASH_CACHE DEFAULT CELL_FLASH_CACHE DEFAULT)
  TABLESPACE "EC4DTS" ;
--------------------------------------------------------
--  DDL for Table COMTNROLEINFO
--------------------------------------------------------

  CREATE TABLE "EC4USER"."COMTNROLEINFO" 
   (	"ROLE_CODE" VARCHAR2(50 BYTE), 
	"ROLE_NM" VARCHAR2(60 BYTE), 
	"ROLE_PTTRN" VARCHAR2(300 BYTE), 
	"ROLE_DC" VARCHAR2(200 BYTE), 
	"ROLE_TY" VARCHAR2(80 BYTE), 
	"ROLE_SORT" VARCHAR2(10 BYTE), 
	"ROLE_CREAT_DE" CHAR(20 BYTE)
   ) SEGMENT CREATION IMMEDIATE 
  PCTFREE 10 PCTUSED 40 INITRANS 1 MAXTRANS 255 NOCOMPRESS LOGGING
  STORAGE(INITIAL 65536 NEXT 1048576 MINEXTENTS 1 MAXEXTENTS 2147483645
  PCTINCREASE 0 FREELISTS 1 FREELIST GROUPS 1 BUFFER_POOL DEFAULT FLASH_CACHE DEFAULT CELL_FLASH_CACHE DEFAULT)
  TABLESPACE "EC4DTS" ;
--------------------------------------------------------
--  DDL for Table COMTNROLES_HIERARCHY
--------------------------------------------------------

  CREATE TABLE "EC4USER"."COMTNROLES_HIERARCHY" 
   (	"PARNTS_ROLE" VARCHAR2(30 BYTE), 
	"CHLDRN_ROLE" VARCHAR2(30 BYTE)
   ) SEGMENT CREATION IMMEDIATE 
  PCTFREE 10 PCTUSED 40 INITRANS 1 MAXTRANS 255 NOCOMPRESS LOGGING
  STORAGE(INITIAL 65536 NEXT 1048576 MINEXTENTS 1 MAXEXTENTS 2147483645
  PCTINCREASE 0 FREELISTS 1 FREELIST GROUPS 1 BUFFER_POOL DEFAULT FLASH_CACHE DEFAULT CELL_FLASH_CACHE DEFAULT)
  TABLESPACE "EC4DTS" ;
--------------------------------------------------------
--  DDL for Table COMTNSITEMAP
--------------------------------------------------------

  CREATE TABLE "EC4USER"."COMTNSITEMAP" 
   (	"MAPNG_CREAT_ID" VARCHAR2(30 BYTE), 
	"CREATR_ID" VARCHAR2(20 BYTE), 
	"MAPNG_FILE_NM" VARCHAR2(60 BYTE), 
	"MAPNG_FILE_PATH" VARCHAR2(100 BYTE)
   ) SEGMENT CREATION IMMEDIATE 
  PCTFREE 10 PCTUSED 40 INITRANS 1 MAXTRANS 255 NOCOMPRESS LOGGING
  STORAGE(INITIAL 65536 NEXT 1048576 MINEXTENTS 1 MAXEXTENTS 2147483645
  PCTINCREASE 0 FREELISTS 1 FREELIST GROUPS 1 BUFFER_POOL DEFAULT FLASH_CACHE DEFAULT CELL_FLASH_CACHE DEFAULT)
  TABLESPACE "EC4DTS" ;
--------------------------------------------------------
--  DDL for Table COMTNSTPLATINFO
--------------------------------------------------------

  CREATE TABLE "EC4USER"."COMTNSTPLATINFO" 
   (	"USE_STPLAT_ID" CHAR(20 BYTE), 
	"USE_STPLAT_NM" VARCHAR2(100 BYTE), 
	"USE_STPLAT_CN" CLOB, 
	"INFO_PROVD_AGRE_CN" CLOB, 
	"FRST_REGIST_PNTTM" DATE, 
	"FRST_REGISTER_ID" VARCHAR2(20 BYTE), 
	"LAST_UPDT_PNTTM" DATE, 
	"LAST_UPDUSR_ID" VARCHAR2(20 BYTE)
   ) SEGMENT CREATION IMMEDIATE 
  PCTFREE 10 PCTUSED 40 INITRANS 1 MAXTRANS 255 NOCOMPRESS LOGGING
  STORAGE(INITIAL 65536 NEXT 1048576 MINEXTENTS 1 MAXEXTENTS 2147483645
  PCTINCREASE 0 FREELISTS 1 FREELIST GROUPS 1 BUFFER_POOL DEFAULT FLASH_CACHE DEFAULT CELL_FLASH_CACHE DEFAULT)
  TABLESPACE "EC4DTS" 
 LOB ("USE_STPLAT_CN") STORE AS BASICFILE (
  TABLESPACE "EC4DTS" ENABLE STORAGE IN ROW CHUNK 8192 RETENTION 
  NOCACHE LOGGING 
  STORAGE(INITIAL 65536 NEXT 1048576 MINEXTENTS 1 MAXEXTENTS 2147483645
  PCTINCREASE 0 FREELISTS 1 FREELIST GROUPS 1 BUFFER_POOL DEFAULT FLASH_CACHE DEFAULT CELL_FLASH_CACHE DEFAULT)) 
 LOB ("INFO_PROVD_AGRE_CN") STORE AS BASICFILE (
  TABLESPACE "EC4DTS" ENABLE STORAGE IN ROW CHUNK 8192 RETENTION 
  NOCACHE LOGGING 
  STORAGE(INITIAL 65536 NEXT 1048576 MINEXTENTS 1 MAXEXTENTS 2147483645
  PCTINCREASE 0 FREELISTS 1 FREELIST GROUPS 1 BUFFER_POOL DEFAULT FLASH_CACHE DEFAULT CELL_FLASH_CACHE DEFAULT)) ;
--------------------------------------------------------
--  DDL for Table COMTNTMPLATINFO
--------------------------------------------------------

  CREATE TABLE "EC4USER"."COMTNTMPLATINFO" 
   (	"TMPLAT_ID" CHAR(20 BYTE), 
	"TMPLAT_NM" VARCHAR2(255 BYTE), 
	"TMPLAT_COURS" VARCHAR2(2000 BYTE), 
	"USE_AT" CHAR(1 BYTE), 
	"TMPLAT_SE_CODE" CHAR(6 BYTE), 
	"FRST_REGISTER_ID" VARCHAR2(20 BYTE), 
	"FRST_REGIST_PNTTM" DATE, 
	"LAST_UPDUSR_ID" VARCHAR2(20 BYTE), 
	"LAST_UPDT_PNTTM" DATE
   ) SEGMENT CREATION IMMEDIATE 
  PCTFREE 10 PCTUSED 40 INITRANS 1 MAXTRANS 255 NOCOMPRESS LOGGING
  STORAGE(INITIAL 65536 NEXT 1048576 MINEXTENTS 1 MAXEXTENTS 2147483645
  PCTINCREASE 0 FREELISTS 1 FREELIST GROUPS 1 BUFFER_POOL DEFAULT FLASH_CACHE DEFAULT CELL_FLASH_CACHE DEFAULT)
  TABLESPACE "EC4DTS" ;
--------------------------------------------------------
--  DDL for Table COMTRDNMADRZIP
--------------------------------------------------------

  CREATE TABLE "EC4USER"."COMTRDNMADRZIP" 
   (	"RDMN_CODE" VARCHAR2(12 BYTE), 
	"SN" NUMBER(10,0), 
	"CTPRVN_NM" VARCHAR2(20 BYTE), 
	"SIGNGU_NM" VARCHAR2(20 BYTE), 
	"RDMN" VARCHAR2(60 BYTE), 
	"BDNBR_MNNM" VARCHAR2(5 BYTE), 
	"BDNBR_SLNO" VARCHAR2(5 BYTE), 
	"BULD_NM" VARCHAR2(60 BYTE), 
	"DETAIL_BULD_NM" VARCHAR2(60 BYTE), 
	"ZIP" VARCHAR2(6 BYTE), 
	"FRST_REGIST_PNTTM" DATE, 
	"FRST_REGISTER_ID" VARCHAR2(20 BYTE), 
	"LAST_UPDT_PNTTM" DATE, 
	"LAST_UPDUSR_ID" VARCHAR2(20 BYTE)
   ) SEGMENT CREATION IMMEDIATE 
  PCTFREE 10 PCTUSED 40 INITRANS 1 MAXTRANS 255 NOCOMPRESS LOGGING
  STORAGE(INITIAL 65536 NEXT 1048576 MINEXTENTS 1 MAXEXTENTS 2147483645
  PCTINCREASE 0 FREELISTS 1 FREELIST GROUPS 1 BUFFER_POOL DEFAULT FLASH_CACHE DEFAULT CELL_FLASH_CACHE DEFAULT)
  TABLESPACE "EC4DTS" ;
--------------------------------------------------------
--  DDL for Table J_ATTACHFILE
--------------------------------------------------------

  CREATE TABLE "EC4USER"."J_ATTACHFILE" 
   (	"FILE_ID" VARCHAR2(13 BYTE), 
	"FILE_SEQ" NUMBER(*,0), 
	"FILE_NAME" VARCHAR2(100 BYTE), 
	"FILE_SIZE" NUMBER(*,0), 
	"FILE_MASK" VARCHAR2(100 BYTE), 
	"DOWNLOAD_COUNT" NUMBER(*,0), 
	"DOWNLOAD_EXPIRE_DATE" VARCHAR2(8 BYTE), 
	"DOWNLOAD_LIMIT_COUNT" NUMBER(*,0), 
	"REG_DATE" DATE, 
	"DELETE_YN" VARCHAR2(1 BYTE)
   ) SEGMENT CREATION IMMEDIATE 
  PCTFREE 10 PCTUSED 40 INITRANS 1 MAXTRANS 255 NOCOMPRESS LOGGING
  STORAGE(INITIAL 65536 NEXT 1048576 MINEXTENTS 1 MAXEXTENTS 2147483645
  PCTINCREASE 0 FREELISTS 1 FREELIST GROUPS 1 BUFFER_POOL DEFAULT FLASH_CACHE DEFAULT CELL_FLASH_CACHE DEFAULT)
  TABLESPACE "EC4DTS" ;
REM INSERTING into EC4USER.COMTCCMMNCLCODE
SET DEFINE OFF;
Insert into EC4USER.COMTCCMMNCLCODE (CL_CODE,CL_CODE_NM,CL_CODE_DC,USE_AT,FRST_REGIST_PNTTM,FRST_REGISTER_ID,LAST_UPDT_PNTTM,LAST_UPDUSR_ID) values ('EFC','전자정부 프레임워크 공통서비스','전자정부 프레임워크 공통서비스','Y',to_date('18/04/03','RR/MM/DD'),'SYSTEM',to_date('18/04/03','RR/MM/DD'),'SYSTEM');
REM INSERTING into EC4USER.COMTCCMMNCODE
SET DEFINE OFF;
Insert into EC4USER.COMTCCMMNCODE (CODE_ID,CODE_ID_NM,CODE_ID_DC,USE_AT,CL_CODE,FRST_REGIST_PNTTM,FRST_REGISTER_ID,LAST_UPDT_PNTTM,LAST_UPDUSR_ID) values ('COM001','등록구분','게시판, 커뮤니티, 동호회 등록구분코드','Y','EFC',to_date('18/04/03','RR/MM/DD'),'SYSTEM',to_date('18/04/03','RR/MM/DD'),'SYSTEM');
Insert into EC4USER.COMTCCMMNCODE (CODE_ID,CODE_ID_NM,CODE_ID_DC,USE_AT,CL_CODE,FRST_REGIST_PNTTM,FRST_REGISTER_ID,LAST_UPDT_PNTTM,LAST_UPDUSR_ID) values ('COM002','이력구분','시스템이력등록구분','Y','EFC',to_date('18/04/03','RR/MM/DD'),'SYSTEM',to_date('18/04/03','RR/MM/DD'),'SYSTEM');
Insert into EC4USER.COMTCCMMNCODE (CODE_ID,CODE_ID_NM,CODE_ID_DC,USE_AT,CL_CODE,FRST_REGIST_PNTTM,FRST_REGISTER_ID,LAST_UPDT_PNTTM,LAST_UPDUSR_ID) values ('COM003','업무구분','업무구분코드','Y','EFC',to_date('18/04/03','RR/MM/DD'),'SYSTEM',to_date('18/04/03','RR/MM/DD'),'SYSTEM');
Insert into EC4USER.COMTCCMMNCODE (CODE_ID,CODE_ID_NM,CODE_ID_DC,USE_AT,CL_CODE,FRST_REGIST_PNTTM,FRST_REGISTER_ID,LAST_UPDT_PNTTM,LAST_UPDUSR_ID) values ('COM004','게시판유형','게시판유형구분코드','Y','EFC',to_date('18/04/03','RR/MM/DD'),'SYSTEM',to_date('18/04/03','RR/MM/DD'),'SYSTEM');
Insert into EC4USER.COMTCCMMNCODE (CODE_ID,CODE_ID_NM,CODE_ID_DC,USE_AT,CL_CODE,FRST_REGIST_PNTTM,FRST_REGISTER_ID,LAST_UPDT_PNTTM,LAST_UPDUSR_ID) values ('COM005','템플릿유형','템플릿유형구분코드','Y','EFC',to_date('18/04/03','RR/MM/DD'),'SYSTEM',to_date('18/04/03','RR/MM/DD'),'SYSTEM');
Insert into EC4USER.COMTCCMMNCODE (CODE_ID,CODE_ID_NM,CODE_ID_DC,USE_AT,CL_CODE,FRST_REGIST_PNTTM,FRST_REGISTER_ID,LAST_UPDT_PNTTM,LAST_UPDUSR_ID) values ('COM006','승인유형','동호회, 커뮤니티 승인 유형','Y','EFC',to_date('18/04/03','RR/MM/DD'),'SYSTEM',to_date('18/04/03','RR/MM/DD'),'SYSTEM');
Insert into EC4USER.COMTCCMMNCODE (CODE_ID,CODE_ID_NM,CODE_ID_DC,USE_AT,CL_CODE,FRST_REGIST_PNTTM,FRST_REGISTER_ID,LAST_UPDT_PNTTM,LAST_UPDUSR_ID) values ('COM007','승인상태','동호회, 커뮤니티 승인 상태','Y','EFC',to_date('18/04/03','RR/MM/DD'),'SYSTEM',to_date('18/04/03','RR/MM/DD'),'SYSTEM');
Insert into EC4USER.COMTCCMMNCODE (CODE_ID,CODE_ID_NM,CODE_ID_DC,USE_AT,CL_CODE,FRST_REGIST_PNTTM,FRST_REGISTER_ID,LAST_UPDT_PNTTM,LAST_UPDUSR_ID) values ('COM008','처리상태','송수신 요청의 처리상태','Y','EFC',to_date('18/04/03','RR/MM/DD'),'SYSTEM',to_date('18/04/03','RR/MM/DD'),'SYSTEM');
Insert into EC4USER.COMTCCMMNCODE (CODE_ID,CODE_ID_NM,CODE_ID_DC,USE_AT,CL_CODE,FRST_REGIST_PNTTM,FRST_REGISTER_ID,LAST_UPDT_PNTTM,LAST_UPDUSR_ID) values ('COM009','게시판속성','게시판 속성','Y','EFC',to_date('18/04/03','RR/MM/DD'),'SYSTEM',to_date('18/04/03','RR/MM/DD'),'SYSTEM');
Insert into EC4USER.COMTCCMMNCODE (CODE_ID,CODE_ID_NM,CODE_ID_DC,USE_AT,CL_CODE,FRST_REGIST_PNTTM,FRST_REGISTER_ID,LAST_UPDT_PNTTM,LAST_UPDUSR_ID) values ('COM010','권한유형','시스템을 사용하기 위한 권한 구분','Y','EFC',to_date('18/04/03','RR/MM/DD'),'SYSTEM',to_date('18/04/03','RR/MM/DD'),'SYSTEM');
Insert into EC4USER.COMTCCMMNCODE (CODE_ID,CODE_ID_NM,CODE_ID_DC,USE_AT,CL_CODE,FRST_REGIST_PNTTM,FRST_REGISTER_ID,LAST_UPDT_PNTTM,LAST_UPDUSR_ID) values ('COM011','롤유형','시스템의 기능을 사용하기 위한 롤 구분','Y','EFC',to_date('18/04/03','RR/MM/DD'),'SYSTEM',to_date('18/04/03','RR/MM/DD'),'SYSTEM');
Insert into EC4USER.COMTCCMMNCODE (CODE_ID,CODE_ID_NM,CODE_ID_DC,USE_AT,CL_CODE,FRST_REGIST_PNTTM,FRST_REGISTER_ID,LAST_UPDT_PNTTM,LAST_UPDUSR_ID) values ('COM012','회원유형','일반/기업/업무담당자를 구현하기 위한 사용자 구분','Y','EFC',to_date('18/04/03','RR/MM/DD'),'SYSTEM',to_date('18/04/03','RR/MM/DD'),'SYSTEM');
Insert into EC4USER.COMTCCMMNCODE (CODE_ID,CODE_ID_NM,CODE_ID_DC,USE_AT,CL_CODE,FRST_REGIST_PNTTM,FRST_REGISTER_ID,LAST_UPDT_PNTTM,LAST_UPDUSR_ID) values ('COM013','회원상태','회원 가입 신청/승인/삭제를 위한 상태 구분','Y','EFC',to_date('18/04/03','RR/MM/DD'),'SYSTEM',to_date('18/04/03','RR/MM/DD'),'SYSTEM');
Insert into EC4USER.COMTCCMMNCODE (CODE_ID,CODE_ID_NM,CODE_ID_DC,USE_AT,CL_CODE,FRST_REGIST_PNTTM,FRST_REGISTER_ID,LAST_UPDT_PNTTM,LAST_UPDUSR_ID) values ('COM014','성별구분','남녀 성별 구분','Y','EFC',to_date('18/04/03','RR/MM/DD'),'SYSTEM',to_date('18/04/03','RR/MM/DD'),'SYSTEM');
Insert into EC4USER.COMTCCMMNCODE (CODE_ID,CODE_ID_NM,CODE_ID_DC,USE_AT,CL_CODE,FRST_REGIST_PNTTM,FRST_REGISTER_ID,LAST_UPDT_PNTTM,LAST_UPDUSR_ID) values ('COM015','인증방식유형','주민등록번호 인증, Gpin 인증과 같은 사용자 인증 구분','Y','EFC',to_date('18/04/03','RR/MM/DD'),'SYSTEM',to_date('18/04/03','RR/MM/DD'),'SYSTEM');
Insert into EC4USER.COMTCCMMNCODE (CODE_ID,CODE_ID_NM,CODE_ID_DC,USE_AT,CL_CODE,FRST_REGIST_PNTTM,FRST_REGISTER_ID,LAST_UPDT_PNTTM,LAST_UPDUSR_ID) values ('COM016','변경요청처리 상태','프로그램 변경의 요청/처리 등의 변경요청 상태 구분','Y','EFC',to_date('18/04/03','RR/MM/DD'),'SYSTEM',to_date('18/04/03','RR/MM/DD'),'SYSTEM');
Insert into EC4USER.COMTCCMMNCODE (CODE_ID,CODE_ID_NM,CODE_ID_DC,USE_AT,CL_CODE,FRST_REGIST_PNTTM,FRST_REGISTER_ID,LAST_UPDT_PNTTM,LAST_UPDUSR_ID) values ('COM017','휴일구분','휴일의 구분','Y','EFC',to_date('18/04/03','RR/MM/DD'),'SYSTEM',to_date('18/04/03','RR/MM/DD'),'SYSTEM');
Insert into EC4USER.COMTCCMMNCODE (CODE_ID,CODE_ID_NM,CODE_ID_DC,USE_AT,CL_CODE,FRST_REGIST_PNTTM,FRST_REGISTER_ID,LAST_UPDT_PNTTM,LAST_UPDUSR_ID) values ('COM018','질문유형','질문유형 객관식/주관식 상태구분','Y','EFC',to_date('18/04/03','RR/MM/DD'),'SYSTEM',to_date('18/04/03','RR/MM/DD'),'SYSTEM');
Insert into EC4USER.COMTCCMMNCODE (CODE_ID,CODE_ID_NM,CODE_ID_DC,USE_AT,CL_CODE,FRST_REGIST_PNTTM,FRST_REGISTER_ID,LAST_UPDT_PNTTM,LAST_UPDUSR_ID) values ('COM019','일정중요도','일정중요도 낮음/보통/높음 상태구분','Y','EFC',to_date('18/04/03','RR/MM/DD'),'SYSTEM',to_date('18/04/03','RR/MM/DD'),'SYSTEM');
Insert into EC4USER.COMTCCMMNCODE (CODE_ID,CODE_ID_NM,CODE_ID_DC,USE_AT,CL_CODE,FRST_REGIST_PNTTM,FRST_REGISTER_ID,LAST_UPDT_PNTTM,LAST_UPDUSR_ID) values ('COM020','일정구분','일정구분 부서일지정보/일지정보 상태구분','Y','EFC',to_date('18/04/03','RR/MM/DD'),'SYSTEM',to_date('18/04/03','RR/MM/DD'),'SYSTEM');
Insert into EC4USER.COMTCCMMNCODE (CODE_ID,CODE_ID_NM,CODE_ID_DC,USE_AT,CL_CODE,FRST_REGIST_PNTTM,FRST_REGISTER_ID,LAST_UPDT_PNTTM,LAST_UPDUSR_ID) values ('COM021','도움말구분','도움말 설명 구분코드','Y','EFC',to_date('18/04/03','RR/MM/DD'),'SYSTEM',to_date('18/04/03','RR/MM/DD'),'SYSTEM');
Insert into EC4USER.COMTCCMMNCODE (CODE_ID,CODE_ID_NM,CODE_ID_DC,USE_AT,CL_CODE,FRST_REGIST_PNTTM,FRST_REGISTER_ID,LAST_UPDT_PNTTM,LAST_UPDUSR_ID) values ('COM022','비밀번호 힌트','비밀번호 힌트 구분코드','Y','EFC',to_date('18/04/03','RR/MM/DD'),'SYSTEM',to_date('18/04/03','RR/MM/DD'),'SYSTEM');
Insert into EC4USER.COMTCCMMNCODE (CODE_ID,CODE_ID_NM,CODE_ID_DC,USE_AT,CL_CODE,FRST_REGIST_PNTTM,FRST_REGISTER_ID,LAST_UPDT_PNTTM,LAST_UPDUSR_ID) values ('COM023','사이트주제분류','사이트주제분류 설명 구분코드','Y','EFC',to_date('18/04/03','RR/MM/DD'),'SYSTEM',to_date('18/04/03','RR/MM/DD'),'SYSTEM');
Insert into EC4USER.COMTCCMMNCODE (CODE_ID,CODE_ID_NM,CODE_ID_DC,USE_AT,CL_CODE,FRST_REGIST_PNTTM,FRST_REGISTER_ID,LAST_UPDT_PNTTM,LAST_UPDUSR_ID) values ('COM024','발송결과구분','발송메일 수신결과 구분 코드','Y','EFC',to_date('18/04/03','RR/MM/DD'),'SYSTEM',to_date('18/04/03','RR/MM/DD'),'SYSTEM');
Insert into EC4USER.COMTCCMMNCODE (CODE_ID,CODE_ID_NM,CODE_ID_DC,USE_AT,CL_CODE,FRST_REGIST_PNTTM,FRST_REGISTER_ID,LAST_UPDT_PNTTM,LAST_UPDUSR_ID) values ('COM025','소속기관','소속기관정보를 관리할때 사용하는 구분코드(시스템별로 재정의)','Y','EFC',to_date('18/04/03','RR/MM/DD'),'SYSTEM',to_date('18/04/03','RR/MM/DD'),'SYSTEM');
Insert into EC4USER.COMTCCMMNCODE (CODE_ID,CODE_ID_NM,CODE_ID_DC,USE_AT,CL_CODE,FRST_REGIST_PNTTM,FRST_REGISTER_ID,LAST_UPDT_PNTTM,LAST_UPDUSR_ID) values ('COM026','기업구분','기업구분정보를 관리할때 사용하는 구분코드(시스템별로 재정의)','Y','EFC',to_date('18/04/03','RR/MM/DD'),'SYSTEM',to_date('18/04/03','RR/MM/DD'),'SYSTEM');
Insert into EC4USER.COMTCCMMNCODE (CODE_ID,CODE_ID_NM,CODE_ID_DC,USE_AT,CL_CODE,FRST_REGIST_PNTTM,FRST_REGISTER_ID,LAST_UPDT_PNTTM,LAST_UPDUSR_ID) values ('COM027','업종','대표업종코드(시스템별로 재정의)','Y','EFC',to_date('18/04/03','RR/MM/DD'),'SYSTEM',to_date('18/04/03','RR/MM/DD'),'SYSTEM');
Insert into EC4USER.COMTCCMMNCODE (CODE_ID,CODE_ID_NM,CODE_ID_DC,USE_AT,CL_CODE,FRST_REGIST_PNTTM,FRST_REGISTER_ID,LAST_UPDT_PNTTM,LAST_UPDUSR_ID) values ('COM028','질의응답처리상태','Q/A 처리상태코드','Y','EFC',to_date('18/04/03','RR/MM/DD'),'SYSTEM',to_date('18/04/03','RR/MM/DD'),'SYSTEM');
Insert into EC4USER.COMTCCMMNCODE (CODE_ID,CODE_ID_NM,CODE_ID_DC,USE_AT,CL_CODE,FRST_REGIST_PNTTM,FRST_REGISTER_ID,LAST_UPDT_PNTTM,LAST_UPDUSR_ID) values ('COM029','롤유형코드',null,'Y','EFC',to_date('18/04/03','RR/MM/DD'),'SYSTEM',to_date('18/04/03','RR/MM/DD'),'SYSTEM');
Insert into EC4USER.COMTCCMMNCODE (CODE_ID,CODE_ID_NM,CODE_ID_DC,USE_AT,CL_CODE,FRST_REGIST_PNTTM,FRST_REGISTER_ID,LAST_UPDT_PNTTM,LAST_UPDUSR_ID) values ('COM030','일정구분','일정구분 코드','Y','EFC',to_date('18/04/03','RR/MM/DD'),'SYSTEM',to_date('18/04/03','RR/MM/DD'),'SYSTEM');
Insert into EC4USER.COMTCCMMNCODE (CODE_ID,CODE_ID_NM,CODE_ID_DC,USE_AT,CL_CODE,FRST_REGIST_PNTTM,FRST_REGISTER_ID,LAST_UPDT_PNTTM,LAST_UPDUSR_ID) values ('COM031','반복구분','일정 반복구분 코드','Y','EFC',to_date('18/04/03','RR/MM/DD'),'SYSTEM',to_date('18/04/03','RR/MM/DD'),'SYSTEM');
Insert into EC4USER.COMTCCMMNCODE (CODE_ID,CODE_ID_NM,CODE_ID_DC,USE_AT,CL_CODE,FRST_REGIST_PNTTM,FRST_REGISTER_ID,LAST_UPDT_PNTTM,LAST_UPDUSR_ID) values ('COM032','작업유형','승인이력 작업유형','Y','EFC',to_date('18/04/03','RR/MM/DD'),'SYSTEM',to_date('18/04/03','RR/MM/DD'),'SYSTEM');
Insert into EC4USER.COMTCCMMNCODE (CODE_ID,CODE_ID_NM,CODE_ID_DC,USE_AT,CL_CODE,FRST_REGIST_PNTTM,FRST_REGISTER_ID,LAST_UPDT_PNTTM,LAST_UPDUSR_ID) values ('COM033','시스템로그구분',null,'Y','EFC',to_date('18/04/03','RR/MM/DD'),'SYSTEM',to_date('18/04/03','RR/MM/DD'),'SYSTEM');
Insert into EC4USER.COMTCCMMNCODE (CODE_ID,CODE_ID_NM,CODE_ID_DC,USE_AT,CL_CODE,FRST_REGIST_PNTTM,FRST_REGISTER_ID,LAST_UPDT_PNTTM,LAST_UPDUSR_ID) values ('COM034','직업유형','직업유형코드','Y','EFC',to_date('18/04/03','RR/MM/DD'),'SYSTEM',to_date('18/04/03','RR/MM/DD'),'SYSTEM');
Insert into EC4USER.COMTCCMMNCODE (CODE_ID,CODE_ID_NM,CODE_ID_DC,USE_AT,CL_CODE,FRST_REGIST_PNTTM,FRST_REGISTER_ID,LAST_UPDT_PNTTM,LAST_UPDUSR_ID) values ('COM035','행사유형','행사/이벤트/캠페인 구분','Y','EFC',to_date('18/04/03','RR/MM/DD'),'SYSTEM',to_date('18/04/03','RR/MM/DD'),'SYSTEM');
Insert into EC4USER.COMTCCMMNCODE (CODE_ID,CODE_ID_NM,CODE_ID_DC,USE_AT,CL_CODE,FRST_REGIST_PNTTM,FRST_REGISTER_ID,LAST_UPDT_PNTTM,LAST_UPDUSR_ID) values ('COM036','보고서 진행상태코드','보고서의 진행상태를 코드화 하여 관리한다.','Y','EFC',to_date('18/04/03','RR/MM/DD'),'SYSTEM',to_date('18/04/03','RR/MM/DD'),'SYSTEM');
Insert into EC4USER.COMTCCMMNCODE (CODE_ID,CODE_ID_NM,CODE_ID_DC,USE_AT,CL_CODE,FRST_REGIST_PNTTM,FRST_REGISTER_ID,LAST_UPDT_PNTTM,LAST_UPDUSR_ID) values ('COM038','온라인POLL페기유무','온라인POLL-온라인POLL페기유무','Y','EFC',to_date('18/04/03','RR/MM/DD'),'SYSTEM',to_date('18/04/03','RR/MM/DD'),'SYSTEM');
Insert into EC4USER.COMTCCMMNCODE (CODE_ID,CODE_ID_NM,CODE_ID_DC,USE_AT,CL_CODE,FRST_REGIST_PNTTM,FRST_REGISTER_ID,LAST_UPDT_PNTTM,LAST_UPDUSR_ID) values ('COM039','온라인POLL구분','온라인POLL-온온라인POLL구분','Y','EFC',to_date('18/04/03','RR/MM/DD'),'SYSTEM',to_date('18/04/03','RR/MM/DD'),'SYSTEM');
Insert into EC4USER.COMTCCMMNCODE (CODE_ID,CODE_ID_NM,CODE_ID_DC,USE_AT,CL_CODE,FRST_REGIST_PNTTM,FRST_REGISTER_ID,LAST_UPDT_PNTTM,LAST_UPDUSR_ID) values ('COM040','보고서 종류코드','보고서 종류코드','Y','EFC',to_date('18/04/03','RR/MM/DD'),'SYSTEM',to_date('18/04/03','RR/MM/DD'),'SYSTEM');
Insert into EC4USER.COMTCCMMNCODE (CODE_ID,CODE_ID_NM,CODE_ID_DC,USE_AT,CL_CODE,FRST_REGIST_PNTTM,FRST_REGISTER_ID,LAST_UPDT_PNTTM,LAST_UPDUSR_ID) values ('COM041','온라인메뉴얼구분','온라인메누얼-온라인메뉴얼구분','Y','EFC',to_date('18/04/03','RR/MM/DD'),'SYSTEM',to_date('18/04/03','RR/MM/DD'),'SYSTEM');
Insert into EC4USER.COMTCCMMNCODE (CODE_ID,CODE_ID_NM,CODE_ID_DC,USE_AT,CL_CODE,FRST_REGIST_PNTTM,FRST_REGISTER_ID,LAST_UPDT_PNTTM,LAST_UPDUSR_ID) values ('COM042','보고서통계기간구분','보고서통계기간구분','Y','EFC',to_date('18/04/03','RR/MM/DD'),'SYSTEM',to_date('18/04/03','RR/MM/DD'),'SYSTEM');
Insert into EC4USER.COMTCCMMNCODE (CODE_ID,CODE_ID_NM,CODE_ID_DC,USE_AT,CL_CODE,FRST_REGIST_PNTTM,FRST_REGISTER_ID,LAST_UPDT_PNTTM,LAST_UPDUSR_ID) values ('COM043','기관코드변경구분','기관코드변경구분','Y','EFC',to_date('18/04/03','RR/MM/DD'),'SYSTEM',to_date('18/04/03','RR/MM/DD'),'SYSTEM');
Insert into EC4USER.COMTCCMMNCODE (CODE_ID,CODE_ID_NM,CODE_ID_DC,USE_AT,CL_CODE,FRST_REGIST_PNTTM,FRST_REGISTER_ID,LAST_UPDT_PNTTM,LAST_UPDUSR_ID) values ('COM044','기관코드수신처리구분','기관코드수신처리구분','Y','EFC',to_date('18/04/03','RR/MM/DD'),'SYSTEM',to_date('18/04/03','RR/MM/DD'),'SYSTEM');
Insert into EC4USER.COMTCCMMNCODE (CODE_ID,CODE_ID_NM,CODE_ID_DC,USE_AT,CL_CODE,FRST_REGIST_PNTTM,FRST_REGISTER_ID,LAST_UPDT_PNTTM,LAST_UPDUSR_ID) values ('COM045','사용여부','사용여부','Y','EFC',to_date('18/04/03','RR/MM/DD'),'SYSTEM',to_date('18/04/03','RR/MM/DD'),'SYSTEM');
Insert into EC4USER.COMTCCMMNCODE (CODE_ID,CODE_ID_NM,CODE_ID_DC,USE_AT,CL_CODE,FRST_REGIST_PNTTM,FRST_REGISTER_ID,LAST_UPDT_PNTTM,LAST_UPDUSR_ID) values ('COM046','모니터링상태구분','모니터링상태구분','Y','EFC',to_date('18/04/03','RR/MM/DD'),'SYSTEM',to_date('18/04/03','RR/MM/DD'),'SYSTEM');
Insert into EC4USER.COMTCCMMNCODE (CODE_ID,CODE_ID_NM,CODE_ID_DC,USE_AT,CL_CODE,FRST_REGIST_PNTTM,FRST_REGISTER_ID,LAST_UPDT_PNTTM,LAST_UPDUSR_ID) values ('COM047','실행주기구분','실행주기구분','Y','EFC',to_date('18/04/03','RR/MM/DD'),'SYSTEM',to_date('18/04/03','RR/MM/DD'),'SYSTEM');
Insert into EC4USER.COMTCCMMNCODE (CODE_ID,CODE_ID_NM,CODE_ID_DC,USE_AT,CL_CODE,FRST_REGIST_PNTTM,FRST_REGISTER_ID,LAST_UPDT_PNTTM,LAST_UPDUSR_ID) values ('COM048','DBMS종류','DBMS종류','Y','EFC',to_date('18/04/03','RR/MM/DD'),'SYSTEM',to_date('18/04/03','RR/MM/DD'),'SYSTEM');
Insert into EC4USER.COMTCCMMNCODE (CODE_ID,CODE_ID_NM,CODE_ID_DC,USE_AT,CL_CODE,FRST_REGIST_PNTTM,FRST_REGISTER_ID,LAST_UPDT_PNTTM,LAST_UPDUSR_ID) values ('COM049','압축구분','압축구분','Y','EFC',to_date('18/04/03','RR/MM/DD'),'SYSTEM',to_date('18/04/03','RR/MM/DD'),'SYSTEM');
Insert into EC4USER.COMTCCMMNCODE (CODE_ID,CODE_ID_NM,CODE_ID_DC,USE_AT,CL_CODE,FRST_REGIST_PNTTM,FRST_REGISTER_ID,LAST_UPDT_PNTTM,LAST_UPDUSR_ID) values ('COM050','수신구분','쪽지관리','Y','EFC',to_date('18/04/03','RR/MM/DD'),'SYSTEM',to_date('18/04/03','RR/MM/DD'),'SYSTEM');
Insert into EC4USER.COMTCCMMNCODE (CODE_ID,CODE_ID_NM,CODE_ID_DC,USE_AT,CL_CODE,FRST_REGIST_PNTTM,FRST_REGISTER_ID,LAST_UPDT_PNTTM,LAST_UPDUSR_ID) values ('COM051','승인여부','승인여부구분코드','Y','EFC',to_date('18/04/03','RR/MM/DD'),'SYSTEM',to_date('18/04/03','RR/MM/DD'),'SYSTEM');
Insert into EC4USER.COMTCCMMNCODE (CODE_ID,CODE_ID_NM,CODE_ID_DC,USE_AT,CL_CODE,FRST_REGIST_PNTTM,FRST_REGISTER_ID,LAST_UPDT_PNTTM,LAST_UPDUSR_ID) values ('COM052','달력구분','달력구분','Y','EFC',to_date('18/04/03','RR/MM/DD'),'SYSTEM',to_date('18/04/03','RR/MM/DD'),'SYSTEM');
Insert into EC4USER.COMTCCMMNCODE (CODE_ID,CODE_ID_NM,CODE_ID_DC,USE_AT,CL_CODE,FRST_REGIST_PNTTM,FRST_REGISTER_ID,LAST_UPDT_PNTTM,LAST_UPDUSR_ID) values ('COM053','행사구분','행사구분','Y','EFC',to_date('18/04/03','RR/MM/DD'),'SYSTEM',to_date('18/04/03','RR/MM/DD'),'SYSTEM');
Insert into EC4USER.COMTCCMMNCODE (CODE_ID,CODE_ID_NM,CODE_ID_DC,USE_AT,CL_CODE,FRST_REGIST_PNTTM,FRST_REGISTER_ID,LAST_UPDT_PNTTM,LAST_UPDUSR_ID) values ('COM054','경조구분','경조구분','Y','EFC',to_date('18/04/03','RR/MM/DD'),'SYSTEM',to_date('18/04/03','RR/MM/DD'),'SYSTEM');
Insert into EC4USER.COMTCCMMNCODE (CODE_ID,CODE_ID_NM,CODE_ID_DC,USE_AT,CL_CODE,FRST_REGIST_PNTTM,FRST_REGISTER_ID,LAST_UPDT_PNTTM,LAST_UPDUSR_ID) values ('COM055','포상구분','포상구분','Y','EFC',to_date('18/04/03','RR/MM/DD'),'SYSTEM',to_date('18/04/03','RR/MM/DD'),'SYSTEM');
Insert into EC4USER.COMTCCMMNCODE (CODE_ID,CODE_ID_NM,CODE_ID_DC,USE_AT,CL_CODE,FRST_REGIST_PNTTM,FRST_REGISTER_ID,LAST_UPDT_PNTTM,LAST_UPDUSR_ID) values ('COM056','휴가구분','휴가구분','Y','EFC',to_date('18/04/03','RR/MM/DD'),'SYSTEM',to_date('18/04/03','RR/MM/DD'),'SYSTEM');
Insert into EC4USER.COMTCCMMNCODE (CODE_ID,CODE_ID_NM,CODE_ID_DC,USE_AT,CL_CODE,FRST_REGIST_PNTTM,FRST_REGISTER_ID,LAST_UPDT_PNTTM,LAST_UPDUSR_ID) values ('COM057','일정구분','일정구분','Y','EFC',to_date('18/04/03','RR/MM/DD'),'SYSTEM',to_date('18/04/03','RR/MM/DD'),'SYSTEM');
Insert into EC4USER.COMTCCMMNCODE (CODE_ID,CODE_ID_NM,CODE_ID_DC,USE_AT,CL_CODE,FRST_REGIST_PNTTM,FRST_REGISTER_ID,LAST_UPDT_PNTTM,LAST_UPDUSR_ID) values ('COM058','반복구분코드','반복구분코드','Y','EFC',to_date('18/04/03','RR/MM/DD'),'SYSTEM',to_date('18/04/03','RR/MM/DD'),'SYSTEM');
Insert into EC4USER.COMTCCMMNCODE (CODE_ID,CODE_ID_NM,CODE_ID_DC,USE_AT,CL_CODE,FRST_REGIST_PNTTM,FRST_REGISTER_ID,LAST_UPDT_PNTTM,LAST_UPDUSR_ID) values ('COM059','우선순위','우선순위','Y','EFC',to_date('18/04/03','RR/MM/DD'),'SYSTEM',to_date('18/04/03','RR/MM/DD'),'SYSTEM');
Insert into EC4USER.COMTCCMMNCODE (CODE_ID,CODE_ID_NM,CODE_ID_DC,USE_AT,CL_CODE,FRST_REGIST_PNTTM,FRST_REGISTER_ID,LAST_UPDT_PNTTM,LAST_UPDUSR_ID) values ('COM060','보고서구분','보고서구분','Y','EFC',to_date('18/04/03','RR/MM/DD'),'SYSTEM',to_date('18/04/03','RR/MM/DD'),'SYSTEM');
Insert into EC4USER.COMTCCMMNCODE (CODE_ID,CODE_ID_NM,CODE_ID_DC,USE_AT,CL_CODE,FRST_REGIST_PNTTM,FRST_REGISTER_ID,LAST_UPDT_PNTTM,LAST_UPDUSR_ID) values ('COM061','간부상태','간부상태','Y','EFC',to_date('18/04/03','RR/MM/DD'),'SYSTEM',to_date('18/04/03','RR/MM/DD'),'SYSTEM');
Insert into EC4USER.COMTCCMMNCODE (CODE_ID,CODE_ID_NM,CODE_ID_DC,USE_AT,CL_CODE,FRST_REGIST_PNTTM,FRST_REGISTER_ID,LAST_UPDT_PNTTM,LAST_UPDUSR_ID) values ('COM062',' HTTP상태코드','HTTP상태코드','Y','EFC',to_date('18/04/03','RR/MM/DD'),'SYSTEM',to_date('18/04/03','RR/MM/DD'),'SYSTEM');
Insert into EC4USER.COMTCCMMNCODE (CODE_ID,CODE_ID_NM,CODE_ID_DC,USE_AT,CL_CODE,FRST_REGIST_PNTTM,FRST_REGISTER_ID,LAST_UPDT_PNTTM,LAST_UPDUSR_ID) values ('COM063','상태관리','상태관리','Y','EFC',to_date('18/04/03','RR/MM/DD'),'SYSTEM',to_date('18/04/03','RR/MM/DD'),'SYSTEM');
Insert into EC4USER.COMTCCMMNCODE (CODE_ID,CODE_ID_NM,CODE_ID_DC,USE_AT,CL_CODE,FRST_REGIST_PNTTM,FRST_REGISTER_ID,LAST_UPDT_PNTTM,LAST_UPDUSR_ID) values ('COM064','서버종류코드','서버종류코드','Y','EFC',to_date('18/04/03','RR/MM/DD'),'SYSTEM',to_date('18/04/03','RR/MM/DD'),'SYSTEM');
Insert into EC4USER.COMTCCMMNCODE (CODE_ID,CODE_ID_NM,CODE_ID_DC,USE_AT,CL_CODE,FRST_REGIST_PNTTM,FRST_REGISTER_ID,LAST_UPDT_PNTTM,LAST_UPDUSR_ID) values ('COM065','장애종류코드','장애종류코드','Y','EFC',to_date('18/04/03','RR/MM/DD'),'SYSTEM',to_date('18/04/03','RR/MM/DD'),'SYSTEM');
Insert into EC4USER.COMTCCMMNCODE (CODE_ID,CODE_ID_NM,CODE_ID_DC,USE_AT,CL_CODE,FRST_REGIST_PNTTM,FRST_REGISTER_ID,LAST_UPDT_PNTTM,LAST_UPDUSR_ID) values ('COM066','서버자원종류','서버자원종류','Y','EFC',to_date('18/04/03','RR/MM/DD'),'SYSTEM',to_date('18/04/03','RR/MM/DD'),'SYSTEM');
Insert into EC4USER.COMTCCMMNCODE (CODE_ID,CODE_ID_NM,CODE_ID_DC,USE_AT,CL_CODE,FRST_REGIST_PNTTM,FRST_REGISTER_ID,LAST_UPDT_PNTTM,LAST_UPDUSR_ID) values ('COM067','네트워크관리항목','네트워크관리항목','Y','EFC',to_date('18/04/03','RR/MM/DD'),'SYSTEM',to_date('18/04/03','RR/MM/DD'),'SYSTEM');
Insert into EC4USER.COMTCCMMNCODE (CODE_ID,CODE_ID_NM,CODE_ID_DC,USE_AT,CL_CODE,FRST_REGIST_PNTTM,FRST_REGISTER_ID,LAST_UPDT_PNTTM,LAST_UPDUSR_ID) values ('COM068','처리상태코드','처리상태코드','Y','EFC',to_date('18/04/03','RR/MM/DD'),'SYSTEM',to_date('18/04/03','RR/MM/DD'),'SYSTEM');
Insert into EC4USER.COMTCCMMNCODE (CODE_ID,CODE_ID_NM,CODE_ID_DC,USE_AT,CL_CODE,FRST_REGIST_PNTTM,FRST_REGISTER_ID,LAST_UPDT_PNTTM,LAST_UPDUSR_ID) values ('COM069','기념일구분','기념일구분','Y','EFC',to_date('18/04/03','RR/MM/DD'),'SYSTEM',to_date('18/04/03','RR/MM/DD'),'SYSTEM');
Insert into EC4USER.COMTCCMMNCODE (CODE_ID,CODE_ID_NM,CODE_ID_DC,USE_AT,CL_CODE,FRST_REGIST_PNTTM,FRST_REGISTER_ID,LAST_UPDT_PNTTM,LAST_UPDUSR_ID) values ('COM070','위치구분','회의실 위치구분','Y','EFC',to_date('18/04/03','RR/MM/DD'),'SYSTEM',to_date('18/04/03','RR/MM/DD'),'SYSTEM');
Insert into EC4USER.COMTCCMMNCODE (CODE_ID,CODE_ID_NM,CODE_ID_DC,USE_AT,CL_CODE,FRST_REGIST_PNTTM,FRST_REGISTER_ID,LAST_UPDT_PNTTM,LAST_UPDUSR_ID) values ('COM071','당직체크구분','당직체크구분','Y','EFC',to_date('18/04/03','RR/MM/DD'),'SYSTEM',to_date('18/04/03','RR/MM/DD'),'SYSTEM');
Insert into EC4USER.COMTCCMMNCODE (CODE_ID,CODE_ID_NM,CODE_ID_DC,USE_AT,CL_CODE,FRST_REGIST_PNTTM,FRST_REGISTER_ID,LAST_UPDT_PNTTM,LAST_UPDUSR_ID) values ('COM072','서비스상태','서비스상태','Y','EFC',to_date('18/04/03','RR/MM/DD'),'SYSTEM',to_date('18/04/03','RR/MM/DD'),'SYSTEM');
Insert into EC4USER.COMTCCMMNCODE (CODE_ID,CODE_ID_NM,CODE_ID_DC,USE_AT,CL_CODE,FRST_REGIST_PNTTM,FRST_REGISTER_ID,LAST_UPDT_PNTTM,LAST_UPDUSR_ID) values ('COM073','가족관계','가족관계','Y','EFC',to_date('18/04/03','RR/MM/DD'),'SYSTEM',to_date('18/04/03','RR/MM/DD'),'SYSTEM');
Insert into EC4USER.COMTCCMMNCODE (CODE_ID,CODE_ID_NM,CODE_ID_DC,USE_AT,CL_CODE,FRST_REGIST_PNTTM,FRST_REGISTER_ID,LAST_UPDT_PNTTM,LAST_UPDUSR_ID) values ('COM074','요일구분','요일구분','Y','EFC',to_date('18/04/03','RR/MM/DD'),'SYSTEM',to_date('18/04/03','RR/MM/DD'),'SYSTEM');
Insert into EC4USER.COMTCCMMNCODE (CODE_ID,CODE_ID_NM,CODE_ID_DC,USE_AT,CL_CODE,FRST_REGIST_PNTTM,FRST_REGISTER_ID,LAST_UPDT_PNTTM,LAST_UPDUSR_ID) values ('COM075','업무구분코드','업무구분코드','Y','EFC',to_date('18/04/03','RR/MM/DD'),'SYSTEM',to_date('18/04/03','RR/MM/DD'),'SYSTEM');
Insert into EC4USER.COMTCCMMNCODE (CODE_ID,CODE_ID_NM,CODE_ID_DC,USE_AT,CL_CODE,FRST_REGIST_PNTTM,FRST_REGISTER_ID,LAST_UPDT_PNTTM,LAST_UPDUSR_ID) values ('COM076','실행상태구분','실행상태구분','Y','EFC',to_date('18/04/03','RR/MM/DD'),'SYSTEM',to_date('18/04/03','RR/MM/DD'),'SYSTEM');
REM INSERTING into EC4USER.COMTCCMMNDETAILCODE
SET DEFINE OFF;
Insert into EC4USER.COMTCCMMNDETAILCODE (CODE_ID,CODE,CODE_NM,CODE_DC,USE_AT,FRST_REGIST_PNTTM,FRST_REGISTER_ID,LAST_UPDT_PNTTM,LAST_UPDUSR_ID) values ('COM018','2','주관식','주관식','Y',to_date('18/04/03','RR/MM/DD'),'SYSTEM',to_date('18/04/03','RR/MM/DD'),'SYSTEM');
Insert into EC4USER.COMTCCMMNDETAILCODE (CODE_ID,CODE,CODE_NM,CODE_DC,USE_AT,FRST_REGIST_PNTTM,FRST_REGISTER_ID,LAST_UPDT_PNTTM,LAST_UPDUSR_ID) values ('COM019','A','높음','높음','Y',to_date('18/04/03','RR/MM/DD'),'SYSTEM',to_date('18/04/03','RR/MM/DD'),'SYSTEM');
Insert into EC4USER.COMTCCMMNDETAILCODE (CODE_ID,CODE,CODE_NM,CODE_DC,USE_AT,FRST_REGIST_PNTTM,FRST_REGISTER_ID,LAST_UPDT_PNTTM,LAST_UPDUSR_ID) values ('COM019','B','보통','보통','Y',to_date('18/04/03','RR/MM/DD'),'SYSTEM',to_date('18/04/03','RR/MM/DD'),'SYSTEM');
Insert into EC4USER.COMTCCMMNDETAILCODE (CODE_ID,CODE,CODE_NM,CODE_DC,USE_AT,FRST_REGIST_PNTTM,FRST_REGISTER_ID,LAST_UPDT_PNTTM,LAST_UPDUSR_ID) values ('COM019','C','낮음','낮음','Y',to_date('18/04/03','RR/MM/DD'),'SYSTEM',to_date('18/04/03','RR/MM/DD'),'SYSTEM');
Insert into EC4USER.COMTCCMMNDETAILCODE (CODE_ID,CODE,CODE_NM,CODE_DC,USE_AT,FRST_REGIST_PNTTM,FRST_REGISTER_ID,LAST_UPDT_PNTTM,LAST_UPDUSR_ID) values ('COM020','1','부서일정관리','부서일정관리','Y',to_date('18/04/03','RR/MM/DD'),'SYSTEM',to_date('18/04/03','RR/MM/DD'),'SYSTEM');
Insert into EC4USER.COMTCCMMNDETAILCODE (CODE_ID,CODE,CODE_NM,CODE_DC,USE_AT,FRST_REGIST_PNTTM,FRST_REGISTER_ID,LAST_UPDT_PNTTM,LAST_UPDUSR_ID) values ('COM020','2','일정관리','일정관리','Y',to_date('18/04/03','RR/MM/DD'),'SYSTEM',to_date('18/04/03','RR/MM/DD'),'SYSTEM');
Insert into EC4USER.COMTCCMMNDETAILCODE (CODE_ID,CODE,CODE_NM,CODE_DC,USE_AT,FRST_REGIST_PNTTM,FRST_REGISTER_ID,LAST_UPDT_PNTTM,LAST_UPDUSR_ID) values ('COM021','1','기능설명','기능설명','Y',to_date('18/04/03','RR/MM/DD'),'SYSTEM',to_date('18/04/03','RR/MM/DD'),'SYSTEM');
Insert into EC4USER.COMTCCMMNDETAILCODE (CODE_ID,CODE,CODE_NM,CODE_DC,USE_AT,FRST_REGIST_PNTTM,FRST_REGISTER_ID,LAST_UPDT_PNTTM,LAST_UPDUSR_ID) values ('COM021','2','절차설명','절차설명','Y',to_date('18/04/03','RR/MM/DD'),'SYSTEM',to_date('18/04/03','RR/MM/DD'),'SYSTEM');
Insert into EC4USER.COMTCCMMNDETAILCODE (CODE_ID,CODE,CODE_NM,CODE_DC,USE_AT,FRST_REGIST_PNTTM,FRST_REGISTER_ID,LAST_UPDT_PNTTM,LAST_UPDUSR_ID) values ('COM022',' P01','가장 기억에 남는 장소는?','가장 기억에 남는 장소는?','Y',to_date('18/04/03','RR/MM/DD'),'SYSTEM',to_date('18/04/03','RR/MM/DD'),'SYSTEM');
Insert into EC4USER.COMTCCMMNDETAILCODE (CODE_ID,CODE,CODE_NM,CODE_DC,USE_AT,FRST_REGIST_PNTTM,FRST_REGISTER_ID,LAST_UPDT_PNTTM,LAST_UPDUSR_ID) values ('COM022',' P02','나의 좌우명은?','나의 좌우명은?','Y',to_date('18/04/03','RR/MM/DD'),'SYSTEM',to_date('18/04/03','RR/MM/DD'),'SYSTEM');
Insert into EC4USER.COMTCCMMNDETAILCODE (CODE_ID,CODE,CODE_NM,CODE_DC,USE_AT,FRST_REGIST_PNTTM,FRST_REGISTER_ID,LAST_UPDT_PNTTM,LAST_UPDUSR_ID) values ('COM022',' P03','나의 보물 제1호는?','나의 보물 제1호는?','Y',to_date('18/04/03','RR/MM/DD'),'SYSTEM',to_date('18/04/03','RR/MM/DD'),'SYSTEM');
Insert into EC4USER.COMTCCMMNDETAILCODE (CODE_ID,CODE,CODE_NM,CODE_DC,USE_AT,FRST_REGIST_PNTTM,FRST_REGISTER_ID,LAST_UPDT_PNTTM,LAST_UPDUSR_ID) values ('COM022',' P04','가장 기억에 남는 선생님 성함은?','가장 기억에 남는 선생님 성함은?','Y',to_date('18/04/03','RR/MM/DD'),'SYSTEM',to_date('18/04/03','RR/MM/DD'),'SYSTEM');
Insert into EC4USER.COMTCCMMNDETAILCODE (CODE_ID,CODE,CODE_NM,CODE_DC,USE_AT,FRST_REGIST_PNTTM,FRST_REGISTER_ID,LAST_UPDT_PNTTM,LAST_UPDUSR_ID) values ('COM022',' P05','다른 사람은 모르는 나만의 신체비밀은?','다른 사람은 모르는 나만의 신체비밀은?','Y',to_date('18/04/03','RR/MM/DD'),'SYSTEM',to_date('18/04/03','RR/MM/DD'),'SYSTEM');
Insert into EC4USER.COMTCCMMNDETAILCODE (CODE_ID,CODE,CODE_NM,CODE_DC,USE_AT,FRST_REGIST_PNTTM,FRST_REGISTER_ID,LAST_UPDT_PNTTM,LAST_UPDUSR_ID) values ('COM022',' P06','오래도록 기억하고 싶은 날짜는?','오래도록 기억하고 싶은 날짜는?','Y',to_date('18/04/03','RR/MM/DD'),'SYSTEM',to_date('18/04/03','RR/MM/DD'),'SYSTEM');
Insert into EC4USER.COMTCCMMNDETAILCODE (CODE_ID,CODE,CODE_NM,CODE_DC,USE_AT,FRST_REGIST_PNTTM,FRST_REGISTER_ID,LAST_UPDT_PNTTM,LAST_UPDUSR_ID) values ('COM022',' P07','받았던 선물 중 기억에 남는 독특한 선물은?','받았던 선물 중 기억에 남는 독특한 선물은?','Y',to_date('18/04/03','RR/MM/DD'),'SYSTEM',to_date('18/04/03','RR/MM/DD'),'SYSTEM');
Insert into EC4USER.COMTCCMMNDETAILCODE (CODE_ID,CODE,CODE_NM,CODE_DC,USE_AT,FRST_REGIST_PNTTM,FRST_REGISTER_ID,LAST_UPDT_PNTTM,LAST_UPDUSR_ID) values ('COM022',' P08','가장 생각나는 친구 이름은?','가장 생각나는 친구 이름은?','Y',to_date('18/04/03','RR/MM/DD'),'SYSTEM',to_date('18/04/03','RR/MM/DD'),'SYSTEM');
Insert into EC4USER.COMTCCMMNDETAILCODE (CODE_ID,CODE,CODE_NM,CODE_DC,USE_AT,FRST_REGIST_PNTTM,FRST_REGISTER_ID,LAST_UPDT_PNTTM,LAST_UPDUSR_ID) values ('COM022',' P09','인상 깊게 읽은 책 이름은?','인상 깊게 읽은 책 이름은?','Y',to_date('18/04/03','RR/MM/DD'),'SYSTEM',to_date('18/04/03','RR/MM/DD'),'SYSTEM');
Insert into EC4USER.COMTCCMMNDETAILCODE (CODE_ID,CODE,CODE_NM,CODE_DC,USE_AT,FRST_REGIST_PNTTM,FRST_REGISTER_ID,LAST_UPDT_PNTTM,LAST_UPDUSR_ID) values ('COM022',' P10','내가 존경하는 인물은?','내가 존경하는 인물은?','Y',to_date('18/04/03','RR/MM/DD'),'SYSTEM',to_date('18/04/03','RR/MM/DD'),'SYSTEM');
Insert into EC4USER.COMTCCMMNDETAILCODE (CODE_ID,CODE,CODE_NM,CODE_DC,USE_AT,FRST_REGIST_PNTTM,FRST_REGISTER_ID,LAST_UPDT_PNTTM,LAST_UPDUSR_ID) values ('COM022',' P11','나의 노래방 애창곡은?','나의 노래방 애창곡은?','Y',to_date('18/04/03','RR/MM/DD'),'SYSTEM',to_date('18/04/03','RR/MM/DD'),'SYSTEM');
Insert into EC4USER.COMTCCMMNDETAILCODE (CODE_ID,CODE,CODE_NM,CODE_DC,USE_AT,FRST_REGIST_PNTTM,FRST_REGISTER_ID,LAST_UPDT_PNTTM,LAST_UPDUSR_ID) values ('COM022',' P12','가장 감명깊게 본 영화는?','가장 감명깊게 본 영화는?','Y',to_date('18/04/03','RR/MM/DD'),'SYSTEM',to_date('18/04/03','RR/MM/DD'),'SYSTEM');
Insert into EC4USER.COMTCCMMNDETAILCODE (CODE_ID,CODE,CODE_NM,CODE_DC,USE_AT,FRST_REGIST_PNTTM,FRST_REGISTER_ID,LAST_UPDT_PNTTM,LAST_UPDUSR_ID) values ('COM022',' P13','좋아하는 스포츠팀 이름은?','좋아하는 스포츠팀 이름은?','Y',to_date('18/04/03','RR/MM/DD'),'SYSTEM',to_date('18/04/03','RR/MM/DD'),'SYSTEM');
Insert into EC4USER.COMTCCMMNDETAILCODE (CODE_ID,CODE,CODE_NM,CODE_DC,USE_AT,FRST_REGIST_PNTTM,FRST_REGISTER_ID,LAST_UPDT_PNTTM,LAST_UPDUSR_ID) values ('COM023','01','경제','경제','Y',to_date('18/04/03','RR/MM/DD'),'SYSTEM',to_date('18/04/03','RR/MM/DD'),'SYSTEM');
Insert into EC4USER.COMTCCMMNDETAILCODE (CODE_ID,CODE,CODE_NM,CODE_DC,USE_AT,FRST_REGIST_PNTTM,FRST_REGISTER_ID,LAST_UPDT_PNTTM,LAST_UPDUSR_ID) values ('COM023','02','전산','전산','Y',to_date('18/04/03','RR/MM/DD'),'SYSTEM',to_date('18/04/03','RR/MM/DD'),'SYSTEM');
Insert into EC4USER.COMTCCMMNDETAILCODE (CODE_ID,CODE,CODE_NM,CODE_DC,USE_AT,FRST_REGIST_PNTTM,FRST_REGISTER_ID,LAST_UPDT_PNTTM,LAST_UPDUSR_ID) values ('COM023','03','행정','행정','Y',to_date('18/04/03','RR/MM/DD'),'SYSTEM',to_date('18/04/03','RR/MM/DD'),'SYSTEM');
Insert into EC4USER.COMTCCMMNDETAILCODE (CODE_ID,CODE,CODE_NM,CODE_DC,USE_AT,FRST_REGIST_PNTTM,FRST_REGISTER_ID,LAST_UPDT_PNTTM,LAST_UPDUSR_ID) values ('COM024','R','요청','요청','Y',to_date('18/04/03','RR/MM/DD'),'SYSTEM',to_date('18/04/03','RR/MM/DD'),'SYSTEM');
Insert into EC4USER.COMTCCMMNDETAILCODE (CODE_ID,CODE,CODE_NM,CODE_DC,USE_AT,FRST_REGIST_PNTTM,FRST_REGISTER_ID,LAST_UPDT_PNTTM,LAST_UPDUSR_ID) values ('COM024','F','실패','실패','Y',to_date('18/04/03','RR/MM/DD'),'SYSTEM',to_date('18/04/03','RR/MM/DD'),'SYSTEM');
Insert into EC4USER.COMTCCMMNDETAILCODE (CODE_ID,CODE,CODE_NM,CODE_DC,USE_AT,FRST_REGIST_PNTTM,FRST_REGISTER_ID,LAST_UPDT_PNTTM,LAST_UPDUSR_ID) values ('COM024','C','완료','완료','Y',to_date('18/04/03','RR/MM/DD'),'SYSTEM',to_date('18/04/03','RR/MM/DD'),'SYSTEM');
Insert into EC4USER.COMTCCMMNDETAILCODE (CODE_ID,CODE,CODE_NM,CODE_DC,USE_AT,FRST_REGIST_PNTTM,FRST_REGISTER_ID,LAST_UPDT_PNTTM,LAST_UPDUSR_ID) values ('COM025','00000001','공공기관','공공기관','Y',to_date('18/04/03','RR/MM/DD'),'SYSTEM',to_date('18/04/03','RR/MM/DD'),'SYSTEM');
Insert into EC4USER.COMTCCMMNDETAILCODE (CODE_ID,CODE,CODE_NM,CODE_DC,USE_AT,FRST_REGIST_PNTTM,FRST_REGISTER_ID,LAST_UPDT_PNTTM,LAST_UPDUSR_ID) values ('COM025','00000002','금융기관','금융기관','Y',to_date('18/04/03','RR/MM/DD'),'SYSTEM',to_date('18/04/03','RR/MM/DD'),'SYSTEM');
Insert into EC4USER.COMTCCMMNDETAILCODE (CODE_ID,CODE,CODE_NM,CODE_DC,USE_AT,FRST_REGIST_PNTTM,FRST_REGISTER_ID,LAST_UPDT_PNTTM,LAST_UPDUSR_ID) values ('COM025','00000003','교육기관','교육기관','Y',to_date('18/04/03','RR/MM/DD'),'SYSTEM',to_date('18/04/03','RR/MM/DD'),'SYSTEM');
Insert into EC4USER.COMTCCMMNDETAILCODE (CODE_ID,CODE,CODE_NM,CODE_DC,USE_AT,FRST_REGIST_PNTTM,FRST_REGISTER_ID,LAST_UPDT_PNTTM,LAST_UPDUSR_ID) values ('COM025','00000004','의료기관','의료기관','Y',to_date('18/04/03','RR/MM/DD'),'SYSTEM',to_date('18/04/03','RR/MM/DD'),'SYSTEM');
Insert into EC4USER.COMTCCMMNDETAILCODE (CODE_ID,CODE,CODE_NM,CODE_DC,USE_AT,FRST_REGIST_PNTTM,FRST_REGISTER_ID,LAST_UPDT_PNTTM,LAST_UPDUSR_ID) values ('COM026','C0000001','대기업','대기업','Y',to_date('18/04/03','RR/MM/DD'),'SYSTEM',to_date('18/04/03','RR/MM/DD'),'SYSTEM');
Insert into EC4USER.COMTCCMMNDETAILCODE (CODE_ID,CODE,CODE_NM,CODE_DC,USE_AT,FRST_REGIST_PNTTM,FRST_REGISTER_ID,LAST_UPDT_PNTTM,LAST_UPDUSR_ID) values ('COM026','C0000002','중소기업','중소기업','Y',to_date('18/04/03','RR/MM/DD'),'SYSTEM',to_date('18/04/03','RR/MM/DD'),'SYSTEM');
Insert into EC4USER.COMTCCMMNDETAILCODE (CODE_ID,CODE,CODE_NM,CODE_DC,USE_AT,FRST_REGIST_PNTTM,FRST_REGISTER_ID,LAST_UPDT_PNTTM,LAST_UPDUSR_ID) values ('COM026','C0000003','다국적기업','다국적기업','Y',to_date('18/04/03','RR/MM/DD'),'SYSTEM',to_date('18/04/03','RR/MM/DD'),'SYSTEM');
Insert into EC4USER.COMTCCMMNDETAILCODE (CODE_ID,CODE,CODE_NM,CODE_DC,USE_AT,FRST_REGIST_PNTTM,FRST_REGISTER_ID,LAST_UPDT_PNTTM,LAST_UPDUSR_ID) values ('COM027','A','축산업','축산업','Y',to_date('18/04/03','RR/MM/DD'),'SYSTEM',to_date('18/04/03','RR/MM/DD'),'SYSTEM');
Insert into EC4USER.COMTCCMMNDETAILCODE (CODE_ID,CODE,CODE_NM,CODE_DC,USE_AT,FRST_REGIST_PNTTM,FRST_REGISTER_ID,LAST_UPDT_PNTTM,LAST_UPDUSR_ID) values ('COM027','B','어업','어업','Y',to_date('18/04/03','RR/MM/DD'),'SYSTEM',to_date('18/04/03','RR/MM/DD'),'SYSTEM');
Insert into EC4USER.COMTCCMMNDETAILCODE (CODE_ID,CODE,CODE_NM,CODE_DC,USE_AT,FRST_REGIST_PNTTM,FRST_REGISTER_ID,LAST_UPDT_PNTTM,LAST_UPDUSR_ID) values ('COM027','C','광업','광업','Y',to_date('18/04/03','RR/MM/DD'),'SYSTEM',to_date('18/04/03','RR/MM/DD'),'SYSTEM');
Insert into EC4USER.COMTCCMMNDETAILCODE (CODE_ID,CODE,CODE_NM,CODE_DC,USE_AT,FRST_REGIST_PNTTM,FRST_REGISTER_ID,LAST_UPDT_PNTTM,LAST_UPDUSR_ID) values ('COM027','D','제조업','제조업','Y',to_date('18/04/03','RR/MM/DD'),'SYSTEM',to_date('18/04/03','RR/MM/DD'),'SYSTEM');
Insert into EC4USER.COMTCCMMNDETAILCODE (CODE_ID,CODE,CODE_NM,CODE_DC,USE_AT,FRST_REGIST_PNTTM,FRST_REGISTER_ID,LAST_UPDT_PNTTM,LAST_UPDUSR_ID) values ('COM027','E','전기,가스및수도사업','전기,가스및수도사업','Y',to_date('18/04/03','RR/MM/DD'),'SYSTEM',to_date('18/04/03','RR/MM/DD'),'SYSTEM');
Insert into EC4USER.COMTCCMMNDETAILCODE (CODE_ID,CODE,CODE_NM,CODE_DC,USE_AT,FRST_REGIST_PNTTM,FRST_REGISTER_ID,LAST_UPDT_PNTTM,LAST_UPDUSR_ID) values ('COM027','F','건설업','건설업','Y',to_date('18/04/03','RR/MM/DD'),'SYSTEM',to_date('18/04/03','RR/MM/DD'),'SYSTEM');
Insert into EC4USER.COMTCCMMNDETAILCODE (CODE_ID,CODE,CODE_NM,CODE_DC,USE_AT,FRST_REGIST_PNTTM,FRST_REGISTER_ID,LAST_UPDT_PNTTM,LAST_UPDUSR_ID) values ('COM027','G','도소매 및 소비자용품수리업','도소매 및 소비자용품수리업','Y',to_date('18/04/03','RR/MM/DD'),'SYSTEM',to_date('18/04/03','RR/MM/DD'),'SYSTEM');
Insert into EC4USER.COMTCCMMNDETAILCODE (CODE_ID,CODE,CODE_NM,CODE_DC,USE_AT,FRST_REGIST_PNTTM,FRST_REGISTER_ID,LAST_UPDT_PNTTM,LAST_UPDUSR_ID) values ('COM027','H','숙박및음식점','숙박및음식점','Y',to_date('18/04/03','RR/MM/DD'),'SYSTEM',to_date('18/04/03','RR/MM/DD'),'SYSTEM');
Insert into EC4USER.COMTCCMMNDETAILCODE (CODE_ID,CODE,CODE_NM,CODE_DC,USE_AT,FRST_REGIST_PNTTM,FRST_REGISTER_ID,LAST_UPDT_PNTTM,LAST_UPDUSR_ID) values ('COM027','I','운수창고및통신업','운수창고및통신업','Y',to_date('18/04/03','RR/MM/DD'),'SYSTEM',to_date('18/04/03','RR/MM/DD'),'SYSTEM');
Insert into EC4USER.COMTCCMMNDETAILCODE (CODE_ID,CODE,CODE_NM,CODE_DC,USE_AT,FRST_REGIST_PNTTM,FRST_REGISTER_ID,LAST_UPDT_PNTTM,LAST_UPDUSR_ID) values ('COM027','J','금융및보험업','금융및보험업','Y',to_date('18/04/03','RR/MM/DD'),'SYSTEM',to_date('18/04/03','RR/MM/DD'),'SYSTEM');
Insert into EC4USER.COMTCCMMNDETAILCODE (CODE_ID,CODE,CODE_NM,CODE_DC,USE_AT,FRST_REGIST_PNTTM,FRST_REGISTER_ID,LAST_UPDT_PNTTM,LAST_UPDUSR_ID) values ('COM027','K','부동산,임대및사업서비스업','부동산,임대및사업서비스업','Y',to_date('18/04/03','RR/MM/DD'),'SYSTEM',to_date('18/04/03','RR/MM/DD'),'SYSTEM');
Insert into EC4USER.COMTCCMMNDETAILCODE (CODE_ID,CODE,CODE_NM,CODE_DC,USE_AT,FRST_REGIST_PNTTM,FRST_REGISTER_ID,LAST_UPDT_PNTTM,LAST_UPDUSR_ID) values ('COM027','M','교육서비스업','교육서비스업','Y',to_date('18/04/03','RR/MM/DD'),'SYSTEM',to_date('18/04/03','RR/MM/DD'),'SYSTEM');
Insert into EC4USER.COMTCCMMNDETAILCODE (CODE_ID,CODE,CODE_NM,CODE_DC,USE_AT,FRST_REGIST_PNTTM,FRST_REGISTER_ID,LAST_UPDT_PNTTM,LAST_UPDUSR_ID) values ('COM027','N','보건업','보건업','Y',to_date('18/04/03','RR/MM/DD'),'SYSTEM',to_date('18/04/03','RR/MM/DD'),'SYSTEM');
Insert into EC4USER.COMTCCMMNDETAILCODE (CODE_ID,CODE,CODE_NM,CODE_DC,USE_AT,FRST_REGIST_PNTTM,FRST_REGISTER_ID,LAST_UPDT_PNTTM,LAST_UPDUSR_ID) values ('COM027','O','기타공공,사회및개인서비스업','기타공공,사회및개인서비스업','Y',to_date('18/04/03','RR/MM/DD'),'SYSTEM',to_date('18/04/03','RR/MM/DD'),'SYSTEM');
Insert into EC4USER.COMTCCMMNDETAILCODE (CODE_ID,CODE,CODE_NM,CODE_DC,USE_AT,FRST_REGIST_PNTTM,FRST_REGISTER_ID,LAST_UPDT_PNTTM,LAST_UPDUSR_ID) values ('COM027','P','가사서비스업','가사서비스업','Y',to_date('18/04/03','RR/MM/DD'),'SYSTEM',to_date('18/04/03','RR/MM/DD'),'SYSTEM');
Insert into EC4USER.COMTCCMMNDETAILCODE (CODE_ID,CODE,CODE_NM,CODE_DC,USE_AT,FRST_REGIST_PNTTM,FRST_REGISTER_ID,LAST_UPDT_PNTTM,LAST_UPDUSR_ID) values ('COM028','1','접수대기','접수대기','Y',to_date('18/04/03','RR/MM/DD'),'SYSTEM',to_date('18/04/03','RR/MM/DD'),'SYSTEM');
Insert into EC4USER.COMTCCMMNDETAILCODE (CODE_ID,CODE,CODE_NM,CODE_DC,USE_AT,FRST_REGIST_PNTTM,FRST_REGISTER_ID,LAST_UPDT_PNTTM,LAST_UPDUSR_ID) values ('COM028','2','접수','접수','Y',to_date('18/04/03','RR/MM/DD'),'SYSTEM',to_date('18/04/03','RR/MM/DD'),'SYSTEM');
Insert into EC4USER.COMTCCMMNDETAILCODE (CODE_ID,CODE,CODE_NM,CODE_DC,USE_AT,FRST_REGIST_PNTTM,FRST_REGISTER_ID,LAST_UPDT_PNTTM,LAST_UPDUSR_ID) values ('COM028','3','완료','완료','Y',to_date('18/04/03','RR/MM/DD'),'SYSTEM',to_date('18/04/03','RR/MM/DD'),'SYSTEM');
Insert into EC4USER.COMTCCMMNDETAILCODE (CODE_ID,CODE,CODE_NM,CODE_DC,USE_AT,FRST_REGIST_PNTTM,FRST_REGISTER_ID,LAST_UPDT_PNTTM,LAST_UPDUSR_ID) values ('COM029','method','METHOD','METHOD','Y',to_date('18/04/03','RR/MM/DD'),'SYSTEM',to_date('18/04/03','RR/MM/DD'),'SYSTEM');
Insert into EC4USER.COMTCCMMNDETAILCODE (CODE_ID,CODE,CODE_NM,CODE_DC,USE_AT,FRST_REGIST_PNTTM,FRST_REGISTER_ID,LAST_UPDT_PNTTM,LAST_UPDUSR_ID) values ('COM029','pointcut','POINTCUT','POINTCUT','Y',to_date('18/04/03','RR/MM/DD'),'SYSTEM',to_date('18/04/03','RR/MM/DD'),'SYSTEM');
Insert into EC4USER.COMTCCMMNDETAILCODE (CODE_ID,CODE,CODE_NM,CODE_DC,USE_AT,FRST_REGIST_PNTTM,FRST_REGISTER_ID,LAST_UPDT_PNTTM,LAST_UPDUSR_ID) values ('COM029','url','URL','URL','Y',to_date('18/04/03','RR/MM/DD'),'SYSTEM',to_date('18/04/03','RR/MM/DD'),'SYSTEM');
Insert into EC4USER.COMTCCMMNDETAILCODE (CODE_ID,CODE,CODE_NM,CODE_DC,USE_AT,FRST_REGIST_PNTTM,FRST_REGISTER_ID,LAST_UPDT_PNTTM,LAST_UPDUSR_ID) values ('COM030','1','회의','회의','Y',to_date('18/04/03','RR/MM/DD'),'SYSTEM',to_date('18/04/03','RR/MM/DD'),'SYSTEM');
Insert into EC4USER.COMTCCMMNDETAILCODE (CODE_ID,CODE,CODE_NM,CODE_DC,USE_AT,FRST_REGIST_PNTTM,FRST_REGISTER_ID,LAST_UPDT_PNTTM,LAST_UPDUSR_ID) values ('COM030','2','세미나','세미나','Y',to_date('18/04/03','RR/MM/DD'),'SYSTEM',to_date('18/04/03','RR/MM/DD'),'SYSTEM');
Insert into EC4USER.COMTCCMMNDETAILCODE (CODE_ID,CODE,CODE_NM,CODE_DC,USE_AT,FRST_REGIST_PNTTM,FRST_REGISTER_ID,LAST_UPDT_PNTTM,LAST_UPDUSR_ID) values ('COM030','3','강의','강의','Y',to_date('18/04/03','RR/MM/DD'),'SYSTEM',to_date('18/04/03','RR/MM/DD'),'SYSTEM');
Insert into EC4USER.COMTCCMMNDETAILCODE (CODE_ID,CODE,CODE_NM,CODE_DC,USE_AT,FRST_REGIST_PNTTM,FRST_REGISTER_ID,LAST_UPDT_PNTTM,LAST_UPDUSR_ID) values ('COM030','4','교육','교육','Y',to_date('18/04/03','RR/MM/DD'),'SYSTEM',to_date('18/04/03','RR/MM/DD'),'SYSTEM');
Insert into EC4USER.COMTCCMMNDETAILCODE (CODE_ID,CODE,CODE_NM,CODE_DC,USE_AT,FRST_REGIST_PNTTM,FRST_REGISTER_ID,LAST_UPDT_PNTTM,LAST_UPDUSR_ID) values ('COM030','5','기타','기타','Y',to_date('18/04/03','RR/MM/DD'),'SYSTEM',to_date('18/04/03','RR/MM/DD'),'SYSTEM');
Insert into EC4USER.COMTCCMMNDETAILCODE (CODE_ID,CODE,CODE_NM,CODE_DC,USE_AT,FRST_REGIST_PNTTM,FRST_REGISTER_ID,LAST_UPDT_PNTTM,LAST_UPDUSR_ID) values ('COM031','1','당일','당일','Y',to_date('18/04/03','RR/MM/DD'),'SYSTEM',to_date('18/04/03','RR/MM/DD'),'SYSTEM');
Insert into EC4USER.COMTCCMMNDETAILCODE (CODE_ID,CODE,CODE_NM,CODE_DC,USE_AT,FRST_REGIST_PNTTM,FRST_REGISTER_ID,LAST_UPDT_PNTTM,LAST_UPDUSR_ID) values ('COM031','2','반복','반복','Y',to_date('18/04/03','RR/MM/DD'),'SYSTEM',to_date('18/04/03','RR/MM/DD'),'SYSTEM');
Insert into EC4USER.COMTCCMMNDETAILCODE (CODE_ID,CODE,CODE_NM,CODE_DC,USE_AT,FRST_REGIST_PNTTM,FRST_REGISTER_ID,LAST_UPDT_PNTTM,LAST_UPDUSR_ID) values ('COM031','3','연속','연속','Y',to_date('18/04/03','RR/MM/DD'),'SYSTEM',to_date('18/04/03','RR/MM/DD'),'SYSTEM');
Insert into EC4USER.COMTCCMMNDETAILCODE (CODE_ID,CODE,CODE_NM,CODE_DC,USE_AT,FRST_REGIST_PNTTM,FRST_REGISTER_ID,LAST_UPDT_PNTTM,LAST_UPDUSR_ID) values ('COM031','4','요일반복','요일반복','Y',to_date('18/04/03','RR/MM/DD'),'SYSTEM',to_date('18/04/03','RR/MM/DD'),'SYSTEM');
Insert into EC4USER.COMTCCMMNDETAILCODE (CODE_ID,CODE,CODE_NM,CODE_DC,USE_AT,FRST_REGIST_PNTTM,FRST_REGISTER_ID,LAST_UPDT_PNTTM,LAST_UPDUSR_ID) values ('COM032','WC01','회원가입','회원가입','Y',to_date('18/04/03','RR/MM/DD'),'SYSTEM',to_date('18/04/03','RR/MM/DD'),'SYSTEM');
Insert into EC4USER.COMTCCMMNDETAILCODE (CODE_ID,CODE,CODE_NM,CODE_DC,USE_AT,FRST_REGIST_PNTTM,FRST_REGISTER_ID,LAST_UPDT_PNTTM,LAST_UPDUSR_ID) values ('COM032','WC02','사용자등록','사용자등록','Y',to_date('18/04/03','RR/MM/DD'),'SYSTEM',to_date('18/04/03','RR/MM/DD'),'SYSTEM');
Insert into EC4USER.COMTCCMMNDETAILCODE (CODE_ID,CODE,CODE_NM,CODE_DC,USE_AT,FRST_REGIST_PNTTM,FRST_REGISTER_ID,LAST_UPDT_PNTTM,LAST_UPDUSR_ID) values ('COM032','WC03','회원탈퇴','회원탈퇴','Y',to_date('18/04/03','RR/MM/DD'),'SYSTEM',to_date('18/04/03','RR/MM/DD'),'SYSTEM');
Insert into EC4USER.COMTCCMMNDETAILCODE (CODE_ID,CODE,CODE_NM,CODE_DC,USE_AT,FRST_REGIST_PNTTM,FRST_REGISTER_ID,LAST_UPDT_PNTTM,LAST_UPDUSR_ID) values ('COM032','WC04','사용자삭제','사용자삭제','Y',to_date('18/04/03','RR/MM/DD'),'SYSTEM',to_date('18/04/03','RR/MM/DD'),'SYSTEM');
Insert into EC4USER.COMTCCMMNDETAILCODE (CODE_ID,CODE,CODE_NM,CODE_DC,USE_AT,FRST_REGIST_PNTTM,FRST_REGISTER_ID,LAST_UPDT_PNTTM,LAST_UPDUSR_ID) values ('COM032','WC05','커뮤니티등록','커뮤니티등록','Y',to_date('18/04/03','RR/MM/DD'),'SYSTEM',to_date('18/04/03','RR/MM/DD'),'SYSTEM');
Insert into EC4USER.COMTCCMMNDETAILCODE (CODE_ID,CODE,CODE_NM,CODE_DC,USE_AT,FRST_REGIST_PNTTM,FRST_REGISTER_ID,LAST_UPDT_PNTTM,LAST_UPDUSR_ID) values ('COM032','WC06','동호회등록','동호회등록','Y',to_date('18/04/03','RR/MM/DD'),'SYSTEM',to_date('18/04/03','RR/MM/DD'),'SYSTEM');
Insert into EC4USER.COMTCCMMNDETAILCODE (CODE_ID,CODE,CODE_NM,CODE_DC,USE_AT,FRST_REGIST_PNTTM,FRST_REGISTER_ID,LAST_UPDT_PNTTM,LAST_UPDUSR_ID) values ('COM032','WC07','커뮤니티폐쇄','커뮤니티폐쇄','Y',to_date('18/04/03','RR/MM/DD'),'SYSTEM',to_date('18/04/03','RR/MM/DD'),'SYSTEM');
Insert into EC4USER.COMTCCMMNDETAILCODE (CODE_ID,CODE,CODE_NM,CODE_DC,USE_AT,FRST_REGIST_PNTTM,FRST_REGISTER_ID,LAST_UPDT_PNTTM,LAST_UPDUSR_ID) values ('COM032','WC08','동호회폐쇄','동호회폐쇄','Y',to_date('18/04/03','RR/MM/DD'),'SYSTEM',to_date('18/04/03','RR/MM/DD'),'SYSTEM');
Insert into EC4USER.COMTCCMMNDETAILCODE (CODE_ID,CODE,CODE_NM,CODE_DC,USE_AT,FRST_REGIST_PNTTM,FRST_REGISTER_ID,LAST_UPDT_PNTTM,LAST_UPDUSR_ID) values ('COM032','WC09','게시판등록','게시판등록','Y',to_date('18/04/03','RR/MM/DD'),'SYSTEM',to_date('18/04/03','RR/MM/DD'),'SYSTEM');
Insert into EC4USER.COMTCCMMNDETAILCODE (CODE_ID,CODE,CODE_NM,CODE_DC,USE_AT,FRST_REGIST_PNTTM,FRST_REGISTER_ID,LAST_UPDT_PNTTM,LAST_UPDUSR_ID) values ('COM032','WC10','게시판폐쇄','게시판폐쇄','Y',to_date('18/04/03','RR/MM/DD'),'SYSTEM',to_date('18/04/03','RR/MM/DD'),'SYSTEM');
Insert into EC4USER.COMTCCMMNDETAILCODE (CODE_ID,CODE,CODE_NM,CODE_DC,USE_AT,FRST_REGIST_PNTTM,FRST_REGISTER_ID,LAST_UPDT_PNTTM,LAST_UPDUSR_ID) values ('COM033','C','생성','생성','Y',to_date('18/04/03','RR/MM/DD'),'SYSTEM',to_date('18/04/03','RR/MM/DD'),'SYSTEM');
Insert into EC4USER.COMTCCMMNDETAILCODE (CODE_ID,CODE,CODE_NM,CODE_DC,USE_AT,FRST_REGIST_PNTTM,FRST_REGISTER_ID,LAST_UPDT_PNTTM,LAST_UPDUSR_ID) values ('COM033','R','조회','조회','Y',to_date('18/04/03','RR/MM/DD'),'SYSTEM',to_date('18/04/03','RR/MM/DD'),'SYSTEM');
Insert into EC4USER.COMTCCMMNDETAILCODE (CODE_ID,CODE,CODE_NM,CODE_DC,USE_AT,FRST_REGIST_PNTTM,FRST_REGISTER_ID,LAST_UPDT_PNTTM,LAST_UPDUSR_ID) values ('COM033','U','수정','수정','Y',to_date('18/04/03','RR/MM/DD'),'SYSTEM',to_date('18/04/03','RR/MM/DD'),'SYSTEM');
Insert into EC4USER.COMTCCMMNDETAILCODE (CODE_ID,CODE,CODE_NM,CODE_DC,USE_AT,FRST_REGIST_PNTTM,FRST_REGISTER_ID,LAST_UPDT_PNTTM,LAST_UPDUSR_ID) values ('COM033','D','삭제','삭제','Y',to_date('18/04/03','RR/MM/DD'),'SYSTEM',to_date('18/04/03','RR/MM/DD'),'SYSTEM');
Insert into EC4USER.COMTCCMMNDETAILCODE (CODE_ID,CODE,CODE_NM,CODE_DC,USE_AT,FRST_REGIST_PNTTM,FRST_REGISTER_ID,LAST_UPDT_PNTTM,LAST_UPDUSR_ID) values ('COM034','1','학생','학생','Y',to_date('18/04/03','RR/MM/DD'),'SYSTEM',to_date('18/04/03','RR/MM/DD'),'SYSTEM');
Insert into EC4USER.COMTCCMMNDETAILCODE (CODE_ID,CODE,CODE_NM,CODE_DC,USE_AT,FRST_REGIST_PNTTM,FRST_REGISTER_ID,LAST_UPDT_PNTTM,LAST_UPDUSR_ID) values ('COM034','2','대학생','대학생','Y',to_date('18/04/03','RR/MM/DD'),'SYSTEM',to_date('18/04/03','RR/MM/DD'),'SYSTEM');
Insert into EC4USER.COMTCCMMNDETAILCODE (CODE_ID,CODE,CODE_NM,CODE_DC,USE_AT,FRST_REGIST_PNTTM,FRST_REGISTER_ID,LAST_UPDT_PNTTM,LAST_UPDUSR_ID) values ('COM034','3','군인','군인','Y',to_date('18/04/03','RR/MM/DD'),'SYSTEM',to_date('18/04/03','RR/MM/DD'),'SYSTEM');
Insert into EC4USER.COMTCCMMNDETAILCODE (CODE_ID,CODE,CODE_NM,CODE_DC,USE_AT,FRST_REGIST_PNTTM,FRST_REGISTER_ID,LAST_UPDT_PNTTM,LAST_UPDUSR_ID) values ('COM034','4','교사','교사','Y',to_date('18/04/03','RR/MM/DD'),'SYSTEM',to_date('18/04/03','RR/MM/DD'),'SYSTEM');
Insert into EC4USER.COMTCCMMNDETAILCODE (CODE_ID,CODE,CODE_NM,CODE_DC,USE_AT,FRST_REGIST_PNTTM,FRST_REGISTER_ID,LAST_UPDT_PNTTM,LAST_UPDUSR_ID) values ('COM034','5','기타','기타','Y',to_date('18/04/03','RR/MM/DD'),'SYSTEM',to_date('18/04/03','RR/MM/DD'),'SYSTEM');
Insert into EC4USER.COMTCCMMNDETAILCODE (CODE_ID,CODE,CODE_NM,CODE_DC,USE_AT,FRST_REGIST_PNTTM,FRST_REGISTER_ID,LAST_UPDT_PNTTM,LAST_UPDUSR_ID) values ('COM035','1','행사','행사','Y',to_date('18/04/03','RR/MM/DD'),'SYSTEM',to_date('18/04/03','RR/MM/DD'),'SYSTEM');
Insert into EC4USER.COMTCCMMNDETAILCODE (CODE_ID,CODE,CODE_NM,CODE_DC,USE_AT,FRST_REGIST_PNTTM,FRST_REGISTER_ID,LAST_UPDT_PNTTM,LAST_UPDUSR_ID) values ('COM035','2','이벤트','이벤트','Y',to_date('18/04/03','RR/MM/DD'),'SYSTEM',to_date('18/04/03','RR/MM/DD'),'SYSTEM');
Insert into EC4USER.COMTCCMMNDETAILCODE (CODE_ID,CODE,CODE_NM,CODE_DC,USE_AT,FRST_REGIST_PNTTM,FRST_REGISTER_ID,LAST_UPDT_PNTTM,LAST_UPDUSR_ID) values ('COM035','3','캠페인','캠페인','Y',to_date('18/04/03','RR/MM/DD'),'SYSTEM',to_date('18/04/03','RR/MM/DD'),'SYSTEM');
Insert into EC4USER.COMTCCMMNDETAILCODE (CODE_ID,CODE,CODE_NM,CODE_DC,USE_AT,FRST_REGIST_PNTTM,FRST_REGISTER_ID,LAST_UPDT_PNTTM,LAST_UPDUSR_ID) values ('COM036','01','작성','작성','Y',to_date('18/04/03','RR/MM/DD'),'SYSTEM',to_date('18/04/03','RR/MM/DD'),'SYSTEM');
Insert into EC4USER.COMTCCMMNDETAILCODE (CODE_ID,CODE,CODE_NM,CODE_DC,USE_AT,FRST_REGIST_PNTTM,FRST_REGISTER_ID,LAST_UPDT_PNTTM,LAST_UPDUSR_ID) values ('COM036','02','상신','상신','Y',to_date('18/04/03','RR/MM/DD'),'SYSTEM',to_date('18/04/03','RR/MM/DD'),'SYSTEM');
Insert into EC4USER.COMTCCMMNDETAILCODE (CODE_ID,CODE,CODE_NM,CODE_DC,USE_AT,FRST_REGIST_PNTTM,FRST_REGISTER_ID,LAST_UPDT_PNTTM,LAST_UPDUSR_ID) values ('COM036','03','반려','반려','Y',to_date('18/04/03','RR/MM/DD'),'SYSTEM',to_date('18/04/03','RR/MM/DD'),'SYSTEM');
Insert into EC4USER.COMTCCMMNDETAILCODE (CODE_ID,CODE,CODE_NM,CODE_DC,USE_AT,FRST_REGIST_PNTTM,FRST_REGISTER_ID,LAST_UPDT_PNTTM,LAST_UPDUSR_ID) values ('COM036','04','결재완료','결재완료','Y',to_date('18/04/03','RR/MM/DD'),'SYSTEM',to_date('18/04/03','RR/MM/DD'),'SYSTEM');
Insert into EC4USER.COMTCCMMNDETAILCODE (CODE_ID,CODE,CODE_NM,CODE_DC,USE_AT,FRST_REGIST_PNTTM,FRST_REGISTER_ID,LAST_UPDT_PNTTM,LAST_UPDUSR_ID) values ('COM038','N','N','아니오','Y',to_date('18/04/03','RR/MM/DD'),'SYSTEM',to_date('18/04/03','RR/MM/DD'),'SYSTEM');
Insert into EC4USER.COMTCCMMNDETAILCODE (CODE_ID,CODE,CODE_NM,CODE_DC,USE_AT,FRST_REGIST_PNTTM,FRST_REGISTER_ID,LAST_UPDT_PNTTM,LAST_UPDUSR_ID) values ('COM038','Y','Y','예','Y',to_date('18/04/03','RR/MM/DD'),'SYSTEM',to_date('18/04/03','RR/MM/DD'),'SYSTEM');
Insert into EC4USER.COMTCCMMNDETAILCODE (CODE_ID,CODE,CODE_NM,CODE_DC,USE_AT,FRST_REGIST_PNTTM,FRST_REGISTER_ID,LAST_UPDT_PNTTM,LAST_UPDUSR_ID) values ('COM039','001','사회','사회','Y',to_date('18/04/03','RR/MM/DD'),'SYSTEM',to_date('18/04/03','RR/MM/DD'),'SYSTEM');
Insert into EC4USER.COMTCCMMNDETAILCODE (CODE_ID,CODE,CODE_NM,CODE_DC,USE_AT,FRST_REGIST_PNTTM,FRST_REGISTER_ID,LAST_UPDT_PNTTM,LAST_UPDUSR_ID) values ('COM039','002','정치','정치','Y',to_date('18/04/03','RR/MM/DD'),'SYSTEM',to_date('18/04/03','RR/MM/DD'),'SYSTEM');
Insert into EC4USER.COMTCCMMNDETAILCODE (CODE_ID,CODE,CODE_NM,CODE_DC,USE_AT,FRST_REGIST_PNTTM,FRST_REGISTER_ID,LAST_UPDT_PNTTM,LAST_UPDUSR_ID) values ('COM039','003','경제','경제','Y',to_date('18/04/03','RR/MM/DD'),'SYSTEM',to_date('18/04/03','RR/MM/DD'),'SYSTEM');
Insert into EC4USER.COMTCCMMNDETAILCODE (CODE_ID,CODE,CODE_NM,CODE_DC,USE_AT,FRST_REGIST_PNTTM,FRST_REGISTER_ID,LAST_UPDT_PNTTM,LAST_UPDUSR_ID) values ('COM039','004','문화','문화','Y',to_date('18/04/03','RR/MM/DD'),'SYSTEM',to_date('18/04/03','RR/MM/DD'),'SYSTEM');
Insert into EC4USER.COMTCCMMNDETAILCODE (CODE_ID,CODE,CODE_NM,CODE_DC,USE_AT,FRST_REGIST_PNTTM,FRST_REGISTER_ID,LAST_UPDT_PNTTM,LAST_UPDUSR_ID) values ('COM039','005','인문','인문','Y',to_date('18/04/03','RR/MM/DD'),'SYSTEM',to_date('18/04/03','RR/MM/DD'),'SYSTEM');
Insert into EC4USER.COMTCCMMNDETAILCODE (CODE_ID,CODE,CODE_NM,CODE_DC,USE_AT,FRST_REGIST_PNTTM,FRST_REGISTER_ID,LAST_UPDT_PNTTM,LAST_UPDUSR_ID) values ('COM039','006','공학','공학','Y',to_date('18/04/03','RR/MM/DD'),'SYSTEM',to_date('18/04/03','RR/MM/DD'),'SYSTEM');
Insert into EC4USER.COMTCCMMNDETAILCODE (CODE_ID,CODE,CODE_NM,CODE_DC,USE_AT,FRST_REGIST_PNTTM,FRST_REGISTER_ID,LAST_UPDT_PNTTM,LAST_UPDUSR_ID) values ('COM039','007','기타','기타','Y',to_date('18/04/03','RR/MM/DD'),'SYSTEM',to_date('18/04/03','RR/MM/DD'),'SYSTEM');
Insert into EC4USER.COMTCCMMNDETAILCODE (CODE_ID,CODE,CODE_NM,CODE_DC,USE_AT,FRST_REGIST_PNTTM,FRST_REGISTER_ID,LAST_UPDT_PNTTM,LAST_UPDUSR_ID) values ('COM040','01','휴가계획서','휴가계획서','Y',to_date('18/04/03','RR/MM/DD'),'SYSTEM',to_date('18/04/03','RR/MM/DD'),'SYSTEM');
Insert into EC4USER.COMTCCMMNDETAILCODE (CODE_ID,CODE,CODE_NM,CODE_DC,USE_AT,FRST_REGIST_PNTTM,FRST_REGISTER_ID,LAST_UPDT_PNTTM,LAST_UPDUSR_ID) values ('COM040','02','출장보고서','출장보고서','Y',to_date('18/04/03','RR/MM/DD'),'SYSTEM',to_date('18/04/03','RR/MM/DD'),'SYSTEM');
Insert into EC4USER.COMTCCMMNDETAILCODE (CODE_ID,CODE,CODE_NM,CODE_DC,USE_AT,FRST_REGIST_PNTTM,FRST_REGISTER_ID,LAST_UPDT_PNTTM,LAST_UPDUSR_ID) values ('COM040','03','교육보고서','교육보고서','Y',to_date('18/04/03','RR/MM/DD'),'SYSTEM',to_date('18/04/03','RR/MM/DD'),'SYSTEM');
Insert into EC4USER.COMTCCMMNDETAILCODE (CODE_ID,CODE,CODE_NM,CODE_DC,USE_AT,FRST_REGIST_PNTTM,FRST_REGISTER_ID,LAST_UPDT_PNTTM,LAST_UPDUSR_ID) values ('COM040','04','판품요청서','판품요청서','Y',to_date('18/04/03','RR/MM/DD'),'SYSTEM',to_date('18/04/03','RR/MM/DD'),'SYSTEM');
Insert into EC4USER.COMTCCMMNDETAILCODE (CODE_ID,CODE,CODE_NM,CODE_DC,USE_AT,FRST_REGIST_PNTTM,FRST_REGISTER_ID,LAST_UPDT_PNTTM,LAST_UPDUSR_ID) values ('COM040','05','지원요청서','지원요청서','Y',to_date('18/04/03','RR/MM/DD'),'SYSTEM',to_date('18/04/03','RR/MM/DD'),'SYSTEM');
Insert into EC4USER.COMTCCMMNDETAILCODE (CODE_ID,CODE,CODE_NM,CODE_DC,USE_AT,FRST_REGIST_PNTTM,FRST_REGISTER_ID,LAST_UPDT_PNTTM,LAST_UPDUSR_ID) values ('COM041','001','절차설명','절차설명','Y',to_date('18/04/03','RR/MM/DD'),'SYSTEM',to_date('18/04/03','RR/MM/DD'),'SYSTEM');
Insert into EC4USER.COMTCCMMNDETAILCODE (CODE_ID,CODE,CODE_NM,CODE_DC,USE_AT,FRST_REGIST_PNTTM,FRST_REGISTER_ID,LAST_UPDT_PNTTM,LAST_UPDUSR_ID) values ('COM041','002','기능설명','기능설명','Y',to_date('18/04/03','RR/MM/DD'),'SYSTEM',to_date('18/04/03','RR/MM/DD'),'SYSTEM');
Insert into EC4USER.COMTCCMMNDETAILCODE (CODE_ID,CODE,CODE_NM,CODE_DC,USE_AT,FRST_REGIST_PNTTM,FRST_REGISTER_ID,LAST_UPDT_PNTTM,LAST_UPDUSR_ID) values ('COM041','003','기타설명','기타설명','Y',to_date('18/04/03','RR/MM/DD'),'SYSTEM',to_date('18/04/03','RR/MM/DD'),'SYSTEM');
Insert into EC4USER.COMTCCMMNDETAILCODE (CODE_ID,CODE,CODE_NM,CODE_DC,USE_AT,FRST_REGIST_PNTTM,FRST_REGISTER_ID,LAST_UPDT_PNTTM,LAST_UPDUSR_ID) values ('COM042','%Y','연도별','연도별','Y',to_date('18/04/03','RR/MM/DD'),'SYSTEM',to_date('18/04/03','RR/MM/DD'),'SYSTEM');
Insert into EC4USER.COMTCCMMNDETAILCODE (CODE_ID,CODE,CODE_NM,CODE_DC,USE_AT,FRST_REGIST_PNTTM,FRST_REGISTER_ID,LAST_UPDT_PNTTM,LAST_UPDUSR_ID) values ('COM042','%Y-%m','월별','월별','Y',to_date('18/04/03','RR/MM/DD'),'SYSTEM',to_date('18/04/03','RR/MM/DD'),'SYSTEM');
Insert into EC4USER.COMTCCMMNDETAILCODE (CODE_ID,CODE,CODE_NM,CODE_DC,USE_AT,FRST_REGIST_PNTTM,FRST_REGISTER_ID,LAST_UPDT_PNTTM,LAST_UPDUSR_ID) values ('COM042','%Y-%m-%d','일별','일별','Y',to_date('18/04/03','RR/MM/DD'),'SYSTEM',to_date('18/04/03','RR/MM/DD'),'SYSTEM');
Insert into EC4USER.COMTCCMMNDETAILCODE (CODE_ID,CODE,CODE_NM,CODE_DC,USE_AT,FRST_REGIST_PNTTM,FRST_REGISTER_ID,LAST_UPDT_PNTTM,LAST_UPDUSR_ID) values ('COM043','01','생성','생성','Y',to_date('18/04/03','RR/MM/DD'),'SYSTEM',to_date('18/04/03','RR/MM/DD'),'SYSTEM');
Insert into EC4USER.COMTCCMMNDETAILCODE (CODE_ID,CODE,CODE_NM,CODE_DC,USE_AT,FRST_REGIST_PNTTM,FRST_REGISTER_ID,LAST_UPDT_PNTTM,LAST_UPDUSR_ID) values ('COM043','02','변경','변경','Y',to_date('18/04/03','RR/MM/DD'),'SYSTEM',to_date('18/04/03','RR/MM/DD'),'SYSTEM');
Insert into EC4USER.COMTCCMMNDETAILCODE (CODE_ID,CODE,CODE_NM,CODE_DC,USE_AT,FRST_REGIST_PNTTM,FRST_REGISTER_ID,LAST_UPDT_PNTTM,LAST_UPDUSR_ID) values ('COM043','03','말소','말소','Y',to_date('18/04/03','RR/MM/DD'),'SYSTEM',to_date('18/04/03','RR/MM/DD'),'SYSTEM');
Insert into EC4USER.COMTCCMMNDETAILCODE (CODE_ID,CODE,CODE_NM,CODE_DC,USE_AT,FRST_REGIST_PNTTM,FRST_REGISTER_ID,LAST_UPDT_PNTTM,LAST_UPDUSR_ID) values ('COM044','00','수신처리','수신처리','Y',to_date('18/04/03','RR/MM/DD'),'SYSTEM',to_date('18/04/03','RR/MM/DD'),'SYSTEM');
Insert into EC4USER.COMTCCMMNDETAILCODE (CODE_ID,CODE,CODE_NM,CODE_DC,USE_AT,FRST_REGIST_PNTTM,FRST_REGISTER_ID,LAST_UPDT_PNTTM,LAST_UPDUSR_ID) values ('COM044','01','처리완료','처리완료','Y',to_date('18/04/03','RR/MM/DD'),'SYSTEM',to_date('18/04/03','RR/MM/DD'),'SYSTEM');
Insert into EC4USER.COMTCCMMNDETAILCODE (CODE_ID,CODE,CODE_NM,CODE_DC,USE_AT,FRST_REGIST_PNTTM,FRST_REGISTER_ID,LAST_UPDT_PNTTM,LAST_UPDUSR_ID) values ('COM044','10','기등록','기등록','Y',to_date('18/04/03','RR/MM/DD'),'SYSTEM',to_date('18/04/03','RR/MM/DD'),'SYSTEM');
Insert into EC4USER.COMTCCMMNDETAILCODE (CODE_ID,CODE,CODE_NM,CODE_DC,USE_AT,FRST_REGIST_PNTTM,FRST_REGISTER_ID,LAST_UPDT_PNTTM,LAST_UPDUSR_ID) values ('COM044','11','생성오류','생성오류','Y',to_date('18/04/03','RR/MM/DD'),'SYSTEM',to_date('18/04/03','RR/MM/DD'),'SYSTEM');
Insert into EC4USER.COMTCCMMNDETAILCODE (CODE_ID,CODE,CODE_NM,CODE_DC,USE_AT,FRST_REGIST_PNTTM,FRST_REGISTER_ID,LAST_UPDT_PNTTM,LAST_UPDUSR_ID) values ('COM044','12','변경오류','변경오류','Y',to_date('18/04/03','RR/MM/DD'),'SYSTEM',to_date('18/04/03','RR/MM/DD'),'SYSTEM');
Insert into EC4USER.COMTCCMMNDETAILCODE (CODE_ID,CODE,CODE_NM,CODE_DC,USE_AT,FRST_REGIST_PNTTM,FRST_REGISTER_ID,LAST_UPDT_PNTTM,LAST_UPDUSR_ID) values ('COM044','13','말소오류','말소오류','Y',to_date('18/04/03','RR/MM/DD'),'SYSTEM',to_date('18/04/03','RR/MM/DD'),'SYSTEM');
Insert into EC4USER.COMTCCMMNDETAILCODE (CODE_ID,CODE,CODE_NM,CODE_DC,USE_AT,FRST_REGIST_PNTTM,FRST_REGISTER_ID,LAST_UPDT_PNTTM,LAST_UPDUSR_ID) values ('COM046','01','정상','정상','Y',to_date('18/04/03','RR/MM/DD'),'SYSTEM',to_date('18/04/03','RR/MM/DD'),'SYSTEM');
Insert into EC4USER.COMTCCMMNDETAILCODE (CODE_ID,CODE,CODE_NM,CODE_DC,USE_AT,FRST_REGIST_PNTTM,FRST_REGISTER_ID,LAST_UPDT_PNTTM,LAST_UPDUSR_ID) values ('COM046','02','비정상','비정상','Y',to_date('18/04/03','RR/MM/DD'),'SYSTEM',to_date('18/04/03','RR/MM/DD'),'SYSTEM');
Insert into EC4USER.COMTCCMMNDETAILCODE (CODE_ID,CODE,CODE_NM,CODE_DC,USE_AT,FRST_REGIST_PNTTM,FRST_REGISTER_ID,LAST_UPDT_PNTTM,LAST_UPDUSR_ID) values ('COM047','01','매일','매일','Y',to_date('18/04/03','RR/MM/DD'),'SYSTEM',to_date('18/04/03','RR/MM/DD'),'SYSTEM');
Insert into EC4USER.COMTCCMMNDETAILCODE (CODE_ID,CODE,CODE_NM,CODE_DC,USE_AT,FRST_REGIST_PNTTM,FRST_REGISTER_ID,LAST_UPDT_PNTTM,LAST_UPDUSR_ID) values ('COM047','02','매주','매주','Y',to_date('18/04/03','RR/MM/DD'),'SYSTEM',to_date('18/04/03','RR/MM/DD'),'SYSTEM');
Insert into EC4USER.COMTCCMMNDETAILCODE (CODE_ID,CODE,CODE_NM,CODE_DC,USE_AT,FRST_REGIST_PNTTM,FRST_REGISTER_ID,LAST_UPDT_PNTTM,LAST_UPDUSR_ID) values ('COM047','03','매월','매월','Y',to_date('18/04/03','RR/MM/DD'),'SYSTEM',to_date('18/04/03','RR/MM/DD'),'SYSTEM');
Insert into EC4USER.COMTCCMMNDETAILCODE (CODE_ID,CODE,CODE_NM,CODE_DC,USE_AT,FRST_REGIST_PNTTM,FRST_REGISTER_ID,LAST_UPDT_PNTTM,LAST_UPDUSR_ID) values ('COM047','04','매년','매년','Y',to_date('18/04/03','RR/MM/DD'),'SYSTEM',to_date('18/04/03','RR/MM/DD'),'SYSTEM');
Insert into EC4USER.COMTCCMMNDETAILCODE (CODE_ID,CODE,CODE_NM,CODE_DC,USE_AT,FRST_REGIST_PNTTM,FRST_REGISTER_ID,LAST_UPDT_PNTTM,LAST_UPDUSR_ID) values ('COM047','05','한번만','한번만','Y',to_date('18/04/03','RR/MM/DD'),'SYSTEM',to_date('18/04/03','RR/MM/DD'),'SYSTEM');
Insert into EC4USER.COMTCCMMNDETAILCODE (CODE_ID,CODE,CODE_NM,CODE_DC,USE_AT,FRST_REGIST_PNTTM,FRST_REGISTER_ID,LAST_UPDT_PNTTM,LAST_UPDUSR_ID) values ('COM048','01','Oracle','Oracle','Y',to_date('18/04/03','RR/MM/DD'),'SYSTEM',to_date('18/04/03','RR/MM/DD'),'SYSTEM');
Insert into EC4USER.COMTCCMMNDETAILCODE (CODE_ID,CODE,CODE_NM,CODE_DC,USE_AT,FRST_REGIST_PNTTM,FRST_REGISTER_ID,LAST_UPDT_PNTTM,LAST_UPDUSR_ID) values ('COM048','02','Mysql','Mysql','Y',to_date('18/04/03','RR/MM/DD'),'SYSTEM',to_date('18/04/03','RR/MM/DD'),'SYSTEM');
Insert into EC4USER.COMTCCMMNDETAILCODE (CODE_ID,CODE,CODE_NM,CODE_DC,USE_AT,FRST_REGIST_PNTTM,FRST_REGISTER_ID,LAST_UPDT_PNTTM,LAST_UPDUSR_ID) values ('COM048','03','Tibero','Tibero','Y',to_date('18/04/03','RR/MM/DD'),'SYSTEM',to_date('18/04/03','RR/MM/DD'),'SYSTEM');
Insert into EC4USER.COMTCCMMNDETAILCODE (CODE_ID,CODE,CODE_NM,CODE_DC,USE_AT,FRST_REGIST_PNTTM,FRST_REGISTER_ID,LAST_UPDT_PNTTM,LAST_UPDUSR_ID) values ('COM048','04','Altibase','Altibase','Y',to_date('18/04/03','RR/MM/DD'),'SYSTEM',to_date('18/04/03','RR/MM/DD'),'SYSTEM');
Insert into EC4USER.COMTCCMMNDETAILCODE (CODE_ID,CODE,CODE_NM,CODE_DC,USE_AT,FRST_REGIST_PNTTM,FRST_REGISTER_ID,LAST_UPDT_PNTTM,LAST_UPDUSR_ID) values ('COM049','01','Tar','Tar','Y',to_date('18/04/03','RR/MM/DD'),'SYSTEM',to_date('18/04/03','RR/MM/DD'),'SYSTEM');
Insert into EC4USER.COMTCCMMNDETAILCODE (CODE_ID,CODE,CODE_NM,CODE_DC,USE_AT,FRST_REGIST_PNTTM,FRST_REGISTER_ID,LAST_UPDT_PNTTM,LAST_UPDUSR_ID) values ('COM049','02','ZIP','ZIP','Y',to_date('18/04/03','RR/MM/DD'),'SYSTEM',to_date('18/04/03','RR/MM/DD'),'SYSTEM');
Insert into EC4USER.COMTCCMMNDETAILCODE (CODE_ID,CODE,CODE_NM,CODE_DC,USE_AT,FRST_REGIST_PNTTM,FRST_REGISTER_ID,LAST_UPDT_PNTTM,LAST_UPDUSR_ID) values ('COM050','1','수신','수신','Y',to_date('18/04/03','RR/MM/DD'),'SYSTEM',to_date('18/04/03','RR/MM/DD'),'SYSTEM');
Insert into EC4USER.COMTCCMMNDETAILCODE (CODE_ID,CODE,CODE_NM,CODE_DC,USE_AT,FRST_REGIST_PNTTM,FRST_REGISTER_ID,LAST_UPDT_PNTTM,LAST_UPDUSR_ID) values ('COM050','2','참조','참조','Y',to_date('18/04/03','RR/MM/DD'),'SYSTEM',to_date('18/04/03','RR/MM/DD'),'SYSTEM');
Insert into EC4USER.COMTCCMMNDETAILCODE (CODE_ID,CODE,CODE_NM,CODE_DC,USE_AT,FRST_REGIST_PNTTM,FRST_REGISTER_ID,LAST_UPDT_PNTTM,LAST_UPDUSR_ID) values ('COM051','01','신청중','신청중','Y',to_date('18/04/03','RR/MM/DD'),'SYSTEM',to_date('18/04/03','RR/MM/DD'),'SYSTEM');
Insert into EC4USER.COMTCCMMNDETAILCODE (CODE_ID,CODE,CODE_NM,CODE_DC,USE_AT,FRST_REGIST_PNTTM,FRST_REGISTER_ID,LAST_UPDT_PNTTM,LAST_UPDUSR_ID) values ('COM051','02','승인','승인','Y',to_date('18/04/03','RR/MM/DD'),'SYSTEM',to_date('18/04/03','RR/MM/DD'),'SYSTEM');
Insert into EC4USER.COMTCCMMNDETAILCODE (CODE_ID,CODE,CODE_NM,CODE_DC,USE_AT,FRST_REGIST_PNTTM,FRST_REGISTER_ID,LAST_UPDT_PNTTM,LAST_UPDUSR_ID) values ('COM051','03','반려','반려','Y',to_date('18/04/03','RR/MM/DD'),'SYSTEM',to_date('18/04/03','RR/MM/DD'),'SYSTEM');
Insert into EC4USER.COMTCCMMNDETAILCODE (CODE_ID,CODE,CODE_NM,CODE_DC,USE_AT,FRST_REGIST_PNTTM,FRST_REGISTER_ID,LAST_UPDT_PNTTM,LAST_UPDUSR_ID) values ('COM052','01','양력','양력','Y',to_date('18/04/03','RR/MM/DD'),'SYSTEM',to_date('18/04/03','RR/MM/DD'),'SYSTEM');
Insert into EC4USER.COMTCCMMNDETAILCODE (CODE_ID,CODE,CODE_NM,CODE_DC,USE_AT,FRST_REGIST_PNTTM,FRST_REGISTER_ID,LAST_UPDT_PNTTM,LAST_UPDUSR_ID) values ('COM052','02','음력','음력','Y',to_date('18/04/03','RR/MM/DD'),'SYSTEM',to_date('18/04/03','RR/MM/DD'),'SYSTEM');
Insert into EC4USER.COMTCCMMNDETAILCODE (CODE_ID,CODE,CODE_NM,CODE_DC,USE_AT,FRST_REGIST_PNTTM,FRST_REGISTER_ID,LAST_UPDT_PNTTM,LAST_UPDUSR_ID) values ('COM053','01','교육','교육','Y',to_date('18/04/03','RR/MM/DD'),'SYSTEM',to_date('18/04/03','RR/MM/DD'),'SYSTEM');
Insert into EC4USER.COMTCCMMNDETAILCODE (CODE_ID,CODE,CODE_NM,CODE_DC,USE_AT,FRST_REGIST_PNTTM,FRST_REGISTER_ID,LAST_UPDT_PNTTM,LAST_UPDUSR_ID) values ('COM053','02','세미나','세미나','Y',to_date('18/04/03','RR/MM/DD'),'SYSTEM',to_date('18/04/03','RR/MM/DD'),'SYSTEM');
Insert into EC4USER.COMTCCMMNDETAILCODE (CODE_ID,CODE,CODE_NM,CODE_DC,USE_AT,FRST_REGIST_PNTTM,FRST_REGISTER_ID,LAST_UPDT_PNTTM,LAST_UPDUSR_ID) values ('COM053','03','홍보','홍보','Y',to_date('18/04/03','RR/MM/DD'),'SYSTEM',to_date('18/04/03','RR/MM/DD'),'SYSTEM');
Insert into EC4USER.COMTCCMMNDETAILCODE (CODE_ID,CODE,CODE_NM,CODE_DC,USE_AT,FRST_REGIST_PNTTM,FRST_REGISTER_ID,LAST_UPDT_PNTTM,LAST_UPDUSR_ID) values ('COM053','04','단합','단합','Y',to_date('18/04/03','RR/MM/DD'),'SYSTEM',to_date('18/04/03','RR/MM/DD'),'SYSTEM');
Insert into EC4USER.COMTCCMMNDETAILCODE (CODE_ID,CODE,CODE_NM,CODE_DC,USE_AT,FRST_REGIST_PNTTM,FRST_REGISTER_ID,LAST_UPDT_PNTTM,LAST_UPDUSR_ID) values ('COM053','05','간담회','간담회','Y',to_date('18/04/03','RR/MM/DD'),'SYSTEM',to_date('18/04/03','RR/MM/DD'),'SYSTEM');
Insert into EC4USER.COMTCCMMNDETAILCODE (CODE_ID,CODE,CODE_NM,CODE_DC,USE_AT,FRST_REGIST_PNTTM,FRST_REGISTER_ID,LAST_UPDT_PNTTM,LAST_UPDUSR_ID) values ('COM053','99','기타','기타','Y',to_date('18/04/03','RR/MM/DD'),'SYSTEM',to_date('18/04/03','RR/MM/DD'),'SYSTEM');
Insert into EC4USER.COMTCCMMNDETAILCODE (CODE_ID,CODE,CODE_NM,CODE_DC,USE_AT,FRST_REGIST_PNTTM,FRST_REGISTER_ID,LAST_UPDT_PNTTM,LAST_UPDUSR_ID) values ('COM054','01','결혼','결혼','Y',to_date('18/04/03','RR/MM/DD'),'SYSTEM',to_date('18/04/03','RR/MM/DD'),'SYSTEM');
Insert into EC4USER.COMTCCMMNDETAILCODE (CODE_ID,CODE,CODE_NM,CODE_DC,USE_AT,FRST_REGIST_PNTTM,FRST_REGISTER_ID,LAST_UPDT_PNTTM,LAST_UPDUSR_ID) values ('COM054','02','출생','출생','Y',to_date('18/04/03','RR/MM/DD'),'SYSTEM',to_date('18/04/03','RR/MM/DD'),'SYSTEM');
Insert into EC4USER.COMTCCMMNDETAILCODE (CODE_ID,CODE,CODE_NM,CODE_DC,USE_AT,FRST_REGIST_PNTTM,FRST_REGISTER_ID,LAST_UPDT_PNTTM,LAST_UPDUSR_ID) values ('COM054','03','회갑','회갑','Y',to_date('18/04/03','RR/MM/DD'),'SYSTEM',to_date('18/04/03','RR/MM/DD'),'SYSTEM');
Insert into EC4USER.COMTCCMMNDETAILCODE (CODE_ID,CODE,CODE_NM,CODE_DC,USE_AT,FRST_REGIST_PNTTM,FRST_REGISTER_ID,LAST_UPDT_PNTTM,LAST_UPDUSR_ID) values ('COM054','04','사망','사망','Y',to_date('18/04/03','RR/MM/DD'),'SYSTEM',to_date('18/04/03','RR/MM/DD'),'SYSTEM');
Insert into EC4USER.COMTCCMMNDETAILCODE (CODE_ID,CODE,CODE_NM,CODE_DC,USE_AT,FRST_REGIST_PNTTM,FRST_REGISTER_ID,LAST_UPDT_PNTTM,LAST_UPDUSR_ID) values ('COM054','05','출산','출산','Y',to_date('18/04/03','RR/MM/DD'),'SYSTEM',to_date('18/04/03','RR/MM/DD'),'SYSTEM');
Insert into EC4USER.COMTCCMMNDETAILCODE (CODE_ID,CODE,CODE_NM,CODE_DC,USE_AT,FRST_REGIST_PNTTM,FRST_REGISTER_ID,LAST_UPDT_PNTTM,LAST_UPDUSR_ID) values ('COM054','99','기타','기타','Y',to_date('18/04/03','RR/MM/DD'),'SYSTEM',to_date('18/04/03','RR/MM/DD'),'SYSTEM');
Insert into EC4USER.COMTCCMMNDETAILCODE (CODE_ID,CODE,CODE_NM,CODE_DC,USE_AT,FRST_REGIST_PNTTM,FRST_REGISTER_ID,LAST_UPDT_PNTTM,LAST_UPDUSR_ID) values ('COM055','01','우수사원','우수사원','Y',to_date('18/04/03','RR/MM/DD'),'SYSTEM',to_date('18/04/03','RR/MM/DD'),'SYSTEM');
Insert into EC4USER.COMTCCMMNDETAILCODE (CODE_ID,CODE,CODE_NM,CODE_DC,USE_AT,FRST_REGIST_PNTTM,FRST_REGISTER_ID,LAST_UPDT_PNTTM,LAST_UPDUSR_ID) values ('COM055','02','우수팀','우수팀','Y',to_date('18/04/03','RR/MM/DD'),'SYSTEM',to_date('18/04/03','RR/MM/DD'),'SYSTEM');
Insert into EC4USER.COMTCCMMNDETAILCODE (CODE_ID,CODE,CODE_NM,CODE_DC,USE_AT,FRST_REGIST_PNTTM,FRST_REGISTER_ID,LAST_UPDT_PNTTM,LAST_UPDUSR_ID) values ('COM055','99','기타','기타','Y',to_date('18/04/03','RR/MM/DD'),'SYSTEM',to_date('18/04/03','RR/MM/DD'),'SYSTEM');
Insert into EC4USER.COMTCCMMNDETAILCODE (CODE_ID,CODE,CODE_NM,CODE_DC,USE_AT,FRST_REGIST_PNTTM,FRST_REGISTER_ID,LAST_UPDT_PNTTM,LAST_UPDUSR_ID) values ('COM056','01','연차휴가','연차휴가','Y',to_date('18/04/03','RR/MM/DD'),'SYSTEM',to_date('18/04/03','RR/MM/DD'),'SYSTEM');
Insert into EC4USER.COMTCCMMNDETAILCODE (CODE_ID,CODE,CODE_NM,CODE_DC,USE_AT,FRST_REGIST_PNTTM,FRST_REGISTER_ID,LAST_UPDT_PNTTM,LAST_UPDUSR_ID) values ('COM056','02','반차휴가','반차휴가','Y',to_date('18/04/03','RR/MM/DD'),'SYSTEM',to_date('18/04/03','RR/MM/DD'),'SYSTEM');
Insert into EC4USER.COMTCCMMNDETAILCODE (CODE_ID,CODE,CODE_NM,CODE_DC,USE_AT,FRST_REGIST_PNTTM,FRST_REGISTER_ID,LAST_UPDT_PNTTM,LAST_UPDUSR_ID) values ('COM056','03','무급휴가','무급휴가','Y',to_date('18/04/03','RR/MM/DD'),'SYSTEM',to_date('18/04/03','RR/MM/DD'),'SYSTEM');
Insert into EC4USER.COMTCCMMNDETAILCODE (CODE_ID,CODE,CODE_NM,CODE_DC,USE_AT,FRST_REGIST_PNTTM,FRST_REGISTER_ID,LAST_UPDT_PNTTM,LAST_UPDUSR_ID) values ('COM056','04','유급휴가','유급휴가','Y',to_date('18/04/03','RR/MM/DD'),'SYSTEM',to_date('18/04/03','RR/MM/DD'),'SYSTEM');
Insert into EC4USER.COMTCCMMNDETAILCODE (CODE_ID,CODE,CODE_NM,CODE_DC,USE_AT,FRST_REGIST_PNTTM,FRST_REGISTER_ID,LAST_UPDT_PNTTM,LAST_UPDUSR_ID) values ('COM056','05','대체휴가','대체휴가','Y',to_date('18/04/03','RR/MM/DD'),'SYSTEM',to_date('18/04/03','RR/MM/DD'),'SYSTEM');
Insert into EC4USER.COMTCCMMNDETAILCODE (CODE_ID,CODE,CODE_NM,CODE_DC,USE_AT,FRST_REGIST_PNTTM,FRST_REGISTER_ID,LAST_UPDT_PNTTM,LAST_UPDUSR_ID) values ('COM056','99','기타','기타','Y',to_date('18/04/03','RR/MM/DD'),'SYSTEM',to_date('18/04/03','RR/MM/DD'),'SYSTEM');
Insert into EC4USER.COMTCCMMNDETAILCODE (CODE_ID,CODE,CODE_NM,CODE_DC,USE_AT,FRST_REGIST_PNTTM,FRST_REGISTER_ID,LAST_UPDT_PNTTM,LAST_UPDUSR_ID) values ('COM057','1','회의','회의','Y',to_date('18/04/03','RR/MM/DD'),'SYSTEM',to_date('18/04/03','RR/MM/DD'),'SYSTEM');
Insert into EC4USER.COMTCCMMNDETAILCODE (CODE_ID,CODE,CODE_NM,CODE_DC,USE_AT,FRST_REGIST_PNTTM,FRST_REGISTER_ID,LAST_UPDT_PNTTM,LAST_UPDUSR_ID) values ('COM057','2','방문','방문','Y',to_date('18/04/03','RR/MM/DD'),'SYSTEM',to_date('18/04/03','RR/MM/DD'),'SYSTEM');
Insert into EC4USER.COMTCCMMNDETAILCODE (CODE_ID,CODE,CODE_NM,CODE_DC,USE_AT,FRST_REGIST_PNTTM,FRST_REGISTER_ID,LAST_UPDT_PNTTM,LAST_UPDUSR_ID) values ('COM057','3','세미나','세미나','Y',to_date('18/04/03','RR/MM/DD'),'SYSTEM',to_date('18/04/03','RR/MM/DD'),'SYSTEM');
Insert into EC4USER.COMTCCMMNDETAILCODE (CODE_ID,CODE,CODE_NM,CODE_DC,USE_AT,FRST_REGIST_PNTTM,FRST_REGISTER_ID,LAST_UPDT_PNTTM,LAST_UPDUSR_ID) values ('COM057','4','기타','기타','Y',to_date('18/04/03','RR/MM/DD'),'SYSTEM',to_date('18/04/03','RR/MM/DD'),'SYSTEM');
Insert into EC4USER.COMTCCMMNDETAILCODE (CODE_ID,CODE,CODE_NM,CODE_DC,USE_AT,FRST_REGIST_PNTTM,FRST_REGISTER_ID,LAST_UPDT_PNTTM,LAST_UPDUSR_ID) values ('COM058','1','반복없음','당일','Y',to_date('18/04/03','RR/MM/DD'),'SYSTEM',to_date('18/04/03','RR/MM/DD'),'SYSTEM');
Insert into EC4USER.COMTCCMMNDETAILCODE (CODE_ID,CODE,CODE_NM,CODE_DC,USE_AT,FRST_REGIST_PNTTM,FRST_REGISTER_ID,LAST_UPDT_PNTTM,LAST_UPDUSR_ID) values ('COM058','2','매일','매일','Y',to_date('18/04/03','RR/MM/DD'),'SYSTEM',to_date('18/04/03','RR/MM/DD'),'SYSTEM');
Insert into EC4USER.COMTCCMMNDETAILCODE (CODE_ID,CODE,CODE_NM,CODE_DC,USE_AT,FRST_REGIST_PNTTM,FRST_REGISTER_ID,LAST_UPDT_PNTTM,LAST_UPDUSR_ID) values ('COM058','3','매주','매주','Y',to_date('18/04/03','RR/MM/DD'),'SYSTEM',to_date('18/04/03','RR/MM/DD'),'SYSTEM');
Insert into EC4USER.COMTCCMMNDETAILCODE (CODE_ID,CODE,CODE_NM,CODE_DC,USE_AT,FRST_REGIST_PNTTM,FRST_REGISTER_ID,LAST_UPDT_PNTTM,LAST_UPDUSR_ID) values ('COM058','4','매월','매월','Y',to_date('18/04/03','RR/MM/DD'),'SYSTEM',to_date('18/04/03','RR/MM/DD'),'SYSTEM');
Insert into EC4USER.COMTCCMMNDETAILCODE (CODE_ID,CODE,CODE_NM,CODE_DC,USE_AT,FRST_REGIST_PNTTM,FRST_REGISTER_ID,LAST_UPDT_PNTTM,LAST_UPDUSR_ID) values ('COM059','1','높음','높음','Y',to_date('18/04/03','RR/MM/DD'),'SYSTEM',to_date('18/04/03','RR/MM/DD'),'SYSTEM');
Insert into EC4USER.COMTCCMMNDETAILCODE (CODE_ID,CODE,CODE_NM,CODE_DC,USE_AT,FRST_REGIST_PNTTM,FRST_REGISTER_ID,LAST_UPDT_PNTTM,LAST_UPDUSR_ID) values ('COM059','2','보통','보통','Y',to_date('18/04/03','RR/MM/DD'),'SYSTEM',to_date('18/04/03','RR/MM/DD'),'SYSTEM');
Insert into EC4USER.COMTCCMMNDETAILCODE (CODE_ID,CODE,CODE_NM,CODE_DC,USE_AT,FRST_REGIST_PNTTM,FRST_REGISTER_ID,LAST_UPDT_PNTTM,LAST_UPDUSR_ID) values ('COM059','3','낮음','낮음','Y',to_date('18/04/03','RR/MM/DD'),'SYSTEM',to_date('18/04/03','RR/MM/DD'),'SYSTEM');
Insert into EC4USER.COMTCCMMNDETAILCODE (CODE_ID,CODE,CODE_NM,CODE_DC,USE_AT,FRST_REGIST_PNTTM,FRST_REGISTER_ID,LAST_UPDT_PNTTM,LAST_UPDUSR_ID) values ('COM060','1','주간보고','주간보고','Y',to_date('18/04/03','RR/MM/DD'),'SYSTEM',to_date('18/04/03','RR/MM/DD'),'SYSTEM');
Insert into EC4USER.COMTCCMMNDETAILCODE (CODE_ID,CODE,CODE_NM,CODE_DC,USE_AT,FRST_REGIST_PNTTM,FRST_REGISTER_ID,LAST_UPDT_PNTTM,LAST_UPDUSR_ID) values ('COM060','2','월간보고','월간보고','Y',to_date('18/04/03','RR/MM/DD'),'SYSTEM',to_date('18/04/03','RR/MM/DD'),'SYSTEM');
Insert into EC4USER.COMTCCMMNDETAILCODE (CODE_ID,CODE,CODE_NM,CODE_DC,USE_AT,FRST_REGIST_PNTTM,FRST_REGISTER_ID,LAST_UPDT_PNTTM,LAST_UPDUSR_ID) values ('COM061','1','재실','재실','Y',to_date('18/04/03','RR/MM/DD'),'SYSTEM',to_date('18/04/03','RR/MM/DD'),'SYSTEM');
Insert into EC4USER.COMTCCMMNDETAILCODE (CODE_ID,CODE,CODE_NM,CODE_DC,USE_AT,FRST_REGIST_PNTTM,FRST_REGISTER_ID,LAST_UPDT_PNTTM,LAST_UPDUSR_ID) values ('COM061','2','자리비움','자리비움','Y',to_date('18/04/03','RR/MM/DD'),'SYSTEM',to_date('18/04/03','RR/MM/DD'),'SYSTEM');
Insert into EC4USER.COMTCCMMNDETAILCODE (CODE_ID,CODE,CODE_NM,CODE_DC,USE_AT,FRST_REGIST_PNTTM,FRST_REGISTER_ID,LAST_UPDT_PNTTM,LAST_UPDUSR_ID) values ('COM061','3','회의중','회의중','Y',to_date('18/04/03','RR/MM/DD'),'SYSTEM',to_date('18/04/03','RR/MM/DD'),'SYSTEM');
Insert into EC4USER.COMTCCMMNDETAILCODE (CODE_ID,CODE,CODE_NM,CODE_DC,USE_AT,FRST_REGIST_PNTTM,FRST_REGISTER_ID,LAST_UPDT_PNTTM,LAST_UPDUSR_ID) values ('COM061','4','출장중','출장중','Y',to_date('18/04/03','RR/MM/DD'),'SYSTEM',to_date('18/04/03','RR/MM/DD'),'SYSTEM');
Insert into EC4USER.COMTCCMMNDETAILCODE (CODE_ID,CODE,CODE_NM,CODE_DC,USE_AT,FRST_REGIST_PNTTM,FRST_REGISTER_ID,LAST_UPDT_PNTTM,LAST_UPDUSR_ID) values ('COM061','5','휴가중','휴가중','Y',to_date('18/04/03','RR/MM/DD'),'SYSTEM',to_date('18/04/03','RR/MM/DD'),'SYSTEM');
Insert into EC4USER.COMTCCMMNDETAILCODE (CODE_ID,CODE,CODE_NM,CODE_DC,USE_AT,FRST_REGIST_PNTTM,FRST_REGISTER_ID,LAST_UPDT_PNTTM,LAST_UPDUSR_ID) values ('COM062','100','Continue ','Continue ','Y',to_date('18/04/03','RR/MM/DD'),'SYSTEM',to_date('18/04/03','RR/MM/DD'),'SYSTEM');
Insert into EC4USER.COMTCCMMNDETAILCODE (CODE_ID,CODE,CODE_NM,CODE_DC,USE_AT,FRST_REGIST_PNTTM,FRST_REGISTER_ID,LAST_UPDT_PNTTM,LAST_UPDUSR_ID) values ('COM062','101','Switching Protocols ','Switching Protocols ','Y',to_date('18/04/03','RR/MM/DD'),'SYSTEM',to_date('18/04/03','RR/MM/DD'),'SYSTEM');
Insert into EC4USER.COMTCCMMNDETAILCODE (CODE_ID,CODE,CODE_NM,CODE_DC,USE_AT,FRST_REGIST_PNTTM,FRST_REGISTER_ID,LAST_UPDT_PNTTM,LAST_UPDUSR_ID) values ('COM062','200','OK ','OK ','Y',to_date('18/04/03','RR/MM/DD'),'SYSTEM',to_date('18/04/03','RR/MM/DD'),'SYSTEM');
Insert into EC4USER.COMTCCMMNDETAILCODE (CODE_ID,CODE,CODE_NM,CODE_DC,USE_AT,FRST_REGIST_PNTTM,FRST_REGISTER_ID,LAST_UPDT_PNTTM,LAST_UPDUSR_ID) values ('COM062','201','Created ','Created ','Y',to_date('18/04/03','RR/MM/DD'),'SYSTEM',to_date('18/04/03','RR/MM/DD'),'SYSTEM');
Insert into EC4USER.COMTCCMMNDETAILCODE (CODE_ID,CODE,CODE_NM,CODE_DC,USE_AT,FRST_REGIST_PNTTM,FRST_REGISTER_ID,LAST_UPDT_PNTTM,LAST_UPDUSR_ID) values ('COM062','202','Accepted ','Accepted ','Y',to_date('18/04/03','RR/MM/DD'),'SYSTEM',to_date('18/04/03','RR/MM/DD'),'SYSTEM');
Insert into EC4USER.COMTCCMMNDETAILCODE (CODE_ID,CODE,CODE_NM,CODE_DC,USE_AT,FRST_REGIST_PNTTM,FRST_REGISTER_ID,LAST_UPDT_PNTTM,LAST_UPDUSR_ID) values ('COM062','203','Non-Authoritative Information ','Non-Authoritative Information ','Y',to_date('18/04/03','RR/MM/DD'),'SYSTEM',to_date('18/04/03','RR/MM/DD'),'SYSTEM');
Insert into EC4USER.COMTCCMMNDETAILCODE (CODE_ID,CODE,CODE_NM,CODE_DC,USE_AT,FRST_REGIST_PNTTM,FRST_REGISTER_ID,LAST_UPDT_PNTTM,LAST_UPDUSR_ID) values ('COM062','204','No Content ','No Content ','Y',to_date('18/04/03','RR/MM/DD'),'SYSTEM',to_date('18/04/03','RR/MM/DD'),'SYSTEM');
Insert into EC4USER.COMTCCMMNDETAILCODE (CODE_ID,CODE,CODE_NM,CODE_DC,USE_AT,FRST_REGIST_PNTTM,FRST_REGISTER_ID,LAST_UPDT_PNTTM,LAST_UPDUSR_ID) values ('COM062','205','Reset Content ','Reset Content ','Y',to_date('18/04/03','RR/MM/DD'),'SYSTEM',to_date('18/04/03','RR/MM/DD'),'SYSTEM');
Insert into EC4USER.COMTCCMMNDETAILCODE (CODE_ID,CODE,CODE_NM,CODE_DC,USE_AT,FRST_REGIST_PNTTM,FRST_REGISTER_ID,LAST_UPDT_PNTTM,LAST_UPDUSR_ID) values ('COM062','206','Partial Content ','Partial Content ','Y',to_date('18/04/03','RR/MM/DD'),'SYSTEM',to_date('18/04/03','RR/MM/DD'),'SYSTEM');
Insert into EC4USER.COMTCCMMNDETAILCODE (CODE_ID,CODE,CODE_NM,CODE_DC,USE_AT,FRST_REGIST_PNTTM,FRST_REGISTER_ID,LAST_UPDT_PNTTM,LAST_UPDUSR_ID) values ('COM062','300','Multiple Choices ','Multiple Choices ','Y',to_date('18/04/03','RR/MM/DD'),'SYSTEM',to_date('18/04/03','RR/MM/DD'),'SYSTEM');
Insert into EC4USER.COMTCCMMNDETAILCODE (CODE_ID,CODE,CODE_NM,CODE_DC,USE_AT,FRST_REGIST_PNTTM,FRST_REGISTER_ID,LAST_UPDT_PNTTM,LAST_UPDUSR_ID) values ('COM062','301','Moved Permanently ','Moved Permanently ','Y',to_date('18/04/03','RR/MM/DD'),'SYSTEM',to_date('18/04/03','RR/MM/DD'),'SYSTEM');
Insert into EC4USER.COMTCCMMNDETAILCODE (CODE_ID,CODE,CODE_NM,CODE_DC,USE_AT,FRST_REGIST_PNTTM,FRST_REGISTER_ID,LAST_UPDT_PNTTM,LAST_UPDUSR_ID) values ('COM062','302','Found ','Found ','Y',to_date('18/04/03','RR/MM/DD'),'SYSTEM',to_date('18/04/03','RR/MM/DD'),'SYSTEM');
Insert into EC4USER.COMTCCMMNDETAILCODE (CODE_ID,CODE,CODE_NM,CODE_DC,USE_AT,FRST_REGIST_PNTTM,FRST_REGISTER_ID,LAST_UPDT_PNTTM,LAST_UPDUSR_ID) values ('COM062','303','See Other ','See Other ','Y',to_date('18/04/03','RR/MM/DD'),'SYSTEM',to_date('18/04/03','RR/MM/DD'),'SYSTEM');
Insert into EC4USER.COMTCCMMNDETAILCODE (CODE_ID,CODE,CODE_NM,CODE_DC,USE_AT,FRST_REGIST_PNTTM,FRST_REGISTER_ID,LAST_UPDT_PNTTM,LAST_UPDUSR_ID) values ('COM062','304','Not Modified ','Not Modified ','Y',to_date('18/04/03','RR/MM/DD'),'SYSTEM',to_date('18/04/03','RR/MM/DD'),'SYSTEM');
Insert into EC4USER.COMTCCMMNDETAILCODE (CODE_ID,CODE,CODE_NM,CODE_DC,USE_AT,FRST_REGIST_PNTTM,FRST_REGISTER_ID,LAST_UPDT_PNTTM,LAST_UPDUSR_ID) values ('COM062','305','Use Proxy ','Use Proxy ','Y',to_date('18/04/03','RR/MM/DD'),'SYSTEM',to_date('18/04/03','RR/MM/DD'),'SYSTEM');
Insert into EC4USER.COMTCCMMNDETAILCODE (CODE_ID,CODE,CODE_NM,CODE_DC,USE_AT,FRST_REGIST_PNTTM,FRST_REGISTER_ID,LAST_UPDT_PNTTM,LAST_UPDUSR_ID) values ('COM062','307','Temporary Redirect ','Temporary Redirect ','Y',to_date('18/04/03','RR/MM/DD'),'SYSTEM',to_date('18/04/03','RR/MM/DD'),'SYSTEM');
Insert into EC4USER.COMTCCMMNDETAILCODE (CODE_ID,CODE,CODE_NM,CODE_DC,USE_AT,FRST_REGIST_PNTTM,FRST_REGISTER_ID,LAST_UPDT_PNTTM,LAST_UPDUSR_ID) values ('COM062','400','Bad Request ','Bad Request ','Y',to_date('18/04/03','RR/MM/DD'),'SYSTEM',to_date('18/04/03','RR/MM/DD'),'SYSTEM');
Insert into EC4USER.COMTCCMMNDETAILCODE (CODE_ID,CODE,CODE_NM,CODE_DC,USE_AT,FRST_REGIST_PNTTM,FRST_REGISTER_ID,LAST_UPDT_PNTTM,LAST_UPDUSR_ID) values ('COM062','401','Unauthorized ','Unauthorized ','Y',to_date('18/04/03','RR/MM/DD'),'SYSTEM',to_date('18/04/03','RR/MM/DD'),'SYSTEM');
Insert into EC4USER.COMTCCMMNDETAILCODE (CODE_ID,CODE,CODE_NM,CODE_DC,USE_AT,FRST_REGIST_PNTTM,FRST_REGISTER_ID,LAST_UPDT_PNTTM,LAST_UPDUSR_ID) values ('COM062','403','Forbidden ','Forbidden ','Y',to_date('18/04/03','RR/MM/DD'),'SYSTEM',to_date('18/04/03','RR/MM/DD'),'SYSTEM');
Insert into EC4USER.COMTCCMMNDETAILCODE (CODE_ID,CODE,CODE_NM,CODE_DC,USE_AT,FRST_REGIST_PNTTM,FRST_REGISTER_ID,LAST_UPDT_PNTTM,LAST_UPDUSR_ID) values ('COM062','404','Not Found ','Not Found ','Y',to_date('18/04/03','RR/MM/DD'),'SYSTEM',to_date('18/04/03','RR/MM/DD'),'SYSTEM');
Insert into EC4USER.COMTCCMMNDETAILCODE (CODE_ID,CODE,CODE_NM,CODE_DC,USE_AT,FRST_REGIST_PNTTM,FRST_REGISTER_ID,LAST_UPDT_PNTTM,LAST_UPDUSR_ID) values ('COM062','405','Method Not Allowed ','Method Not Allowed ','Y',to_date('18/04/03','RR/MM/DD'),'SYSTEM',to_date('18/04/03','RR/MM/DD'),'SYSTEM');
Insert into EC4USER.COMTCCMMNDETAILCODE (CODE_ID,CODE,CODE_NM,CODE_DC,USE_AT,FRST_REGIST_PNTTM,FRST_REGISTER_ID,LAST_UPDT_PNTTM,LAST_UPDUSR_ID) values ('COM062','406','Not Acceptable ','Not Acceptable ','Y',to_date('18/04/03','RR/MM/DD'),'SYSTEM',to_date('18/04/03','RR/MM/DD'),'SYSTEM');
Insert into EC4USER.COMTCCMMNDETAILCODE (CODE_ID,CODE,CODE_NM,CODE_DC,USE_AT,FRST_REGIST_PNTTM,FRST_REGISTER_ID,LAST_UPDT_PNTTM,LAST_UPDUSR_ID) values ('COM062','407','Proxy Authentication Required ','Proxy Authentication Required ','Y',to_date('18/04/03','RR/MM/DD'),'SYSTEM',to_date('18/04/03','RR/MM/DD'),'SYSTEM');
Insert into EC4USER.COMTCCMMNDETAILCODE (CODE_ID,CODE,CODE_NM,CODE_DC,USE_AT,FRST_REGIST_PNTTM,FRST_REGISTER_ID,LAST_UPDT_PNTTM,LAST_UPDUSR_ID) values ('COM062','408','Request Timeout ','Request Timeout ','Y',to_date('18/04/03','RR/MM/DD'),'SYSTEM',to_date('18/04/03','RR/MM/DD'),'SYSTEM');
Insert into EC4USER.COMTCCMMNDETAILCODE (CODE_ID,CODE,CODE_NM,CODE_DC,USE_AT,FRST_REGIST_PNTTM,FRST_REGISTER_ID,LAST_UPDT_PNTTM,LAST_UPDUSR_ID) values ('COM062','409','Conflict ','Conflict ','Y',to_date('18/04/03','RR/MM/DD'),'SYSTEM',to_date('18/04/03','RR/MM/DD'),'SYSTEM');
Insert into EC4USER.COMTCCMMNDETAILCODE (CODE_ID,CODE,CODE_NM,CODE_DC,USE_AT,FRST_REGIST_PNTTM,FRST_REGISTER_ID,LAST_UPDT_PNTTM,LAST_UPDUSR_ID) values ('COM062','410','Gone ','Gone ','Y',to_date('18/04/03','RR/MM/DD'),'SYSTEM',to_date('18/04/03','RR/MM/DD'),'SYSTEM');
Insert into EC4USER.COMTCCMMNDETAILCODE (CODE_ID,CODE,CODE_NM,CODE_DC,USE_AT,FRST_REGIST_PNTTM,FRST_REGISTER_ID,LAST_UPDT_PNTTM,LAST_UPDUSR_ID) values ('COM062','411','Length Required ','Length Required ','Y',to_date('18/04/03','RR/MM/DD'),'SYSTEM',to_date('18/04/03','RR/MM/DD'),'SYSTEM');
Insert into EC4USER.COMTCCMMNDETAILCODE (CODE_ID,CODE,CODE_NM,CODE_DC,USE_AT,FRST_REGIST_PNTTM,FRST_REGISTER_ID,LAST_UPDT_PNTTM,LAST_UPDUSR_ID) values ('COM062','412','Precondition Failed ','Precondition Failed ','Y',to_date('18/04/03','RR/MM/DD'),'SYSTEM',to_date('18/04/03','RR/MM/DD'),'SYSTEM');
Insert into EC4USER.COMTCCMMNDETAILCODE (CODE_ID,CODE,CODE_NM,CODE_DC,USE_AT,FRST_REGIST_PNTTM,FRST_REGISTER_ID,LAST_UPDT_PNTTM,LAST_UPDUSR_ID) values ('COM062','413','Request Entity Too Large ','Request Entity Too Large ','Y',to_date('18/04/03','RR/MM/DD'),'SYSTEM',to_date('18/04/03','RR/MM/DD'),'SYSTEM');
Insert into EC4USER.COMTCCMMNDETAILCODE (CODE_ID,CODE,CODE_NM,CODE_DC,USE_AT,FRST_REGIST_PNTTM,FRST_REGISTER_ID,LAST_UPDT_PNTTM,LAST_UPDUSR_ID) values ('COM062','414','Request URI Too Long ','Request URI Too Long ','Y',to_date('18/04/03','RR/MM/DD'),'SYSTEM',to_date('18/04/03','RR/MM/DD'),'SYSTEM');
Insert into EC4USER.COMTCCMMNDETAILCODE (CODE_ID,CODE,CODE_NM,CODE_DC,USE_AT,FRST_REGIST_PNTTM,FRST_REGISTER_ID,LAST_UPDT_PNTTM,LAST_UPDUSR_ID) values ('COM062','415','Unsupported Media Type ','Unsupported Media Type ','Y',to_date('18/04/03','RR/MM/DD'),'SYSTEM',to_date('18/04/03','RR/MM/DD'),'SYSTEM');
Insert into EC4USER.COMTCCMMNDETAILCODE (CODE_ID,CODE,CODE_NM,CODE_DC,USE_AT,FRST_REGIST_PNTTM,FRST_REGISTER_ID,LAST_UPDT_PNTTM,LAST_UPDUSR_ID) values ('COM062','416','Requested Range Not Satisfiable ','Requested Range Not Satisfiable ','Y',to_date('18/04/03','RR/MM/DD'),'SYSTEM',to_date('18/04/03','RR/MM/DD'),'SYSTEM');
Insert into EC4USER.COMTCCMMNDETAILCODE (CODE_ID,CODE,CODE_NM,CODE_DC,USE_AT,FRST_REGIST_PNTTM,FRST_REGISTER_ID,LAST_UPDT_PNTTM,LAST_UPDUSR_ID) values ('COM062','417','Expectation Failed ','Expectation Failed ','Y',to_date('18/04/03','RR/MM/DD'),'SYSTEM',to_date('18/04/03','RR/MM/DD'),'SYSTEM');
Insert into EC4USER.COMTCCMMNDETAILCODE (CODE_ID,CODE,CODE_NM,CODE_DC,USE_AT,FRST_REGIST_PNTTM,FRST_REGISTER_ID,LAST_UPDT_PNTTM,LAST_UPDUSR_ID) values ('COM062','500','Internal Server Error ','Internal Server Error ','Y',to_date('18/04/03','RR/MM/DD'),'SYSTEM',to_date('18/04/03','RR/MM/DD'),'SYSTEM');
Insert into EC4USER.COMTCCMMNDETAILCODE (CODE_ID,CODE,CODE_NM,CODE_DC,USE_AT,FRST_REGIST_PNTTM,FRST_REGISTER_ID,LAST_UPDT_PNTTM,LAST_UPDUSR_ID) values ('COM062','501','Not Implemented ','Not Implemented ','Y',to_date('18/04/03','RR/MM/DD'),'SYSTEM',to_date('18/04/03','RR/MM/DD'),'SYSTEM');
Insert into EC4USER.COMTCCMMNDETAILCODE (CODE_ID,CODE,CODE_NM,CODE_DC,USE_AT,FRST_REGIST_PNTTM,FRST_REGISTER_ID,LAST_UPDT_PNTTM,LAST_UPDUSR_ID) values ('COM062','502','Bad Gateway ','Bad Gateway ','Y',to_date('18/04/03','RR/MM/DD'),'SYSTEM',to_date('18/04/03','RR/MM/DD'),'SYSTEM');
Insert into EC4USER.COMTCCMMNDETAILCODE (CODE_ID,CODE,CODE_NM,CODE_DC,USE_AT,FRST_REGIST_PNTTM,FRST_REGISTER_ID,LAST_UPDT_PNTTM,LAST_UPDUSR_ID) values ('COM062','503','Service Unavailable ','Service Unavailable ','Y',to_date('18/04/03','RR/MM/DD'),'SYSTEM',to_date('18/04/03','RR/MM/DD'),'SYSTEM');
Insert into EC4USER.COMTCCMMNDETAILCODE (CODE_ID,CODE,CODE_NM,CODE_DC,USE_AT,FRST_REGIST_PNTTM,FRST_REGISTER_ID,LAST_UPDT_PNTTM,LAST_UPDUSR_ID) values ('COM062','504','Gateway Timeout ','Gateway Timeout ','Y',to_date('18/04/03','RR/MM/DD'),'SYSTEM',to_date('18/04/03','RR/MM/DD'),'SYSTEM');
Insert into EC4USER.COMTCCMMNDETAILCODE (CODE_ID,CODE,CODE_NM,CODE_DC,USE_AT,FRST_REGIST_PNTTM,FRST_REGISTER_ID,LAST_UPDT_PNTTM,LAST_UPDUSR_ID) values ('COM062','505','HTTP Version Not Supported ','HTTP Version Not Supported ','Y',to_date('18/04/03','RR/MM/DD'),'SYSTEM',to_date('18/04/03','RR/MM/DD'),'SYSTEM');
Insert into EC4USER.COMTCCMMNDETAILCODE (CODE_ID,CODE,CODE_NM,CODE_DC,USE_AT,FRST_REGIST_PNTTM,FRST_REGISTER_ID,LAST_UPDT_PNTTM,LAST_UPDUSR_ID) values ('COM063','100','Runnable','Runnable','Y',to_date('18/04/03','RR/MM/DD'),'SYSTEM',to_date('18/04/03','RR/MM/DD'),'SYSTEM');
Insert into EC4USER.COMTCCMMNDETAILCODE (CODE_ID,CODE,CODE_NM,CODE_DC,USE_AT,FRST_REGIST_PNTTM,FRST_REGISTER_ID,LAST_UPDT_PNTTM,LAST_UPDUSR_ID) values ('COM063','200','Sleeping','Sleeping','Y',to_date('18/04/03','RR/MM/DD'),'SYSTEM',to_date('18/04/03','RR/MM/DD'),'SYSTEM');
Insert into EC4USER.COMTCCMMNDETAILCODE (CODE_ID,CODE,CODE_NM,CODE_DC,USE_AT,FRST_REGIST_PNTTM,FRST_REGISTER_ID,LAST_UPDT_PNTTM,LAST_UPDUSR_ID) values ('COM063','300','Swapped','Swapped','Y',to_date('18/04/03','RR/MM/DD'),'SYSTEM',to_date('18/04/03','RR/MM/DD'),'SYSTEM');
Insert into EC4USER.COMTCCMMNDETAILCODE (CODE_ID,CODE,CODE_NM,CODE_DC,USE_AT,FRST_REGIST_PNTTM,FRST_REGISTER_ID,LAST_UPDT_PNTTM,LAST_UPDUSR_ID) values ('COM063','400','Zombie','Zombie','Y',to_date('18/04/03','RR/MM/DD'),'SYSTEM',to_date('18/04/03','RR/MM/DD'),'SYSTEM');
Insert into EC4USER.COMTCCMMNDETAILCODE (CODE_ID,CODE,CODE_NM,CODE_DC,USE_AT,FRST_REGIST_PNTTM,FRST_REGISTER_ID,LAST_UPDT_PNTTM,LAST_UPDUSR_ID) values ('COM063','500','Stopped','Stopped','Y',to_date('18/04/03','RR/MM/DD'),'SYSTEM',to_date('18/04/03','RR/MM/DD'),'SYSTEM');
Insert into EC4USER.COMTCCMMNDETAILCODE (CODE_ID,CODE,CODE_NM,CODE_DC,USE_AT,FRST_REGIST_PNTTM,FRST_REGISTER_ID,LAST_UPDT_PNTTM,LAST_UPDUSR_ID) values ('COM064','01','웹 서버','웹 서버','Y',to_date('18/04/03','RR/MM/DD'),'SYSTEM',to_date('18/04/03','RR/MM/DD'),'SYSTEM');
Insert into EC4USER.COMTCCMMNDETAILCODE (CODE_ID,CODE,CODE_NM,CODE_DC,USE_AT,FRST_REGIST_PNTTM,FRST_REGISTER_ID,LAST_UPDT_PNTTM,LAST_UPDUSR_ID) values ('COM064','02','WAS','WAS','Y',to_date('18/04/03','RR/MM/DD'),'SYSTEM',to_date('18/04/03','RR/MM/DD'),'SYSTEM');
Insert into EC4USER.COMTCCMMNDETAILCODE (CODE_ID,CODE,CODE_NM,CODE_DC,USE_AT,FRST_REGIST_PNTTM,FRST_REGISTER_ID,LAST_UPDT_PNTTM,LAST_UPDUSR_ID) values ('COM064','03','DB 서버','DB 서버','Y',to_date('18/04/03','RR/MM/DD'),'SYSTEM',to_date('18/04/03','RR/MM/DD'),'SYSTEM');
Insert into EC4USER.COMTCCMMNDETAILCODE (CODE_ID,CODE,CODE_NM,CODE_DC,USE_AT,FRST_REGIST_PNTTM,FRST_REGISTER_ID,LAST_UPDT_PNTTM,LAST_UPDUSR_ID) values ('COM064','04','Mail 서버','Mail 서버','Y',to_date('18/04/03','RR/MM/DD'),'SYSTEM',to_date('18/04/03','RR/MM/DD'),'SYSTEM');
Insert into EC4USER.COMTCCMMNDETAILCODE (CODE_ID,CODE,CODE_NM,CODE_DC,USE_AT,FRST_REGIST_PNTTM,FRST_REGISTER_ID,LAST_UPDT_PNTTM,LAST_UPDUSR_ID) values ('COM064','05','DNS 서버','DNS 서버','Y',to_date('18/04/03','RR/MM/DD'),'SYSTEM',to_date('18/04/03','RR/MM/DD'),'SYSTEM');
Insert into EC4USER.COMTCCMMNDETAILCODE (CODE_ID,CODE,CODE_NM,CODE_DC,USE_AT,FRST_REGIST_PNTTM,FRST_REGISTER_ID,LAST_UPDT_PNTTM,LAST_UPDUSR_ID) values ('COM064','99','기타 서버','기타 서버','Y',to_date('18/04/03','RR/MM/DD'),'SYSTEM',to_date('18/04/03','RR/MM/DD'),'SYSTEM');
Insert into EC4USER.COMTCCMMNDETAILCODE (CODE_ID,CODE,CODE_NM,CODE_DC,USE_AT,FRST_REGIST_PNTTM,FRST_REGISTER_ID,LAST_UPDT_PNTTM,LAST_UPDUSR_ID) values ('COM065','01','네트워크 장애','네트워크 장애','Y',to_date('18/04/03','RR/MM/DD'),'SYSTEM',to_date('18/04/03','RR/MM/DD'),'SYSTEM');
Insert into EC4USER.COMTCCMMNDETAILCODE (CODE_ID,CODE,CODE_NM,CODE_DC,USE_AT,FRST_REGIST_PNTTM,FRST_REGISTER_ID,LAST_UPDT_PNTTM,LAST_UPDUSR_ID) values ('COM065','02','하드웨어 장애','하드웨어 장애','Y',to_date('18/04/03','RR/MM/DD'),'SYSTEM',to_date('18/04/03','RR/MM/DD'),'SYSTEM');
Insert into EC4USER.COMTCCMMNDETAILCODE (CODE_ID,CODE,CODE_NM,CODE_DC,USE_AT,FRST_REGIST_PNTTM,FRST_REGISTER_ID,LAST_UPDT_PNTTM,LAST_UPDUSR_ID) values ('COM065','03','어플리케이션 장애','어플리케이션 장애','Y',to_date('18/04/03','RR/MM/DD'),'SYSTEM',to_date('18/04/03','RR/MM/DD'),'SYSTEM');
Insert into EC4USER.COMTCCMMNDETAILCODE (CODE_ID,CODE,CODE_NM,CODE_DC,USE_AT,FRST_REGIST_PNTTM,FRST_REGISTER_ID,LAST_UPDT_PNTTM,LAST_UPDUSR_ID) values ('COM065','04','서비스 장애','서비스 장애','Y',to_date('18/04/03','RR/MM/DD'),'SYSTEM',to_date('18/04/03','RR/MM/DD'),'SYSTEM');
Insert into EC4USER.COMTCCMMNDETAILCODE (CODE_ID,CODE,CODE_NM,CODE_DC,USE_AT,FRST_REGIST_PNTTM,FRST_REGISTER_ID,LAST_UPDT_PNTTM,LAST_UPDUSR_ID) values ('COM065','05','모니터링 장애','모니터링 장애','Y',to_date('18/04/03','RR/MM/DD'),'SYSTEM',to_date('18/04/03','RR/MM/DD'),'SYSTEM');
Insert into EC4USER.COMTCCMMNDETAILCODE (CODE_ID,CODE,CODE_NM,CODE_DC,USE_AT,FRST_REGIST_PNTTM,FRST_REGISTER_ID,LAST_UPDT_PNTTM,LAST_UPDUSR_ID) values ('COM065','06','정전','정전','Y',to_date('18/04/03','RR/MM/DD'),'SYSTEM',to_date('18/04/03','RR/MM/DD'),'SYSTEM');
Insert into EC4USER.COMTCCMMNDETAILCODE (CODE_ID,CODE,CODE_NM,CODE_DC,USE_AT,FRST_REGIST_PNTTM,FRST_REGISTER_ID,LAST_UPDT_PNTTM,LAST_UPDUSR_ID) values ('COM065','07','화재','화재','Y',to_date('18/04/03','RR/MM/DD'),'SYSTEM',to_date('18/04/03','RR/MM/DD'),'SYSTEM');
Insert into EC4USER.COMTCCMMNDETAILCODE (CODE_ID,CODE,CODE_NM,CODE_DC,USE_AT,FRST_REGIST_PNTTM,FRST_REGISTER_ID,LAST_UPDT_PNTTM,LAST_UPDUSR_ID) values ('COM065','08','홍수','홍수','Y',to_date('18/04/03','RR/MM/DD'),'SYSTEM',to_date('18/04/03','RR/MM/DD'),'SYSTEM');
Insert into EC4USER.COMTCCMMNDETAILCODE (CODE_ID,CODE,CODE_NM,CODE_DC,USE_AT,FRST_REGIST_PNTTM,FRST_REGISTER_ID,LAST_UPDT_PNTTM,LAST_UPDUSR_ID) values ('COM065','99','기타 장애','기타 장애','Y',to_date('18/04/03','RR/MM/DD'),'SYSTEM',to_date('18/04/03','RR/MM/DD'),'SYSTEM');
Insert into EC4USER.COMTCCMMNDETAILCODE (CODE_ID,CODE,CODE_NM,CODE_DC,USE_AT,FRST_REGIST_PNTTM,FRST_REGISTER_ID,LAST_UPDT_PNTTM,LAST_UPDUSR_ID) values ('COM066','01','CPU','CPU','Y',to_date('18/04/03','RR/MM/DD'),'SYSTEM',to_date('18/04/03','RR/MM/DD'),'SYSTEM');
Insert into EC4USER.COMTCCMMNDETAILCODE (CODE_ID,CODE,CODE_NM,CODE_DC,USE_AT,FRST_REGIST_PNTTM,FRST_REGISTER_ID,LAST_UPDT_PNTTM,LAST_UPDUSR_ID) values ('COM066','02','메모리','메모리','Y',to_date('18/04/03','RR/MM/DD'),'SYSTEM',to_date('18/04/03','RR/MM/DD'),'SYSTEM');
Insert into EC4USER.COMTCCMMNDETAILCODE (CODE_ID,CODE,CODE_NM,CODE_DC,USE_AT,FRST_REGIST_PNTTM,FRST_REGISTER_ID,LAST_UPDT_PNTTM,LAST_UPDUSR_ID) values ('COM067','01','서버','서버','Y',to_date('18/04/03','RR/MM/DD'),'SYSTEM',to_date('18/04/03','RR/MM/DD'),'SYSTEM');
Insert into EC4USER.COMTCCMMNDETAILCODE (CODE_ID,CODE,CODE_NM,CODE_DC,USE_AT,FRST_REGIST_PNTTM,FRST_REGISTER_ID,LAST_UPDT_PNTTM,LAST_UPDUSR_ID) values ('COM067','02','라우터','라우터','Y',to_date('18/04/03','RR/MM/DD'),'SYSTEM',to_date('18/04/03','RR/MM/DD'),'SYSTEM');
Insert into EC4USER.COMTCCMMNDETAILCODE (CODE_ID,CODE,CODE_NM,CODE_DC,USE_AT,FRST_REGIST_PNTTM,FRST_REGISTER_ID,LAST_UPDT_PNTTM,LAST_UPDUSR_ID) values ('COM067','03','스위치','스위치','Y',to_date('18/04/03','RR/MM/DD'),'SYSTEM',to_date('18/04/03','RR/MM/DD'),'SYSTEM');
Insert into EC4USER.COMTCCMMNDETAILCODE (CODE_ID,CODE,CODE_NM,CODE_DC,USE_AT,FRST_REGIST_PNTTM,FRST_REGISTER_ID,LAST_UPDT_PNTTM,LAST_UPDUSR_ID) values ('COM067','04','PC','PC','Y',to_date('18/04/03','RR/MM/DD'),'SYSTEM',to_date('18/04/03','RR/MM/DD'),'SYSTEM');
Insert into EC4USER.COMTCCMMNDETAILCODE (CODE_ID,CODE,CODE_NM,CODE_DC,USE_AT,FRST_REGIST_PNTTM,FRST_REGISTER_ID,LAST_UPDT_PNTTM,LAST_UPDUSR_ID) values ('COM067','05','프린터','프린터','Y',to_date('18/04/03','RR/MM/DD'),'SYSTEM',to_date('18/04/03','RR/MM/DD'),'SYSTEM');
Insert into EC4USER.COMTCCMMNDETAILCODE (CODE_ID,CODE,CODE_NM,CODE_DC,USE_AT,FRST_REGIST_PNTTM,FRST_REGISTER_ID,LAST_UPDT_PNTTM,LAST_UPDUSR_ID) values ('COM067','99','기타','기타','Y',to_date('18/04/03','RR/MM/DD'),'SYSTEM',to_date('18/04/03','RR/MM/DD'),'SYSTEM');
Insert into EC4USER.COMTCCMMNDETAILCODE (CODE_ID,CODE,CODE_NM,CODE_DC,USE_AT,FRST_REGIST_PNTTM,FRST_REGISTER_ID,LAST_UPDT_PNTTM,LAST_UPDUSR_ID) values ('COM068','A','접수','접수','Y',to_date('18/04/03','RR/MM/DD'),'SYSTEM',to_date('18/04/03','RR/MM/DD'),'SYSTEM');
Insert into EC4USER.COMTCCMMNDETAILCODE (CODE_ID,CODE,CODE_NM,CODE_DC,USE_AT,FRST_REGIST_PNTTM,FRST_REGISTER_ID,LAST_UPDT_PNTTM,LAST_UPDUSR_ID) values ('COM068','C','완료','완료','Y',to_date('18/04/03','RR/MM/DD'),'SYSTEM',to_date('18/04/03','RR/MM/DD'),'SYSTEM');
Insert into EC4USER.COMTCCMMNDETAILCODE (CODE_ID,CODE,CODE_NM,CODE_DC,USE_AT,FRST_REGIST_PNTTM,FRST_REGISTER_ID,LAST_UPDT_PNTTM,LAST_UPDUSR_ID) values ('COM068','R','요청','요청','Y',to_date('18/04/03','RR/MM/DD'),'SYSTEM',to_date('18/04/03','RR/MM/DD'),'SYSTEM');
Insert into EC4USER.COMTCCMMNDETAILCODE (CODE_ID,CODE,CODE_NM,CODE_DC,USE_AT,FRST_REGIST_PNTTM,FRST_REGISTER_ID,LAST_UPDT_PNTTM,LAST_UPDUSR_ID) values ('COM069','01','생일','생일','Y',to_date('18/04/03','RR/MM/DD'),'SYSTEM',to_date('18/04/03','RR/MM/DD'),'SYSTEM');
Insert into EC4USER.COMTCCMMNDETAILCODE (CODE_ID,CODE,CODE_NM,CODE_DC,USE_AT,FRST_REGIST_PNTTM,FRST_REGISTER_ID,LAST_UPDT_PNTTM,LAST_UPDUSR_ID) values ('COM069','02','기념','기념','N',to_date('18/04/03','RR/MM/DD'),'SYSTEM',to_date('18/04/03','RR/MM/DD'),'SYSTEM');
Insert into EC4USER.COMTCCMMNDETAILCODE (CODE_ID,CODE,CODE_NM,CODE_DC,USE_AT,FRST_REGIST_PNTTM,FRST_REGISTER_ID,LAST_UPDT_PNTTM,LAST_UPDUSR_ID) values ('COM069','03','결혼','결혼','Y',to_date('18/04/03','RR/MM/DD'),'SYSTEM',to_date('18/04/03','RR/MM/DD'),'SYSTEM');
Insert into EC4USER.COMTCCMMNDETAILCODE (CODE_ID,CODE,CODE_NM,CODE_DC,USE_AT,FRST_REGIST_PNTTM,FRST_REGISTER_ID,LAST_UPDT_PNTTM,LAST_UPDUSR_ID) values ('COM069','04','탄생','탄생','Y',to_date('18/04/03','RR/MM/DD'),'SYSTEM',to_date('18/04/03','RR/MM/DD'),'SYSTEM');
Insert into EC4USER.COMTCCMMNDETAILCODE (CODE_ID,CODE,CODE_NM,CODE_DC,USE_AT,FRST_REGIST_PNTTM,FRST_REGISTER_ID,LAST_UPDT_PNTTM,LAST_UPDUSR_ID) values ('COM069','05','축하','축하','Y',to_date('18/04/03','RR/MM/DD'),'SYSTEM',to_date('18/04/03','RR/MM/DD'),'SYSTEM');
Insert into EC4USER.COMTCCMMNDETAILCODE (CODE_ID,CODE,CODE_NM,CODE_DC,USE_AT,FRST_REGIST_PNTTM,FRST_REGISTER_ID,LAST_UPDT_PNTTM,LAST_UPDUSR_ID) values ('COM069','06','출장','출장','Y',to_date('18/04/03','RR/MM/DD'),'SYSTEM',to_date('18/04/03','RR/MM/DD'),'SYSTEM');
Insert into EC4USER.COMTCCMMNDETAILCODE (CODE_ID,CODE,CODE_NM,CODE_DC,USE_AT,FRST_REGIST_PNTTM,FRST_REGISTER_ID,LAST_UPDT_PNTTM,LAST_UPDUSR_ID) values ('COM069','07','퇴원','퇴원','Y',to_date('18/04/03','RR/MM/DD'),'SYSTEM',to_date('18/04/03','RR/MM/DD'),'SYSTEM');
Insert into EC4USER.COMTCCMMNDETAILCODE (CODE_ID,CODE,CODE_NM,CODE_DC,USE_AT,FRST_REGIST_PNTTM,FRST_REGISTER_ID,LAST_UPDT_PNTTM,LAST_UPDUSR_ID) values ('COM069','99','기타','기타','Y',to_date('18/04/03','RR/MM/DD'),'SYSTEM',to_date('18/04/03','RR/MM/DD'),'SYSTEM');
Insert into EC4USER.COMTCCMMNDETAILCODE (CODE_ID,CODE,CODE_NM,CODE_DC,USE_AT,FRST_REGIST_PNTTM,FRST_REGISTER_ID,LAST_UPDT_PNTTM,LAST_UPDUSR_ID) values ('COM070','01','본관1층','본관1층','Y',to_date('18/04/03','RR/MM/DD'),'SYSTEM',to_date('18/04/03','RR/MM/DD'),'SYSTEM');
Insert into EC4USER.COMTCCMMNDETAILCODE (CODE_ID,CODE,CODE_NM,CODE_DC,USE_AT,FRST_REGIST_PNTTM,FRST_REGISTER_ID,LAST_UPDT_PNTTM,LAST_UPDUSR_ID) values ('COM070','02','본관2층','본관2층','Y',to_date('18/04/03','RR/MM/DD'),'SYSTEM',to_date('18/04/03','RR/MM/DD'),'SYSTEM');
Insert into EC4USER.COMTCCMMNDETAILCODE (CODE_ID,CODE,CODE_NM,CODE_DC,USE_AT,FRST_REGIST_PNTTM,FRST_REGISTER_ID,LAST_UPDT_PNTTM,LAST_UPDUSR_ID) values ('COM070','03','본관3층','본관3층','Y',to_date('18/04/03','RR/MM/DD'),'SYSTEM',to_date('18/04/03','RR/MM/DD'),'SYSTEM');
Insert into EC4USER.COMTCCMMNDETAILCODE (CODE_ID,CODE,CODE_NM,CODE_DC,USE_AT,FRST_REGIST_PNTTM,FRST_REGISTER_ID,LAST_UPDT_PNTTM,LAST_UPDUSR_ID) values ('COM070','04','본관4층','본관4층','Y',to_date('18/04/03','RR/MM/DD'),'SYSTEM',to_date('18/04/03','RR/MM/DD'),'SYSTEM');
Insert into EC4USER.COMTCCMMNDETAILCODE (CODE_ID,CODE,CODE_NM,CODE_DC,USE_AT,FRST_REGIST_PNTTM,FRST_REGISTER_ID,LAST_UPDT_PNTTM,LAST_UPDUSR_ID) values ('COM070','05','본관5층','본관5층','Y',to_date('18/04/03','RR/MM/DD'),'SYSTEM',to_date('18/04/03','RR/MM/DD'),'SYSTEM');
Insert into EC4USER.COMTCCMMNDETAILCODE (CODE_ID,CODE,CODE_NM,CODE_DC,USE_AT,FRST_REGIST_PNTTM,FRST_REGISTER_ID,LAST_UPDT_PNTTM,LAST_UPDUSR_ID) values ('COM070','06','별관1층','별관1층','Y',to_date('18/04/03','RR/MM/DD'),'SYSTEM',to_date('18/04/03','RR/MM/DD'),'SYSTEM');
Insert into EC4USER.COMTCCMMNDETAILCODE (CODE_ID,CODE,CODE_NM,CODE_DC,USE_AT,FRST_REGIST_PNTTM,FRST_REGISTER_ID,LAST_UPDT_PNTTM,LAST_UPDUSR_ID) values ('COM070','07','별관2층','별관2층','Y',to_date('18/04/03','RR/MM/DD'),'SYSTEM',to_date('18/04/03','RR/MM/DD'),'SYSTEM');
Insert into EC4USER.COMTCCMMNDETAILCODE (CODE_ID,CODE,CODE_NM,CODE_DC,USE_AT,FRST_REGIST_PNTTM,FRST_REGISTER_ID,LAST_UPDT_PNTTM,LAST_UPDUSR_ID) values ('COM070','99','기타','기타','Y',to_date('18/04/03','RR/MM/DD'),'SYSTEM',to_date('18/04/03','RR/MM/DD'),'SYSTEM');
Insert into EC4USER.COMTCCMMNDETAILCODE (CODE_ID,CODE,CODE_NM,CODE_DC,USE_AT,FRST_REGIST_PNTTM,FRST_REGISTER_ID,LAST_UPDT_PNTTM,LAST_UPDUSR_ID) values ('COM071','01','전기시설','전기시설','Y',to_date('18/04/03','RR/MM/DD'),'SYSTEM',to_date('18/04/03','RR/MM/DD'),'SYSTEM');
Insert into EC4USER.COMTCCMMNDETAILCODE (CODE_ID,CODE,CODE_NM,CODE_DC,USE_AT,FRST_REGIST_PNTTM,FRST_REGISTER_ID,LAST_UPDT_PNTTM,LAST_UPDUSR_ID) values ('COM071','02','소등상태','소등상태','Y',to_date('18/04/03','RR/MM/DD'),'SYSTEM',to_date('18/04/03','RR/MM/DD'),'SYSTEM');
Insert into EC4USER.COMTCCMMNDETAILCODE (CODE_ID,CODE,CODE_NM,CODE_DC,USE_AT,FRST_REGIST_PNTTM,FRST_REGISTER_ID,LAST_UPDT_PNTTM,LAST_UPDUSR_ID) values ('COM071','03','방화요소','방화요소','Y',to_date('18/04/03','RR/MM/DD'),'SYSTEM',to_date('18/04/03','RR/MM/DD'),'SYSTEM');
Insert into EC4USER.COMTCCMMNDETAILCODE (CODE_ID,CODE,CODE_NM,CODE_DC,USE_AT,FRST_REGIST_PNTTM,FRST_REGISTER_ID,LAST_UPDT_PNTTM,LAST_UPDUSR_ID) values ('COM071','04','소방시설','소방시설','Y',to_date('18/04/03','RR/MM/DD'),'SYSTEM',to_date('18/04/03','RR/MM/DD'),'SYSTEM');
Insert into EC4USER.COMTCCMMNDETAILCODE (CODE_ID,CODE,CODE_NM,CODE_DC,USE_AT,FRST_REGIST_PNTTM,FRST_REGISTER_ID,LAST_UPDT_PNTTM,LAST_UPDUSR_ID) values ('COM071','05','비상 KEY','비상 KEY','Y',to_date('18/04/03','RR/MM/DD'),'SYSTEM',to_date('18/04/03','RR/MM/DD'),'SYSTEM');
Insert into EC4USER.COMTCCMMNDETAILCODE (CODE_ID,CODE,CODE_NM,CODE_DC,USE_AT,FRST_REGIST_PNTTM,FRST_REGISTER_ID,LAST_UPDT_PNTTM,LAST_UPDUSR_ID) values ('COM071','06','시건장치','시건장치','Y',to_date('18/04/03','RR/MM/DD'),'SYSTEM',to_date('18/04/03','RR/MM/DD'),'SYSTEM');
Insert into EC4USER.COMTCCMMNDETAILCODE (CODE_ID,CODE,CODE_NM,CODE_DC,USE_AT,FRST_REGIST_PNTTM,FRST_REGISTER_ID,LAST_UPDT_PNTTM,LAST_UPDUSR_ID) values ('COM071','99','기타','기타','Y',to_date('18/04/03','RR/MM/DD'),'SYSTEM',to_date('18/04/03','RR/MM/DD'),'SYSTEM');
Insert into EC4USER.COMTCCMMNDETAILCODE (CODE_ID,CODE,CODE_NM,CODE_DC,USE_AT,FRST_REGIST_PNTTM,FRST_REGISTER_ID,LAST_UPDT_PNTTM,LAST_UPDUSR_ID) values ('COM072','01','정상','정상','Y',to_date('18/04/03','RR/MM/DD'),'SYSTEM',to_date('18/04/03','RR/MM/DD'),'SYSTEM');
Insert into EC4USER.COMTCCMMNDETAILCODE (CODE_ID,CODE,CODE_NM,CODE_DC,USE_AT,FRST_REGIST_PNTTM,FRST_REGISTER_ID,LAST_UPDT_PNTTM,LAST_UPDUSR_ID) values ('COM072','02','오류','오류','Y',to_date('18/04/03','RR/MM/DD'),'SYSTEM',to_date('18/04/03','RR/MM/DD'),'SYSTEM');
Insert into EC4USER.COMTCCMMNDETAILCODE (CODE_ID,CODE,CODE_NM,CODE_DC,USE_AT,FRST_REGIST_PNTTM,FRST_REGISTER_ID,LAST_UPDT_PNTTM,LAST_UPDUSR_ID) values ('COM072','03','중지','중지','Y',to_date('18/04/03','RR/MM/DD'),'SYSTEM',to_date('18/04/03','RR/MM/DD'),'SYSTEM');
Insert into EC4USER.COMTCCMMNDETAILCODE (CODE_ID,CODE,CODE_NM,CODE_DC,USE_AT,FRST_REGIST_PNTTM,FRST_REGISTER_ID,LAST_UPDT_PNTTM,LAST_UPDUSR_ID) values ('COM072','09','기타','기타','Y',to_date('18/04/03','RR/MM/DD'),'SYSTEM',to_date('18/04/03','RR/MM/DD'),'SYSTEM');
Insert into EC4USER.COMTCCMMNDETAILCODE (CODE_ID,CODE,CODE_NM,CODE_DC,USE_AT,FRST_REGIST_PNTTM,FRST_REGISTER_ID,LAST_UPDT_PNTTM,LAST_UPDUSR_ID) values ('COM073','01','본인','본인','Y',to_date('18/04/03','RR/MM/DD'),'SYSTEM',to_date('18/04/03','RR/MM/DD'),'SYSTEM');
Insert into EC4USER.COMTCCMMNDETAILCODE (CODE_ID,CODE,CODE_NM,CODE_DC,USE_AT,FRST_REGIST_PNTTM,FRST_REGISTER_ID,LAST_UPDT_PNTTM,LAST_UPDUSR_ID) values ('COM073','02','배우자','배우자','Y',to_date('18/04/03','RR/MM/DD'),'SYSTEM',to_date('18/04/03','RR/MM/DD'),'SYSTEM');
Insert into EC4USER.COMTCCMMNDETAILCODE (CODE_ID,CODE,CODE_NM,CODE_DC,USE_AT,FRST_REGIST_PNTTM,FRST_REGISTER_ID,LAST_UPDT_PNTTM,LAST_UPDUSR_ID) values ('COM073','03','자녀','자녀','Y',to_date('18/04/03','RR/MM/DD'),'SYSTEM',to_date('18/04/03','RR/MM/DD'),'SYSTEM');
Insert into EC4USER.COMTCCMMNDETAILCODE (CODE_ID,CODE,CODE_NM,CODE_DC,USE_AT,FRST_REGIST_PNTTM,FRST_REGISTER_ID,LAST_UPDT_PNTTM,LAST_UPDUSR_ID) values ('COM073','04','부친','부친','Y',to_date('18/04/03','RR/MM/DD'),'SYSTEM',to_date('18/04/03','RR/MM/DD'),'SYSTEM');
Insert into EC4USER.COMTCCMMNDETAILCODE (CODE_ID,CODE,CODE_NM,CODE_DC,USE_AT,FRST_REGIST_PNTTM,FRST_REGISTER_ID,LAST_UPDT_PNTTM,LAST_UPDUSR_ID) values ('COM073','05','모친','모친','Y',to_date('18/04/03','RR/MM/DD'),'SYSTEM',to_date('18/04/03','RR/MM/DD'),'SYSTEM');
Insert into EC4USER.COMTCCMMNDETAILCODE (CODE_ID,CODE,CODE_NM,CODE_DC,USE_AT,FRST_REGIST_PNTTM,FRST_REGISTER_ID,LAST_UPDT_PNTTM,LAST_UPDUSR_ID) values ('COM073','06','배우자부친','배우자부친','Y',to_date('18/04/03','RR/MM/DD'),'SYSTEM',to_date('18/04/03','RR/MM/DD'),'SYSTEM');
Insert into EC4USER.COMTCCMMNDETAILCODE (CODE_ID,CODE,CODE_NM,CODE_DC,USE_AT,FRST_REGIST_PNTTM,FRST_REGISTER_ID,LAST_UPDT_PNTTM,LAST_UPDUSR_ID) values ('COM073','07','배우자모친','배우자모친','Y',to_date('18/04/03','RR/MM/DD'),'SYSTEM',to_date('18/04/03','RR/MM/DD'),'SYSTEM');
Insert into EC4USER.COMTCCMMNDETAILCODE (CODE_ID,CODE,CODE_NM,CODE_DC,USE_AT,FRST_REGIST_PNTTM,FRST_REGISTER_ID,LAST_UPDT_PNTTM,LAST_UPDUSR_ID) values ('COM073','08','조부','조부','Y',to_date('18/04/03','RR/MM/DD'),'SYSTEM',to_date('18/04/03','RR/MM/DD'),'SYSTEM');
Insert into EC4USER.COMTCCMMNDETAILCODE (CODE_ID,CODE,CODE_NM,CODE_DC,USE_AT,FRST_REGIST_PNTTM,FRST_REGISTER_ID,LAST_UPDT_PNTTM,LAST_UPDUSR_ID) values ('COM073','09','조모','조모','Y',to_date('18/04/03','RR/MM/DD'),'SYSTEM',to_date('18/04/03','RR/MM/DD'),'SYSTEM');
Insert into EC4USER.COMTCCMMNDETAILCODE (CODE_ID,CODE,CODE_NM,CODE_DC,USE_AT,FRST_REGIST_PNTTM,FRST_REGISTER_ID,LAST_UPDT_PNTTM,LAST_UPDUSR_ID) values ('COM073','10','형제자매(본인)','형제자매(본인)','Y',to_date('18/04/03','RR/MM/DD'),'SYSTEM',to_date('18/04/03','RR/MM/DD'),'SYSTEM');
Insert into EC4USER.COMTCCMMNDETAILCODE (CODE_ID,CODE,CODE_NM,CODE_DC,USE_AT,FRST_REGIST_PNTTM,FRST_REGISTER_ID,LAST_UPDT_PNTTM,LAST_UPDUSR_ID) values ('COM073','11','외조부','외조부','Y',to_date('18/04/03','RR/MM/DD'),'SYSTEM',to_date('18/04/03','RR/MM/DD'),'SYSTEM');
Insert into EC4USER.COMTCCMMNDETAILCODE (CODE_ID,CODE,CODE_NM,CODE_DC,USE_AT,FRST_REGIST_PNTTM,FRST_REGISTER_ID,LAST_UPDT_PNTTM,LAST_UPDUSR_ID) values ('COM073','12','외조모','외조모','Y',to_date('18/04/03','RR/MM/DD'),'SYSTEM',to_date('18/04/03','RR/MM/DD'),'SYSTEM');
Insert into EC4USER.COMTCCMMNDETAILCODE (CODE_ID,CODE,CODE_NM,CODE_DC,USE_AT,FRST_REGIST_PNTTM,FRST_REGISTER_ID,LAST_UPDT_PNTTM,LAST_UPDUSR_ID) values ('COM073','13','백숙부','백숙부','Y',to_date('18/04/03','RR/MM/DD'),'SYSTEM',to_date('18/04/03','RR/MM/DD'),'SYSTEM');
Insert into EC4USER.COMTCCMMNDETAILCODE (CODE_ID,CODE,CODE_NM,CODE_DC,USE_AT,FRST_REGIST_PNTTM,FRST_REGISTER_ID,LAST_UPDT_PNTTM,LAST_UPDUSR_ID) values ('COM073','14','백숙모','백숙모','Y',to_date('18/04/03','RR/MM/DD'),'SYSTEM',to_date('18/04/03','RR/MM/DD'),'SYSTEM');
Insert into EC4USER.COMTCCMMNDETAILCODE (CODE_ID,CODE,CODE_NM,CODE_DC,USE_AT,FRST_REGIST_PNTTM,FRST_REGISTER_ID,LAST_UPDT_PNTTM,LAST_UPDUSR_ID) values ('COM073','15','형제자매(배우자)','형제자매(배우자)','Y',to_date('18/04/03','RR/MM/DD'),'SYSTEM',to_date('18/04/03','RR/MM/DD'),'SYSTEM');
Insert into EC4USER.COMTCCMMNDETAILCODE (CODE_ID,CODE,CODE_NM,CODE_DC,USE_AT,FRST_REGIST_PNTTM,FRST_REGISTER_ID,LAST_UPDT_PNTTM,LAST_UPDUSR_ID) values ('COM073','99','기타','기타','Y',to_date('18/04/03','RR/MM/DD'),'SYSTEM',to_date('18/04/03','RR/MM/DD'),'SYSTEM');
Insert into EC4USER.COMTCCMMNDETAILCODE (CODE_ID,CODE,CODE_NM,CODE_DC,USE_AT,FRST_REGIST_PNTTM,FRST_REGISTER_ID,LAST_UPDT_PNTTM,LAST_UPDUSR_ID) values ('COM074','1','일요일','일요일','Y',to_date('18/04/03','RR/MM/DD'),'SYSTEM',to_date('18/04/03','RR/MM/DD'),'SYSTEM');
Insert into EC4USER.COMTCCMMNDETAILCODE (CODE_ID,CODE,CODE_NM,CODE_DC,USE_AT,FRST_REGIST_PNTTM,FRST_REGISTER_ID,LAST_UPDT_PNTTM,LAST_UPDUSR_ID) values ('COM074','2','월요일','월요일','Y',to_date('18/04/03','RR/MM/DD'),'SYSTEM',to_date('18/04/03','RR/MM/DD'),'SYSTEM');
Insert into EC4USER.COMTCCMMNDETAILCODE (CODE_ID,CODE,CODE_NM,CODE_DC,USE_AT,FRST_REGIST_PNTTM,FRST_REGISTER_ID,LAST_UPDT_PNTTM,LAST_UPDUSR_ID) values ('COM074','3','화요일','화요일','Y',to_date('18/04/03','RR/MM/DD'),'SYSTEM',to_date('18/04/03','RR/MM/DD'),'SYSTEM');
Insert into EC4USER.COMTCCMMNDETAILCODE (CODE_ID,CODE,CODE_NM,CODE_DC,USE_AT,FRST_REGIST_PNTTM,FRST_REGISTER_ID,LAST_UPDT_PNTTM,LAST_UPDUSR_ID) values ('COM074','4','수요일','수요일','Y',to_date('18/04/03','RR/MM/DD'),'SYSTEM',to_date('18/04/03','RR/MM/DD'),'SYSTEM');
Insert into EC4USER.COMTCCMMNDETAILCODE (CODE_ID,CODE,CODE_NM,CODE_DC,USE_AT,FRST_REGIST_PNTTM,FRST_REGISTER_ID,LAST_UPDT_PNTTM,LAST_UPDUSR_ID) values ('COM074','5','목요일','목요일','Y',to_date('18/04/03','RR/MM/DD'),'SYSTEM',to_date('18/04/03','RR/MM/DD'),'SYSTEM');
Insert into EC4USER.COMTCCMMNDETAILCODE (CODE_ID,CODE,CODE_NM,CODE_DC,USE_AT,FRST_REGIST_PNTTM,FRST_REGISTER_ID,LAST_UPDT_PNTTM,LAST_UPDUSR_ID) values ('COM074','6','금요일','금요일','Y',to_date('18/04/03','RR/MM/DD'),'SYSTEM',to_date('18/04/03','RR/MM/DD'),'SYSTEM');
Insert into EC4USER.COMTCCMMNDETAILCODE (CODE_ID,CODE,CODE_NM,CODE_DC,USE_AT,FRST_REGIST_PNTTM,FRST_REGISTER_ID,LAST_UPDT_PNTTM,LAST_UPDUSR_ID) values ('COM074','7','토요일','토요일','Y',to_date('18/04/03','RR/MM/DD'),'SYSTEM',to_date('18/04/03','RR/MM/DD'),'SYSTEM');
Insert into EC4USER.COMTCCMMNDETAILCODE (CODE_ID,CODE,CODE_NM,CODE_DC,USE_AT,FRST_REGIST_PNTTM,FRST_REGISTER_ID,LAST_UPDT_PNTTM,LAST_UPDUSR_ID) values ('COM075','001','경조신청','경조신청','Y',to_date('18/04/03','RR/MM/DD'),'SYSTEM',to_date('18/04/03','RR/MM/DD'),'SYSTEM');
Insert into EC4USER.COMTCCMMNDETAILCODE (CODE_ID,CODE,CODE_NM,CODE_DC,USE_AT,FRST_REGIST_PNTTM,FRST_REGISTER_ID,LAST_UPDT_PNTTM,LAST_UPDUSR_ID) values ('COM075','002','포상신청','포상신청','Y',to_date('18/04/03','RR/MM/DD'),'SYSTEM',to_date('18/04/03','RR/MM/DD'),'SYSTEM');
Insert into EC4USER.COMTCCMMNDETAILCODE (CODE_ID,CODE,CODE_NM,CODE_DC,USE_AT,FRST_REGIST_PNTTM,FRST_REGISTER_ID,LAST_UPDT_PNTTM,LAST_UPDUSR_ID) values ('COM075','003','휴가신청','휴가신청','Y',to_date('18/04/03','RR/MM/DD'),'SYSTEM',to_date('18/04/03','RR/MM/DD'),'SYSTEM');
Insert into EC4USER.COMTCCMMNDETAILCODE (CODE_ID,CODE,CODE_NM,CODE_DC,USE_AT,FRST_REGIST_PNTTM,FRST_REGISTER_ID,LAST_UPDT_PNTTM,LAST_UPDUSR_ID) values ('COM075','004','행사신청','행사신청','Y',to_date('18/04/03','RR/MM/DD'),'SYSTEM',to_date('18/04/03','RR/MM/DD'),'SYSTEM');
Insert into EC4USER.COMTCCMMNDETAILCODE (CODE_ID,CODE,CODE_NM,CODE_DC,USE_AT,FRST_REGIST_PNTTM,FRST_REGISTER_ID,LAST_UPDT_PNTTM,LAST_UPDUSR_ID) values ('COM076','01','정상','정상','Y',to_date('18/04/03','RR/MM/DD'),'SYSTEM',to_date('18/04/03','RR/MM/DD'),'SYSTEM');
Insert into EC4USER.COMTCCMMNDETAILCODE (CODE_ID,CODE,CODE_NM,CODE_DC,USE_AT,FRST_REGIST_PNTTM,FRST_REGISTER_ID,LAST_UPDT_PNTTM,LAST_UPDUSR_ID) values ('COM076','02','비정상','비정상','Y',to_date('18/04/03','RR/MM/DD'),'SYSTEM',to_date('18/04/03','RR/MM/DD'),'SYSTEM');
Insert into EC4USER.COMTCCMMNDETAILCODE (CODE_ID,CODE,CODE_NM,CODE_DC,USE_AT,FRST_REGIST_PNTTM,FRST_REGISTER_ID,LAST_UPDT_PNTTM,LAST_UPDUSR_ID) values ('COM076','03','수행중','수행중','Y',to_date('18/04/03','RR/MM/DD'),'SYSTEM',to_date('18/04/03','RR/MM/DD'),'SYSTEM');
Insert into EC4USER.COMTCCMMNDETAILCODE (CODE_ID,CODE,CODE_NM,CODE_DC,USE_AT,FRST_REGIST_PNTTM,FRST_REGISTER_ID,LAST_UPDT_PNTTM,LAST_UPDUSR_ID) values ('COM001','REGC01','단일 게시판 이용등록','단일 게시판 이용등록','Y',to_date('18/04/03','RR/MM/DD'),'SYSTEM',to_date('18/04/03','RR/MM/DD'),'SYSTEM');
Insert into EC4USER.COMTCCMMNDETAILCODE (CODE_ID,CODE,CODE_NM,CODE_DC,USE_AT,FRST_REGIST_PNTTM,FRST_REGISTER_ID,LAST_UPDT_PNTTM,LAST_UPDUSR_ID) values ('COM001','REGC02','커뮤니티 등록','커뮤니티 등록','Y',to_date('18/04/03','RR/MM/DD'),'SYSTEM',to_date('18/04/03','RR/MM/DD'),'SYSTEM');
Insert into EC4USER.COMTCCMMNDETAILCODE (CODE_ID,CODE,CODE_NM,CODE_DC,USE_AT,FRST_REGIST_PNTTM,FRST_REGISTER_ID,LAST_UPDT_PNTTM,LAST_UPDUSR_ID) values ('COM001','REGC03','동호회 등록','동호회 등록','Y',to_date('18/04/03','RR/MM/DD'),'SYSTEM',to_date('18/04/03','RR/MM/DD'),'SYSTEM');
Insert into EC4USER.COMTCCMMNDETAILCODE (CODE_ID,CODE,CODE_NM,CODE_DC,USE_AT,FRST_REGIST_PNTTM,FRST_REGISTER_ID,LAST_UPDT_PNTTM,LAST_UPDUSR_ID) values ('COM001','REGC04','명함등록','명함등록','Y',to_date('18/04/03','RR/MM/DD'),'SYSTEM',to_date('18/04/03','RR/MM/DD'),'SYSTEM');
Insert into EC4USER.COMTCCMMNDETAILCODE (CODE_ID,CODE,CODE_NM,CODE_DC,USE_AT,FRST_REGIST_PNTTM,FRST_REGISTER_ID,LAST_UPDT_PNTTM,LAST_UPDUSR_ID) values ('COM001','REGC05','동호회 게시판 등록','동호회 게시판 등록','Y',to_date('18/04/03','RR/MM/DD'),'SYSTEM',to_date('18/04/03','RR/MM/DD'),'SYSTEM');
Insert into EC4USER.COMTCCMMNDETAILCODE (CODE_ID,CODE,CODE_NM,CODE_DC,USE_AT,FRST_REGIST_PNTTM,FRST_REGISTER_ID,LAST_UPDT_PNTTM,LAST_UPDUSR_ID) values ('COM001','REGC06','커뮤니티 게시판 등록','커뮤니티 게시판 등록','Y',to_date('18/04/03','RR/MM/DD'),'SYSTEM',to_date('18/04/03','RR/MM/DD'),'SYSTEM');
Insert into EC4USER.COMTCCMMNDETAILCODE (CODE_ID,CODE,CODE_NM,CODE_DC,USE_AT,FRST_REGIST_PNTTM,FRST_REGISTER_ID,LAST_UPDT_PNTTM,LAST_UPDUSR_ID) values ('COM001','REGC07','게시판사용자등록','게시판사용자등록','Y',to_date('18/04/03','RR/MM/DD'),'SYSTEM',to_date('18/04/03','RR/MM/DD'),'SYSTEM');
Insert into EC4USER.COMTCCMMNDETAILCODE (CODE_ID,CODE,CODE_NM,CODE_DC,USE_AT,FRST_REGIST_PNTTM,FRST_REGISTER_ID,LAST_UPDT_PNTTM,LAST_UPDUSR_ID) values ('COM002','HIST01','소프트웨어패치','소프트웨어패치','Y',to_date('18/04/03','RR/MM/DD'),'SYSTEM',to_date('18/04/03','RR/MM/DD'),'SYSTEM');
Insert into EC4USER.COMTCCMMNDETAILCODE (CODE_ID,CODE,CODE_NM,CODE_DC,USE_AT,FRST_REGIST_PNTTM,FRST_REGISTER_ID,LAST_UPDT_PNTTM,LAST_UPDUSR_ID) values ('COM002','HIST02','소프트웨어설치','소프트웨어설치','Y',to_date('18/04/03','RR/MM/DD'),'SYSTEM',to_date('18/04/03','RR/MM/DD'),'SYSTEM');
Insert into EC4USER.COMTCCMMNDETAILCODE (CODE_ID,CODE,CODE_NM,CODE_DC,USE_AT,FRST_REGIST_PNTTM,FRST_REGISTER_ID,LAST_UPDT_PNTTM,LAST_UPDUSR_ID) values ('COM002','HIST03','소프트웨어삭제','소프트웨어삭제','Y',to_date('18/04/03','RR/MM/DD'),'SYSTEM',to_date('18/04/03','RR/MM/DD'),'SYSTEM');
Insert into EC4USER.COMTCCMMNDETAILCODE (CODE_ID,CODE,CODE_NM,CODE_DC,USE_AT,FRST_REGIST_PNTTM,FRST_REGISTER_ID,LAST_UPDT_PNTTM,LAST_UPDUSR_ID) values ('COM002','HIST04','하드웨어업그레이드','하드웨어업그레이드','Y',to_date('18/04/03','RR/MM/DD'),'SYSTEM',to_date('18/04/03','RR/MM/DD'),'SYSTEM');
Insert into EC4USER.COMTCCMMNDETAILCODE (CODE_ID,CODE,CODE_NM,CODE_DC,USE_AT,FRST_REGIST_PNTTM,FRST_REGISTER_ID,LAST_UPDT_PNTTM,LAST_UPDUSR_ID) values ('COM002','HIST05','하드웨어삭제','하드웨어삭제','Y',to_date('18/04/03','RR/MM/DD'),'SYSTEM',to_date('18/04/03','RR/MM/DD'),'SYSTEM');
Insert into EC4USER.COMTCCMMNDETAILCODE (CODE_ID,CODE,CODE_NM,CODE_DC,USE_AT,FRST_REGIST_PNTTM,FRST_REGISTER_ID,LAST_UPDT_PNTTM,LAST_UPDUSR_ID) values ('COM003','BBS','게시판','게시판','Y',to_date('18/04/03','RR/MM/DD'),'SYSTEM',to_date('18/04/03','RR/MM/DD'),'SYSTEM');
Insert into EC4USER.COMTCCMMNDETAILCODE (CODE_ID,CODE,CODE_NM,CODE_DC,USE_AT,FRST_REGIST_PNTTM,FRST_REGISTER_ID,LAST_UPDT_PNTTM,LAST_UPDUSR_ID) values ('COM003','CMY','커뮤니티','커뮤니티','Y',to_date('18/04/03','RR/MM/DD'),'SYSTEM',to_date('18/04/03','RR/MM/DD'),'SYSTEM');
Insert into EC4USER.COMTCCMMNDETAILCODE (CODE_ID,CODE,CODE_NM,CODE_DC,USE_AT,FRST_REGIST_PNTTM,FRST_REGISTER_ID,LAST_UPDT_PNTTM,LAST_UPDUSR_ID) values ('COM003','CLB','동호회','동호회','Y',to_date('18/04/03','RR/MM/DD'),'SYSTEM',to_date('18/04/03','RR/MM/DD'),'SYSTEM');
Insert into EC4USER.COMTCCMMNDETAILCODE (CODE_ID,CODE,CODE_NM,CODE_DC,USE_AT,FRST_REGIST_PNTTM,FRST_REGISTER_ID,LAST_UPDT_PNTTM,LAST_UPDUSR_ID) values ('COM003','NCD','명함','명함','Y',to_date('18/04/03','RR/MM/DD'),'SYSTEM',to_date('18/04/03','RR/MM/DD'),'SYSTEM');
Insert into EC4USER.COMTCCMMNDETAILCODE (CODE_ID,CODE,CODE_NM,CODE_DC,USE_AT,FRST_REGIST_PNTTM,FRST_REGISTER_ID,LAST_UPDT_PNTTM,LAST_UPDUSR_ID) values ('COM004','BBST01','일반게시판','일반게시판','Y',to_date('18/04/03','RR/MM/DD'),'SYSTEM',to_date('18/04/03','RR/MM/DD'),'SYSTEM');
Insert into EC4USER.COMTCCMMNDETAILCODE (CODE_ID,CODE,CODE_NM,CODE_DC,USE_AT,FRST_REGIST_PNTTM,FRST_REGISTER_ID,LAST_UPDT_PNTTM,LAST_UPDUSR_ID) values ('COM004','BBST02','익명게시판','익명게시판','Y',to_date('18/04/03','RR/MM/DD'),'SYSTEM',to_date('18/04/03','RR/MM/DD'),'SYSTEM');
Insert into EC4USER.COMTCCMMNDETAILCODE (CODE_ID,CODE,CODE_NM,CODE_DC,USE_AT,FRST_REGIST_PNTTM,FRST_REGISTER_ID,LAST_UPDT_PNTTM,LAST_UPDUSR_ID) values ('COM004','BBST03','공지게시판','공지게시판','Y',to_date('18/04/03','RR/MM/DD'),'SYSTEM',to_date('18/04/03','RR/MM/DD'),'SYSTEM');
Insert into EC4USER.COMTCCMMNDETAILCODE (CODE_ID,CODE,CODE_NM,CODE_DC,USE_AT,FRST_REGIST_PNTTM,FRST_REGISTER_ID,LAST_UPDT_PNTTM,LAST_UPDUSR_ID) values ('COM004','BBST04','방명록','방명록','Y',to_date('18/04/03','RR/MM/DD'),'SYSTEM',to_date('18/04/03','RR/MM/DD'),'SYSTEM');
Insert into EC4USER.COMTCCMMNDETAILCODE (CODE_ID,CODE,CODE_NM,CODE_DC,USE_AT,FRST_REGIST_PNTTM,FRST_REGISTER_ID,LAST_UPDT_PNTTM,LAST_UPDUSR_ID) values ('COM005','TMPT01','게시판템플릿','게시판템플릿','Y',to_date('18/04/03','RR/MM/DD'),'SYSTEM',to_date('18/04/03','RR/MM/DD'),'SYSTEM');
Insert into EC4USER.COMTCCMMNDETAILCODE (CODE_ID,CODE,CODE_NM,CODE_DC,USE_AT,FRST_REGIST_PNTTM,FRST_REGISTER_ID,LAST_UPDT_PNTTM,LAST_UPDUSR_ID) values ('COM005','TMPT02','커뮤니티템플릿','커뮤니티템플릿','Y',to_date('18/04/03','RR/MM/DD'),'SYSTEM',to_date('18/04/03','RR/MM/DD'),'SYSTEM');
Insert into EC4USER.COMTCCMMNDETAILCODE (CODE_ID,CODE,CODE_NM,CODE_DC,USE_AT,FRST_REGIST_PNTTM,FRST_REGISTER_ID,LAST_UPDT_PNTTM,LAST_UPDUSR_ID) values ('COM005','TMPT03','동호회템플릿','동호회템플릿','Y',to_date('18/04/03','RR/MM/DD'),'SYSTEM',to_date('18/04/03','RR/MM/DD'),'SYSTEM');
Insert into EC4USER.COMTCCMMNDETAILCODE (CODE_ID,CODE,CODE_NM,CODE_DC,USE_AT,FRST_REGIST_PNTTM,FRST_REGISTER_ID,LAST_UPDT_PNTTM,LAST_UPDUSR_ID) values ('COM006','CF01','커뮤니티등록','커뮤니티등록','Y',to_date('18/04/03','RR/MM/DD'),'SYSTEM',to_date('18/04/03','RR/MM/DD'),'SYSTEM');
Insert into EC4USER.COMTCCMMNDETAILCODE (CODE_ID,CODE,CODE_NM,CODE_DC,USE_AT,FRST_REGIST_PNTTM,FRST_REGISTER_ID,LAST_UPDT_PNTTM,LAST_UPDUSR_ID) values ('COM006','CF02','커뮤니티삭제','커뮤니티삭제','Y',to_date('18/04/03','RR/MM/DD'),'SYSTEM',to_date('18/04/03','RR/MM/DD'),'SYSTEM');
Insert into EC4USER.COMTCCMMNDETAILCODE (CODE_ID,CODE,CODE_NM,CODE_DC,USE_AT,FRST_REGIST_PNTTM,FRST_REGISTER_ID,LAST_UPDT_PNTTM,LAST_UPDUSR_ID) values ('COM006','CF03','동호회등록','동호회등록','Y',to_date('18/04/03','RR/MM/DD'),'SYSTEM',to_date('18/04/03','RR/MM/DD'),'SYSTEM');
Insert into EC4USER.COMTCCMMNDETAILCODE (CODE_ID,CODE,CODE_NM,CODE_DC,USE_AT,FRST_REGIST_PNTTM,FRST_REGISTER_ID,LAST_UPDT_PNTTM,LAST_UPDUSR_ID) values ('COM006','CF04','동호회삭제','동호회삭제','Y',to_date('18/04/03','RR/MM/DD'),'SYSTEM',to_date('18/04/03','RR/MM/DD'),'SYSTEM');
Insert into EC4USER.COMTCCMMNDETAILCODE (CODE_ID,CODE,CODE_NM,CODE_DC,USE_AT,FRST_REGIST_PNTTM,FRST_REGISTER_ID,LAST_UPDT_PNTTM,LAST_UPDUSR_ID) values ('COM006','CF05','커뮤니티운영자등록','커뮤니티운영자등록','Y',to_date('18/04/03','RR/MM/DD'),'SYSTEM',to_date('18/04/03','RR/MM/DD'),'SYSTEM');
Insert into EC4USER.COMTCCMMNDETAILCODE (CODE_ID,CODE,CODE_NM,CODE_DC,USE_AT,FRST_REGIST_PNTTM,FRST_REGISTER_ID,LAST_UPDT_PNTTM,LAST_UPDUSR_ID) values ('COM006','CF06','커뮤니티운영자삭제','커뮤니티운영자삭제','Y',to_date('18/04/03','RR/MM/DD'),'SYSTEM',to_date('18/04/03','RR/MM/DD'),'SYSTEM');
Insert into EC4USER.COMTCCMMNDETAILCODE (CODE_ID,CODE,CODE_NM,CODE_DC,USE_AT,FRST_REGIST_PNTTM,FRST_REGISTER_ID,LAST_UPDT_PNTTM,LAST_UPDUSR_ID) values ('COM006','CF07','동호회운영자등록','동호회운영자등록','Y',to_date('18/04/03','RR/MM/DD'),'SYSTEM',to_date('18/04/03','RR/MM/DD'),'SYSTEM');
Insert into EC4USER.COMTCCMMNDETAILCODE (CODE_ID,CODE,CODE_NM,CODE_DC,USE_AT,FRST_REGIST_PNTTM,FRST_REGISTER_ID,LAST_UPDT_PNTTM,LAST_UPDUSR_ID) values ('COM006','CF08','동호회운영자삭제','동호회운영자삭제','Y',to_date('18/04/03','RR/MM/DD'),'SYSTEM',to_date('18/04/03','RR/MM/DD'),'SYSTEM');
Insert into EC4USER.COMTCCMMNDETAILCODE (CODE_ID,CODE,CODE_NM,CODE_DC,USE_AT,FRST_REGIST_PNTTM,FRST_REGISTER_ID,LAST_UPDT_PNTTM,LAST_UPDUSR_ID) values ('COM006','CF09','게시판이용등록','게시판이용등록','Y',to_date('18/04/03','RR/MM/DD'),'SYSTEM',to_date('18/04/03','RR/MM/DD'),'SYSTEM');
Insert into EC4USER.COMTCCMMNDETAILCODE (CODE_ID,CODE,CODE_NM,CODE_DC,USE_AT,FRST_REGIST_PNTTM,FRST_REGISTER_ID,LAST_UPDT_PNTTM,LAST_UPDUSR_ID) values ('COM006','CF10','게시판삭제','게시판삭제','Y',to_date('18/04/03','RR/MM/DD'),'SYSTEM',to_date('18/04/03','RR/MM/DD'),'SYSTEM');
Insert into EC4USER.COMTCCMMNDETAILCODE (CODE_ID,CODE,CODE_NM,CODE_DC,USE_AT,FRST_REGIST_PNTTM,FRST_REGISTER_ID,LAST_UPDT_PNTTM,LAST_UPDUSR_ID) values ('COM006','CF11','커뮤니티사용자등록','커뮤니티사용자등록','Y',to_date('18/04/03','RR/MM/DD'),'SYSTEM',to_date('18/04/03','RR/MM/DD'),'SYSTEM');
Insert into EC4USER.COMTCCMMNDETAILCODE (CODE_ID,CODE,CODE_NM,CODE_DC,USE_AT,FRST_REGIST_PNTTM,FRST_REGISTER_ID,LAST_UPDT_PNTTM,LAST_UPDUSR_ID) values ('COM006','CF12','커뮤니티사용자탈퇴','커뮤니티사용자탈퇴','Y',to_date('18/04/03','RR/MM/DD'),'SYSTEM',to_date('18/04/03','RR/MM/DD'),'SYSTEM');
Insert into EC4USER.COMTCCMMNDETAILCODE (CODE_ID,CODE,CODE_NM,CODE_DC,USE_AT,FRST_REGIST_PNTTM,FRST_REGISTER_ID,LAST_UPDT_PNTTM,LAST_UPDUSR_ID) values ('COM006','CF13','동호회사용자등록','동호회사용자등록','Y',to_date('18/04/03','RR/MM/DD'),'SYSTEM',to_date('18/04/03','RR/MM/DD'),'SYSTEM');
Insert into EC4USER.COMTCCMMNDETAILCODE (CODE_ID,CODE,CODE_NM,CODE_DC,USE_AT,FRST_REGIST_PNTTM,FRST_REGISTER_ID,LAST_UPDT_PNTTM,LAST_UPDUSR_ID) values ('COM006','CF14','동호회사용자탈퇴','동호회사용자탈퇴','Y',to_date('18/04/03','RR/MM/DD'),'SYSTEM',to_date('18/04/03','RR/MM/DD'),'SYSTEM');
Insert into EC4USER.COMTCCMMNDETAILCODE (CODE_ID,CODE,CODE_NM,CODE_DC,USE_AT,FRST_REGIST_PNTTM,FRST_REGISTER_ID,LAST_UPDT_PNTTM,LAST_UPDUSR_ID) values ('COM007','AP01','승인요청','승인요청','Y',to_date('18/04/03','RR/MM/DD'),'SYSTEM',to_date('18/04/03','RR/MM/DD'),'SYSTEM');
Insert into EC4USER.COMTCCMMNDETAILCODE (CODE_ID,CODE,CODE_NM,CODE_DC,USE_AT,FRST_REGIST_PNTTM,FRST_REGISTER_ID,LAST_UPDT_PNTTM,LAST_UPDUSR_ID) values ('COM007','AP02','승인허가','승인허가','Y',to_date('18/04/03','RR/MM/DD'),'SYSTEM',to_date('18/04/03','RR/MM/DD'),'SYSTEM');
Insert into EC4USER.COMTCCMMNDETAILCODE (CODE_ID,CODE,CODE_NM,CODE_DC,USE_AT,FRST_REGIST_PNTTM,FRST_REGISTER_ID,LAST_UPDT_PNTTM,LAST_UPDUSR_ID) values ('COM007','AP03','승인반려','승인반려','Y',to_date('18/04/03','RR/MM/DD'),'SYSTEM',to_date('18/04/03','RR/MM/DD'),'SYSTEM');
Insert into EC4USER.COMTCCMMNDETAILCODE (CODE_ID,CODE,CODE_NM,CODE_DC,USE_AT,FRST_REGIST_PNTTM,FRST_REGISTER_ID,LAST_UPDT_PNTTM,LAST_UPDUSR_ID) values ('COM008','S01','전송요청','전송요청','Y',to_date('18/04/03','RR/MM/DD'),'SYSTEM',to_date('18/04/03','RR/MM/DD'),'SYSTEM');
Insert into EC4USER.COMTCCMMNDETAILCODE (CODE_ID,CODE,CODE_NM,CODE_DC,USE_AT,FRST_REGIST_PNTTM,FRST_REGISTER_ID,LAST_UPDT_PNTTM,LAST_UPDUSR_ID) values ('COM008','S02','전송완료','전송완료','Y',to_date('18/04/03','RR/MM/DD'),'SYSTEM',to_date('18/04/03','RR/MM/DD'),'SYSTEM');
Insert into EC4USER.COMTCCMMNDETAILCODE (CODE_ID,CODE,CODE_NM,CODE_DC,USE_AT,FRST_REGIST_PNTTM,FRST_REGISTER_ID,LAST_UPDT_PNTTM,LAST_UPDUSR_ID) values ('COM008','S03','전송실패','전송실패','Y',to_date('18/04/03','RR/MM/DD'),'SYSTEM',to_date('18/04/03','RR/MM/DD'),'SYSTEM');
Insert into EC4USER.COMTCCMMNDETAILCODE (CODE_ID,CODE,CODE_NM,CODE_DC,USE_AT,FRST_REGIST_PNTTM,FRST_REGISTER_ID,LAST_UPDT_PNTTM,LAST_UPDUSR_ID) values ('COM008','S04','수신요청','수신요청','Y',to_date('18/04/03','RR/MM/DD'),'SYSTEM',to_date('18/04/03','RR/MM/DD'),'SYSTEM');
Insert into EC4USER.COMTCCMMNDETAILCODE (CODE_ID,CODE,CODE_NM,CODE_DC,USE_AT,FRST_REGIST_PNTTM,FRST_REGISTER_ID,LAST_UPDT_PNTTM,LAST_UPDUSR_ID) values ('COM008','S05','수신완료','수신완료','Y',to_date('18/04/03','RR/MM/DD'),'SYSTEM',to_date('18/04/03','RR/MM/DD'),'SYSTEM');
Insert into EC4USER.COMTCCMMNDETAILCODE (CODE_ID,CODE,CODE_NM,CODE_DC,USE_AT,FRST_REGIST_PNTTM,FRST_REGISTER_ID,LAST_UPDT_PNTTM,LAST_UPDUSR_ID) values ('COM008','S06','수신실패','수신실패','Y',to_date('18/04/03','RR/MM/DD'),'SYSTEM',to_date('18/04/03','RR/MM/DD'),'SYSTEM');
Insert into EC4USER.COMTCCMMNDETAILCODE (CODE_ID,CODE,CODE_NM,CODE_DC,USE_AT,FRST_REGIST_PNTTM,FRST_REGISTER_ID,LAST_UPDT_PNTTM,LAST_UPDUSR_ID) values ('COM009','BBSA01','유효게시판','유효게시판','Y',to_date('18/04/03','RR/MM/DD'),'SYSTEM',to_date('18/04/03','RR/MM/DD'),'SYSTEM');
Insert into EC4USER.COMTCCMMNDETAILCODE (CODE_ID,CODE,CODE_NM,CODE_DC,USE_AT,FRST_REGIST_PNTTM,FRST_REGISTER_ID,LAST_UPDT_PNTTM,LAST_UPDUSR_ID) values ('COM009','BBSA02','갤러리','갤러리','Y',to_date('18/04/03','RR/MM/DD'),'SYSTEM',to_date('18/04/03','RR/MM/DD'),'SYSTEM');
Insert into EC4USER.COMTCCMMNDETAILCODE (CODE_ID,CODE,CODE_NM,CODE_DC,USE_AT,FRST_REGIST_PNTTM,FRST_REGISTER_ID,LAST_UPDT_PNTTM,LAST_UPDUSR_ID) values ('COM009','BBSA03','일반게시판','일반게시판','Y',to_date('18/04/03','RR/MM/DD'),'SYSTEM',to_date('18/04/03','RR/MM/DD'),'SYSTEM');
Insert into EC4USER.COMTCCMMNDETAILCODE (CODE_ID,CODE,CODE_NM,CODE_DC,USE_AT,FRST_REGIST_PNTTM,FRST_REGISTER_ID,LAST_UPDT_PNTTM,LAST_UPDUSR_ID) values ('COM010','PRVS001','시스템 관련 권한(최상위 권한)','시스템 관련 권한(최상위 권한)','Y',to_date('18/04/03','RR/MM/DD'),'SYSTEM',to_date('18/04/03','RR/MM/DD'),'SYSTEM');
Insert into EC4USER.COMTCCMMNDETAILCODE (CODE_ID,CODE,CODE_NM,CODE_DC,USE_AT,FRST_REGIST_PNTTM,FRST_REGISTER_ID,LAST_UPDT_PNTTM,LAST_UPDUSR_ID) values ('COM010','PRVD001','데이터베이스 관련 권한','데이터베이스 관련 권한','Y',to_date('18/04/03','RR/MM/DD'),'SYSTEM',to_date('18/04/03','RR/MM/DD'),'SYSTEM');
Insert into EC4USER.COMTCCMMNDETAILCODE (CODE_ID,CODE,CODE_NM,CODE_DC,USE_AT,FRST_REGIST_PNTTM,FRST_REGISTER_ID,LAST_UPDT_PNTTM,LAST_UPDUSR_ID) values ('COM010','PRVU001','사용자 관련 권한','사용자 관련 권한','Y',to_date('18/04/03','RR/MM/DD'),'SYSTEM',to_date('18/04/03','RR/MM/DD'),'SYSTEM');
Insert into EC4USER.COMTCCMMNDETAILCODE (CODE_ID,CODE,CODE_NM,CODE_DC,USE_AT,FRST_REGIST_PNTTM,FRST_REGISTER_ID,LAST_UPDT_PNTTM,LAST_UPDUSR_ID) values ('COM010','PRVA001','어플리케이션 관련 권한','어플리케이션 관련 권한','Y',to_date('18/04/03','RR/MM/DD'),'SYSTEM',to_date('18/04/03','RR/MM/DD'),'SYSTEM');
Insert into EC4USER.COMTCCMMNDETAILCODE (CODE_ID,CODE,CODE_NM,CODE_DC,USE_AT,FRST_REGIST_PNTTM,FRST_REGISTER_ID,LAST_UPDT_PNTTM,LAST_UPDUSR_ID) values ('COM010','PRVB001','게시판 관련 권한','게시판 관련 권한','Y',to_date('18/04/03','RR/MM/DD'),'SYSTEM',to_date('18/04/03','RR/MM/DD'),'SYSTEM');
Insert into EC4USER.COMTCCMMNDETAILCODE (CODE_ID,CODE,CODE_NM,CODE_DC,USE_AT,FRST_REGIST_PNTTM,FRST_REGISTER_ID,LAST_UPDT_PNTTM,LAST_UPDUSR_ID) values ('COM010','PRVC001','커뮤니티 관련 권한','커뮤니티 관련 권한','Y',to_date('18/04/03','RR/MM/DD'),'SYSTEM',to_date('18/04/03','RR/MM/DD'),'SYSTEM');
Insert into EC4USER.COMTCCMMNDETAILCODE (CODE_ID,CODE,CODE_NM,CODE_DC,USE_AT,FRST_REGIST_PNTTM,FRST_REGISTER_ID,LAST_UPDT_PNTTM,LAST_UPDUSR_ID) values ('COM011','ROLS001','시스템 관리 최상위 롤','시스템 관리 최상위 롤','Y',to_date('18/04/03','RR/MM/DD'),'SYSTEM',to_date('18/04/03','RR/MM/DD'),'SYSTEM');
Insert into EC4USER.COMTCCMMNDETAILCODE (CODE_ID,CODE,CODE_NM,CODE_DC,USE_AT,FRST_REGIST_PNTTM,FRST_REGISTER_ID,LAST_UPDT_PNTTM,LAST_UPDUSR_ID) values ('COM011','ROLS002','시스템 접근(view) 롤','시스템 접근(view) 롤','Y',to_date('18/04/03','RR/MM/DD'),'SYSTEM',to_date('18/04/03','RR/MM/DD'),'SYSTEM');
Insert into EC4USER.COMTCCMMNDETAILCODE (CODE_ID,CODE,CODE_NM,CODE_DC,USE_AT,FRST_REGIST_PNTTM,FRST_REGISTER_ID,LAST_UPDT_PNTTM,LAST_UPDUSR_ID) values ('COM011','ROLS003','시스템 설정 등록/변경 롤','시스템 설정 등록/변경 롤','Y',to_date('18/04/03','RR/MM/DD'),'SYSTEM',to_date('18/04/03','RR/MM/DD'),'SYSTEM');
Insert into EC4USER.COMTCCMMNDETAILCODE (CODE_ID,CODE,CODE_NM,CODE_DC,USE_AT,FRST_REGIST_PNTTM,FRST_REGISTER_ID,LAST_UPDT_PNTTM,LAST_UPDUSR_ID) values ('COM011','ROLS004','시스템 파일 등록/변경 롤','시스템 파일 등록/변경 롤','Y',to_date('18/04/03','RR/MM/DD'),'SYSTEM',to_date('18/04/03','RR/MM/DD'),'SYSTEM');
Insert into EC4USER.COMTCCMMNDETAILCODE (CODE_ID,CODE,CODE_NM,CODE_DC,USE_AT,FRST_REGIST_PNTTM,FRST_REGISTER_ID,LAST_UPDT_PNTTM,LAST_UPDUSR_ID) values ('COM011','ROLD001','데이터베이스 관련 최상위 롤','데이터베이스 관련 최상위 롤','Y',to_date('18/04/03','RR/MM/DD'),'SYSTEM',to_date('18/04/03','RR/MM/DD'),'SYSTEM');
Insert into EC4USER.COMTCCMMNDETAILCODE (CODE_ID,CODE,CODE_NM,CODE_DC,USE_AT,FRST_REGIST_PNTTM,FRST_REGISTER_ID,LAST_UPDT_PNTTM,LAST_UPDUSR_ID) values ('COM011','ROLD002','데이터베이스 스키마 등록/변경 롤','데이터베이스 스키마 등록/변경 롤','Y',to_date('18/04/03','RR/MM/DD'),'SYSTEM',to_date('18/04/03','RR/MM/DD'),'SYSTEM');
Insert into EC4USER.COMTCCMMNDETAILCODE (CODE_ID,CODE,CODE_NM,CODE_DC,USE_AT,FRST_REGIST_PNTTM,FRST_REGISTER_ID,LAST_UPDT_PNTTM,LAST_UPDUSR_ID) values ('COM011','ROLD003','데이터 조회 롤','데이터 조회 롤','Y',to_date('18/04/03','RR/MM/DD'),'SYSTEM',to_date('18/04/03','RR/MM/DD'),'SYSTEM');
Insert into EC4USER.COMTCCMMNDETAILCODE (CODE_ID,CODE,CODE_NM,CODE_DC,USE_AT,FRST_REGIST_PNTTM,FRST_REGISTER_ID,LAST_UPDT_PNTTM,LAST_UPDUSR_ID) values ('COM011','ROLD004','데이터 등록/변경 롤','데이터 등록/변경 롤','Y',to_date('18/04/03','RR/MM/DD'),'SYSTEM',to_date('18/04/03','RR/MM/DD'),'SYSTEM');
Insert into EC4USER.COMTCCMMNDETAILCODE (CODE_ID,CODE,CODE_NM,CODE_DC,USE_AT,FRST_REGIST_PNTTM,FRST_REGISTER_ID,LAST_UPDT_PNTTM,LAST_UPDUSR_ID) values ('COM011','ROLU001','사용자 관련 최상위 롤','사용자 관련 최상위 롤','Y',to_date('18/04/03','RR/MM/DD'),'SYSTEM',to_date('18/04/03','RR/MM/DD'),'SYSTEM');
Insert into EC4USER.COMTCCMMNDETAILCODE (CODE_ID,CODE,CODE_NM,CODE_DC,USE_AT,FRST_REGIST_PNTTM,FRST_REGISTER_ID,LAST_UPDT_PNTTM,LAST_UPDUSR_ID) values ('COM011','ROLU002','업무 시스템 사용자 관리 롤','업무 시스템 사용자 관리 롤','Y',to_date('18/04/03','RR/MM/DD'),'SYSTEM',to_date('18/04/03','RR/MM/DD'),'SYSTEM');
Insert into EC4USER.COMTCCMMNDETAILCODE (CODE_ID,CODE,CODE_NM,CODE_DC,USE_AT,FRST_REGIST_PNTTM,FRST_REGISTER_ID,LAST_UPDT_PNTTM,LAST_UPDUSR_ID) values ('COM011','ROLU003','기업회원 시스템 사용자 관리 롤','기업회원 시스템 사용자 관리 롤','Y',to_date('18/04/03','RR/MM/DD'),'SYSTEM',to_date('18/04/03','RR/MM/DD'),'SYSTEM');
Insert into EC4USER.COMTCCMMNDETAILCODE (CODE_ID,CODE,CODE_NM,CODE_DC,USE_AT,FRST_REGIST_PNTTM,FRST_REGISTER_ID,LAST_UPDT_PNTTM,LAST_UPDUSR_ID) values ('COM011','ROLU004','일반회원 시스템 사용자 관리 롤','일반회원 시스템 사용자 관리 롤','Y',to_date('18/04/03','RR/MM/DD'),'SYSTEM',to_date('18/04/03','RR/MM/DD'),'SYSTEM');
Insert into EC4USER.COMTCCMMNDETAILCODE (CODE_ID,CODE,CODE_NM,CODE_DC,USE_AT,FRST_REGIST_PNTTM,FRST_REGISTER_ID,LAST_UPDT_PNTTM,LAST_UPDUSR_ID) values ('COM011','ROLU005','게시판 사용자 관리 롤','게시판 사용자 관리 롤','Y',to_date('18/04/03','RR/MM/DD'),'SYSTEM',to_date('18/04/03','RR/MM/DD'),'SYSTEM');
Insert into EC4USER.COMTCCMMNDETAILCODE (CODE_ID,CODE,CODE_NM,CODE_DC,USE_AT,FRST_REGIST_PNTTM,FRST_REGISTER_ID,LAST_UPDT_PNTTM,LAST_UPDUSR_ID) values ('COM011','ROLU006','커뮤니티 사용자 관리 롤','커뮤니티 사용자 관리 롤','Y',to_date('18/04/03','RR/MM/DD'),'SYSTEM',to_date('18/04/03','RR/MM/DD'),'SYSTEM');
Insert into EC4USER.COMTCCMMNDETAILCODE (CODE_ID,CODE,CODE_NM,CODE_DC,USE_AT,FRST_REGIST_PNTTM,FRST_REGISTER_ID,LAST_UPDT_PNTTM,LAST_UPDUSR_ID) values ('COM011','ROLA001','어플리케이션 관련 최상위 롤','어플리케이션 관련 최상위 롤','Y',to_date('18/04/03','RR/MM/DD'),'SYSTEM',to_date('18/04/03','RR/MM/DD'),'SYSTEM');
Insert into EC4USER.COMTCCMMNDETAILCODE (CODE_ID,CODE,CODE_NM,CODE_DC,USE_AT,FRST_REGIST_PNTTM,FRST_REGISTER_ID,LAST_UPDT_PNTTM,LAST_UPDUSR_ID) values ('COM011','ROLA002','업무 어플리케이션 접근 롤','업무 어플리케이션 접근 롤','Y',to_date('18/04/03','RR/MM/DD'),'SYSTEM',to_date('18/04/03','RR/MM/DD'),'SYSTEM');
Insert into EC4USER.COMTCCMMNDETAILCODE (CODE_ID,CODE,CODE_NM,CODE_DC,USE_AT,FRST_REGIST_PNTTM,FRST_REGISTER_ID,LAST_UPDT_PNTTM,LAST_UPDUSR_ID) values ('COM011','ROLA003','업무 어플리케이션 관리 롤','업무 어플리케이션 관리 롤','Y',to_date('18/04/03','RR/MM/DD'),'SYSTEM',to_date('18/04/03','RR/MM/DD'),'SYSTEM');
Insert into EC4USER.COMTCCMMNDETAILCODE (CODE_ID,CODE,CODE_NM,CODE_DC,USE_AT,FRST_REGIST_PNTTM,FRST_REGISTER_ID,LAST_UPDT_PNTTM,LAST_UPDUSR_ID) values ('COM011','ROLA004','일반 어플리케이션 접근 롤','일반 어플리케이션 접근 롤','Y',to_date('18/04/03','RR/MM/DD'),'SYSTEM',to_date('18/04/03','RR/MM/DD'),'SYSTEM');
Insert into EC4USER.COMTCCMMNDETAILCODE (CODE_ID,CODE,CODE_NM,CODE_DC,USE_AT,FRST_REGIST_PNTTM,FRST_REGISTER_ID,LAST_UPDT_PNTTM,LAST_UPDUSR_ID) values ('COM011','ROLA005','일반 어프리케이션 관리 롤','일반 어프리케이션 관리 롤','Y',to_date('18/04/03','RR/MM/DD'),'SYSTEM',to_date('18/04/03','RR/MM/DD'),'SYSTEM');
Insert into EC4USER.COMTCCMMNDETAILCODE (CODE_ID,CODE,CODE_NM,CODE_DC,USE_AT,FRST_REGIST_PNTTM,FRST_REGISTER_ID,LAST_UPDT_PNTTM,LAST_UPDUSR_ID) values ('COM011','ROLA006','어플리케이션 약관 관리 롤','어플리케이션 약관 관리 롤','Y',to_date('18/04/03','RR/MM/DD'),'SYSTEM',to_date('18/04/03','RR/MM/DD'),'SYSTEM');
Insert into EC4USER.COMTCCMMNDETAILCODE (CODE_ID,CODE,CODE_NM,CODE_DC,USE_AT,FRST_REGIST_PNTTM,FRST_REGISTER_ID,LAST_UPDT_PNTTM,LAST_UPDUSR_ID) values ('COM011','ROLA007','어플리케이션 저작권 관리 롤','어플리케이션 저작권 관리 롤','Y',to_date('18/04/03','RR/MM/DD'),'SYSTEM',to_date('18/04/03','RR/MM/DD'),'SYSTEM');
Insert into EC4USER.COMTCCMMNDETAILCODE (CODE_ID,CODE,CODE_NM,CODE_DC,USE_AT,FRST_REGIST_PNTTM,FRST_REGISTER_ID,LAST_UPDT_PNTTM,LAST_UPDUSR_ID) values ('COM011','ROLA008','통계 및 보고서 접근 롤','통계 및 보고서 접근 롤','Y',to_date('18/04/03','RR/MM/DD'),'SYSTEM',to_date('18/04/03','RR/MM/DD'),'SYSTEM');
Insert into EC4USER.COMTCCMMNDETAILCODE (CODE_ID,CODE,CODE_NM,CODE_DC,USE_AT,FRST_REGIST_PNTTM,FRST_REGISTER_ID,LAST_UPDT_PNTTM,LAST_UPDUSR_ID) values ('COM011','ROLB001','게시판 관련 최상위 롤','게시판 관련 최상위 롤','Y',to_date('18/04/03','RR/MM/DD'),'SYSTEM',to_date('18/04/03','RR/MM/DD'),'SYSTEM');
Insert into EC4USER.COMTCCMMNDETAILCODE (CODE_ID,CODE,CODE_NM,CODE_DC,USE_AT,FRST_REGIST_PNTTM,FRST_REGISTER_ID,LAST_UPDT_PNTTM,LAST_UPDUSR_ID) values ('COM011','ROLB002','게시판 생성 롤','게시판 생성 롤','Y',to_date('18/04/03','RR/MM/DD'),'SYSTEM',to_date('18/04/03','RR/MM/DD'),'SYSTEM');
Insert into EC4USER.COMTCCMMNDETAILCODE (CODE_ID,CODE,CODE_NM,CODE_DC,USE_AT,FRST_REGIST_PNTTM,FRST_REGISTER_ID,LAST_UPDT_PNTTM,LAST_UPDUSR_ID) values ('COM011','ROLB003','게시판 접근 롤','게시판 접근 롤','Y',to_date('18/04/03','RR/MM/DD'),'SYSTEM',to_date('18/04/03','RR/MM/DD'),'SYSTEM');
Insert into EC4USER.COMTCCMMNDETAILCODE (CODE_ID,CODE,CODE_NM,CODE_DC,USE_AT,FRST_REGIST_PNTTM,FRST_REGISTER_ID,LAST_UPDT_PNTTM,LAST_UPDUSR_ID) values ('COM011','ROLB004','게시판 글쓰기 롤','게시판 글쓰기 롤','Y',to_date('18/04/03','RR/MM/DD'),'SYSTEM',to_date('18/04/03','RR/MM/DD'),'SYSTEM');
Insert into EC4USER.COMTCCMMNDETAILCODE (CODE_ID,CODE,CODE_NM,CODE_DC,USE_AT,FRST_REGIST_PNTTM,FRST_REGISTER_ID,LAST_UPDT_PNTTM,LAST_UPDUSR_ID) values ('COM011','ROLB005','게시판 글 수정/삭제 롤','게시판 글 수정/삭제 롤','Y',to_date('18/04/03','RR/MM/DD'),'SYSTEM',to_date('18/04/03','RR/MM/DD'),'SYSTEM');
Insert into EC4USER.COMTCCMMNDETAILCODE (CODE_ID,CODE,CODE_NM,CODE_DC,USE_AT,FRST_REGIST_PNTTM,FRST_REGISTER_ID,LAST_UPDT_PNTTM,LAST_UPDUSR_ID) values ('COM011','ROLC001','커뮤니티 관련 최상위 롤','커뮤니티 관련 최상위 롤','Y',to_date('18/04/03','RR/MM/DD'),'SYSTEM',to_date('18/04/03','RR/MM/DD'),'SYSTEM');
Insert into EC4USER.COMTCCMMNDETAILCODE (CODE_ID,CODE,CODE_NM,CODE_DC,USE_AT,FRST_REGIST_PNTTM,FRST_REGISTER_ID,LAST_UPDT_PNTTM,LAST_UPDUSR_ID) values ('COM011','ROLC002','커뮤니티 생성 롤','커뮤니티 생성 롤','Y',to_date('18/04/03','RR/MM/DD'),'SYSTEM',to_date('18/04/03','RR/MM/DD'),'SYSTEM');
Insert into EC4USER.COMTCCMMNDETAILCODE (CODE_ID,CODE,CODE_NM,CODE_DC,USE_AT,FRST_REGIST_PNTTM,FRST_REGISTER_ID,LAST_UPDT_PNTTM,LAST_UPDUSR_ID) values ('COM011','ROLC003','커뮤니티 접근 롤','커뮤니티 접근 롤','Y',to_date('18/04/03','RR/MM/DD'),'SYSTEM',to_date('18/04/03','RR/MM/DD'),'SYSTEM');
Insert into EC4USER.COMTCCMMNDETAILCODE (CODE_ID,CODE,CODE_NM,CODE_DC,USE_AT,FRST_REGIST_PNTTM,FRST_REGISTER_ID,LAST_UPDT_PNTTM,LAST_UPDUSR_ID) values ('COM011','ROLC004','커뮤니티 글쓰기 롤','커뮤니티 글쓰기 롤','Y',to_date('18/04/03','RR/MM/DD'),'SYSTEM',to_date('18/04/03','RR/MM/DD'),'SYSTEM');
Insert into EC4USER.COMTCCMMNDETAILCODE (CODE_ID,CODE,CODE_NM,CODE_DC,USE_AT,FRST_REGIST_PNTTM,FRST_REGISTER_ID,LAST_UPDT_PNTTM,LAST_UPDUSR_ID) values ('COM011','ROLC005','커뮤니티 글 수정/삭제 롤','커뮤니티 글 수정/삭제 롤','Y',to_date('18/04/03','RR/MM/DD'),'SYSTEM',to_date('18/04/03','RR/MM/DD'),'SYSTEM');
Insert into EC4USER.COMTCCMMNDETAILCODE (CODE_ID,CODE,CODE_NM,CODE_DC,USE_AT,FRST_REGIST_PNTTM,FRST_REGISTER_ID,LAST_UPDT_PNTTM,LAST_UPDUSR_ID) values ('COM011','ROLC006','파일 업로드 롤','파일 업로드 롤','Y',to_date('18/04/03','RR/MM/DD'),'SYSTEM',to_date('18/04/03','RR/MM/DD'),'SYSTEM');
Insert into EC4USER.COMTCCMMNDETAILCODE (CODE_ID,CODE,CODE_NM,CODE_DC,USE_AT,FRST_REGIST_PNTTM,FRST_REGISTER_ID,LAST_UPDT_PNTTM,LAST_UPDUSR_ID) values ('COM012','USR01','일반 회원 유형','일반 회원 유형','Y',to_date('18/04/03','RR/MM/DD'),'SYSTEM',to_date('18/04/03','RR/MM/DD'),'SYSTEM');
Insert into EC4USER.COMTCCMMNDETAILCODE (CODE_ID,CODE,CODE_NM,CODE_DC,USE_AT,FRST_REGIST_PNTTM,FRST_REGISTER_ID,LAST_UPDT_PNTTM,LAST_UPDUSR_ID) values ('COM012','USR02','기업 회원 유형','기업 회원 유형','Y',to_date('18/04/03','RR/MM/DD'),'SYSTEM',to_date('18/04/03','RR/MM/DD'),'SYSTEM');
Insert into EC4USER.COMTCCMMNDETAILCODE (CODE_ID,CODE,CODE_NM,CODE_DC,USE_AT,FRST_REGIST_PNTTM,FRST_REGISTER_ID,LAST_UPDT_PNTTM,LAST_UPDUSR_ID) values ('COM012','USR03','업무 담당자(사용자) 유형','업무 담당자(사용자) 유형','Y',to_date('18/04/03','RR/MM/DD'),'SYSTEM',to_date('18/04/03','RR/MM/DD'),'SYSTEM');
Insert into EC4USER.COMTCCMMNDETAILCODE (CODE_ID,CODE,CODE_NM,CODE_DC,USE_AT,FRST_REGIST_PNTTM,FRST_REGISTER_ID,LAST_UPDT_PNTTM,LAST_UPDUSR_ID) values ('COM012','USR99','사용자 유형 최상위 롤','사용자 유형 최상위 롤','Y',to_date('18/04/03','RR/MM/DD'),'SYSTEM',to_date('18/04/03','RR/MM/DD'),'SYSTEM');
Insert into EC4USER.COMTCCMMNDETAILCODE (CODE_ID,CODE,CODE_NM,CODE_DC,USE_AT,FRST_REGIST_PNTTM,FRST_REGISTER_ID,LAST_UPDT_PNTTM,LAST_UPDUSR_ID) values ('COM013','A','회원 가입 신청 상태','회원 가입 신청 상태','Y',to_date('18/04/03','RR/MM/DD'),'SYSTEM',to_date('18/04/03','RR/MM/DD'),'SYSTEM');
Insert into EC4USER.COMTCCMMNDETAILCODE (CODE_ID,CODE,CODE_NM,CODE_DC,USE_AT,FRST_REGIST_PNTTM,FRST_REGISTER_ID,LAST_UPDT_PNTTM,LAST_UPDUSR_ID) values ('COM013','P','회원 가입 승인 상태','회원 가입 승인 상태','Y',to_date('18/04/03','RR/MM/DD'),'SYSTEM',to_date('18/04/03','RR/MM/DD'),'SYSTEM');
Insert into EC4USER.COMTCCMMNDETAILCODE (CODE_ID,CODE,CODE_NM,CODE_DC,USE_AT,FRST_REGIST_PNTTM,FRST_REGISTER_ID,LAST_UPDT_PNTTM,LAST_UPDUSR_ID) values ('COM013','D','회원 가입 삭제 상태','회원 가입 삭제 상태','Y',to_date('18/04/03','RR/MM/DD'),'SYSTEM',to_date('18/04/03','RR/MM/DD'),'SYSTEM');
Insert into EC4USER.COMTCCMMNDETAILCODE (CODE_ID,CODE,CODE_NM,CODE_DC,USE_AT,FRST_REGIST_PNTTM,FRST_REGISTER_ID,LAST_UPDT_PNTTM,LAST_UPDUSR_ID) values ('COM014','M','남자','남자','Y',to_date('18/04/03','RR/MM/DD'),'SYSTEM',to_date('18/04/03','RR/MM/DD'),'SYSTEM');
Insert into EC4USER.COMTCCMMNDETAILCODE (CODE_ID,CODE,CODE_NM,CODE_DC,USE_AT,FRST_REGIST_PNTTM,FRST_REGISTER_ID,LAST_UPDT_PNTTM,LAST_UPDUSR_ID) values ('COM014','F','여자','여자','Y',to_date('18/04/03','RR/MM/DD'),'SYSTEM',to_date('18/04/03','RR/MM/DD'),'SYSTEM');
Insert into EC4USER.COMTCCMMNDETAILCODE (CODE_ID,CODE,CODE_NM,CODE_DC,USE_AT,FRST_REGIST_PNTTM,FRST_REGISTER_ID,LAST_UPDT_PNTTM,LAST_UPDUSR_ID) values ('COM015','ATH01','주민등록번호 인증','주민등록번호 인증','Y',to_date('18/04/03','RR/MM/DD'),'SYSTEM',to_date('18/04/03','RR/MM/DD'),'SYSTEM');
Insert into EC4USER.COMTCCMMNDETAILCODE (CODE_ID,CODE,CODE_NM,CODE_DC,USE_AT,FRST_REGIST_PNTTM,FRST_REGISTER_ID,LAST_UPDT_PNTTM,LAST_UPDUSR_ID) values ('COM015','ATH02','GPIN 인증','GPIN 인증','Y',to_date('18/04/03','RR/MM/DD'),'SYSTEM',to_date('18/04/03','RR/MM/DD'),'SYSTEM');
Insert into EC4USER.COMTCCMMNDETAILCODE (CODE_ID,CODE,CODE_NM,CODE_DC,USE_AT,FRST_REGIST_PNTTM,FRST_REGISTER_ID,LAST_UPDT_PNTTM,LAST_UPDUSR_ID) values ('COM016','PUR01','프로그램 변경 요청 신청','프로그램 변경 요청 신청','Y',to_date('18/04/03','RR/MM/DD'),'SYSTEM',to_date('18/04/03','RR/MM/DD'),'SYSTEM');
Insert into EC4USER.COMTCCMMNDETAILCODE (CODE_ID,CODE,CODE_NM,CODE_DC,USE_AT,FRST_REGIST_PNTTM,FRST_REGISTER_ID,LAST_UPDT_PNTTM,LAST_UPDUSR_ID) values ('COM016','PUR02','프로그램 변경 요청 수락','프로그램 변경 요청 수락','Y',to_date('18/04/03','RR/MM/DD'),'SYSTEM',to_date('18/04/03','RR/MM/DD'),'SYSTEM');
Insert into EC4USER.COMTCCMMNDETAILCODE (CODE_ID,CODE,CODE_NM,CODE_DC,USE_AT,FRST_REGIST_PNTTM,FRST_REGISTER_ID,LAST_UPDT_PNTTM,LAST_UPDUSR_ID) values ('COM016','PUR03','프로그램 변경 진행','프로그램 변경 진행','Y',to_date('18/04/03','RR/MM/DD'),'SYSTEM',to_date('18/04/03','RR/MM/DD'),'SYSTEM');
Insert into EC4USER.COMTCCMMNDETAILCODE (CODE_ID,CODE,CODE_NM,CODE_DC,USE_AT,FRST_REGIST_PNTTM,FRST_REGISTER_ID,LAST_UPDT_PNTTM,LAST_UPDUSR_ID) values ('COM016','PUR04','프로그램 변경 완료','프로그램 변경 완료','Y',to_date('18/04/03','RR/MM/DD'),'SYSTEM',to_date('18/04/03','RR/MM/DD'),'SYSTEM');
Insert into EC4USER.COMTCCMMNDETAILCODE (CODE_ID,CODE,CODE_NM,CODE_DC,USE_AT,FRST_REGIST_PNTTM,FRST_REGISTER_ID,LAST_UPDT_PNTTM,LAST_UPDUSR_ID) values ('COM016','PUR05','프로그램 변경 이관','프로그램 변경 이관','Y',to_date('18/04/03','RR/MM/DD'),'SYSTEM',to_date('18/04/03','RR/MM/DD'),'SYSTEM');
Insert into EC4USER.COMTCCMMNDETAILCODE (CODE_ID,CODE,CODE_NM,CODE_DC,USE_AT,FRST_REGIST_PNTTM,FRST_REGISTER_ID,LAST_UPDT_PNTTM,LAST_UPDUSR_ID) values ('COM017','01','법정휴일','법정휴일','Y',to_date('18/04/03','RR/MM/DD'),'SYSTEM',to_date('18/04/03','RR/MM/DD'),'SYSTEM');
Insert into EC4USER.COMTCCMMNDETAILCODE (CODE_ID,CODE,CODE_NM,CODE_DC,USE_AT,FRST_REGIST_PNTTM,FRST_REGISTER_ID,LAST_UPDT_PNTTM,LAST_UPDUSR_ID) values ('COM017','02','법정공휴일','법정공휴일','Y',to_date('18/04/03','RR/MM/DD'),'SYSTEM',to_date('18/04/03','RR/MM/DD'),'SYSTEM');
Insert into EC4USER.COMTCCMMNDETAILCODE (CODE_ID,CODE,CODE_NM,CODE_DC,USE_AT,FRST_REGIST_PNTTM,FRST_REGISTER_ID,LAST_UPDT_PNTTM,LAST_UPDUSR_ID) values ('COM017','03','임시공휴일','임시공휴일','Y',to_date('18/04/03','RR/MM/DD'),'SYSTEM',to_date('18/04/03','RR/MM/DD'),'SYSTEM');
Insert into EC4USER.COMTCCMMNDETAILCODE (CODE_ID,CODE,CODE_NM,CODE_DC,USE_AT,FRST_REGIST_PNTTM,FRST_REGISTER_ID,LAST_UPDT_PNTTM,LAST_UPDUSR_ID) values ('COM018','1','객관식','객관식','Y',to_date('18/04/03','RR/MM/DD'),'SYSTEM',to_date('18/04/03','RR/MM/DD'),'SYSTEM');
REM INSERTING into EC4USER.COMTCZIP
SET DEFINE OFF;
Insert into EC4USER.COMTCZIP (ZIP,SN,CTPRVN_NM,SIGNGU_NM,EMD_NM,LI_BULD_NM,LNBR_DONG_HO,FRST_REGIST_PNTTM,FRST_REGISTER_ID,LAST_UPDT_PNTTM,LAST_UPDUSR_ID) values ('100775',7381,'서울','중구','무교동','한국정보화진흥원',null,to_date('18/04/03','RR/MM/DD'),'SYSTEM',to_date('18/04/03','RR/MM/DD'),'SYSTEM');
REM INSERTING into EC4USER.COMTECOPSEQ
SET DEFINE OFF;
Insert into EC4USER.COMTECOPSEQ (TABLE_NAME,NEXT_ID) values ('ADBKUSER_ID',1);
Insert into EC4USER.COMTECOPSEQ (TABLE_NAME,NEXT_ID) values ('ADBK_ID',1);
Insert into EC4USER.COMTECOPSEQ (TABLE_NAME,NEXT_ID) values ('ADMINIST_WORD_ID',1);
Insert into EC4USER.COMTECOPSEQ (TABLE_NAME,NEXT_ID) values ('ADMIN_CODE_OPERT',1);
Insert into EC4USER.COMTECOPSEQ (TABLE_NAME,NEXT_ID) values ('ANN_ID',1);
Insert into EC4USER.COMTECOPSEQ (TABLE_NAME,NEXT_ID) values ('BACKUP_OPERT_ID',1);
Insert into EC4USER.COMTECOPSEQ (TABLE_NAME,NEXT_ID) values ('BACKUP_RESULT_ID',1);
Insert into EC4USER.COMTECOPSEQ (TABLE_NAME,NEXT_ID) values ('BANNER_ID',1);
Insert into EC4USER.COMTECOPSEQ (TABLE_NAME,NEXT_ID) values ('BATCH_OPERT_ID',1);
Insert into EC4USER.COMTECOPSEQ (TABLE_NAME,NEXT_ID) values ('BATCH_RESULT_ID',1);
Insert into EC4USER.COMTECOPSEQ (TABLE_NAME,NEXT_ID) values ('BATCH_SCHDUL_ID',1);
Insert into EC4USER.COMTECOPSEQ (TABLE_NAME,NEXT_ID) values ('BBS_ID',1);
Insert into EC4USER.COMTECOPSEQ (TABLE_NAME,NEXT_ID) values ('CLB_ID',1);
Insert into EC4USER.COMTECOPSEQ (TABLE_NAME,NEXT_ID) values ('CMMNTY_ID',1);
Insert into EC4USER.COMTECOPSEQ (TABLE_NAME,NEXT_ID) values ('CNSLT_ID',1);
Insert into EC4USER.COMTECOPSEQ (TABLE_NAME,NEXT_ID) values ('CNTC_ID',1);
Insert into EC4USER.COMTECOPSEQ (TABLE_NAME,NEXT_ID) values ('CNTC_MESSAGE_ID',1);
Insert into EC4USER.COMTECOPSEQ (TABLE_NAME,NEXT_ID) values ('CNTNTS_ID',1);
Insert into EC4USER.COMTECOPSEQ (TABLE_NAME,NEXT_ID) values ('COMTECOPSEQ',1);
Insert into EC4USER.COMTECOPSEQ (TABLE_NAME,NEXT_ID) values ('CPYRHT_ID',1);
Insert into EC4USER.COMTECOPSEQ (TABLE_NAME,NEXT_ID) values ('CTSNN_ID',1);
Insert into EC4USER.COMTECOPSEQ (TABLE_NAME,NEXT_ID) values ('DAM_ID',1);
Insert into EC4USER.COMTECOPSEQ (TABLE_NAME,NEXT_ID) values ('DB_MNTRNG_LOG_ID',1);
Insert into EC4USER.COMTECOPSEQ (TABLE_NAME,NEXT_ID) values ('DEPT_JOB_BX_ID',1);
Insert into EC4USER.COMTECOPSEQ (TABLE_NAME,NEXT_ID) values ('DEPT_JOB_ID',1);
Insert into EC4USER.COMTECOPSEQ (TABLE_NAME,NEXT_ID) values ('DIARY_ID',1);
Insert into EC4USER.COMTECOPSEQ (TABLE_NAME,NEXT_ID) values ('DUS_ID',1);
Insert into EC4USER.COMTECOPSEQ (TABLE_NAME,NEXT_ID) values ('EVENTINFO_ID',1);
Insert into EC4USER.COMTECOPSEQ (TABLE_NAME,NEXT_ID) values ('EVENT_ID',1);
Insert into EC4USER.COMTECOPSEQ (TABLE_NAME,NEXT_ID) values ('EXTRLHRINFO_ID',1);
Insert into EC4USER.COMTECOPSEQ (TABLE_NAME,NEXT_ID) values ('FAQ_ID',1);
Insert into EC4USER.COMTECOPSEQ (TABLE_NAME,NEXT_ID) values ('FILESYS_LOGID',1);
Insert into EC4USER.COMTECOPSEQ (TABLE_NAME,NEXT_ID) values ('FILESYS_MNTRNG',1);
Insert into EC4USER.COMTECOPSEQ (TABLE_NAME,NEXT_ID) values ('FILE_ID',1);
Insert into EC4USER.COMTECOPSEQ (TABLE_NAME,NEXT_ID) values ('GROUP_ID',1);
Insert into EC4USER.COMTECOPSEQ (TABLE_NAME,NEXT_ID) values ('HPCM_ID',1);
Insert into EC4USER.COMTECOPSEQ (TABLE_NAME,NEXT_ID) values ('HTTL_ID',1);
Insert into EC4USER.COMTECOPSEQ (TABLE_NAME,NEXT_ID) values ('HTTP_ID',1);
Insert into EC4USER.COMTECOPSEQ (TABLE_NAME,NEXT_ID) values ('INDVDL_INFO_ID',1);
Insert into EC4USER.COMTECOPSEQ (TABLE_NAME,NEXT_ID) values ('INFRML_SANCTN',1);
Insert into EC4USER.COMTECOPSEQ (TABLE_NAME,NEXT_ID) values ('INSTT_CODE_OPERT',1);
Insert into EC4USER.COMTECOPSEQ (TABLE_NAME,NEXT_ID) values ('INSTT_ID',1);
Insert into EC4USER.COMTECOPSEQ (TABLE_NAME,NEXT_ID) values ('ISG_ID',1);
Insert into EC4USER.COMTECOPSEQ (TABLE_NAME,NEXT_ID) values ('ITEM_ID',1);
Insert into EC4USER.COMTECOPSEQ (TABLE_NAME,NEXT_ID) values ('KNO_ID',1);
Insert into EC4USER.COMTECOPSEQ (TABLE_NAME,NEXT_ID) values ('KNO_ID2',1);
Insert into EC4USER.COMTECOPSEQ (TABLE_NAME,NEXT_ID) values ('LEADER_SCHDUL_ID',1);
Insert into EC4USER.COMTECOPSEQ (TABLE_NAME,NEXT_ID) values ('LOGINLOG_ID',1);
Insert into EC4USER.COMTECOPSEQ (TABLE_NAME,NEXT_ID) values ('LSI_ID',1);
Insert into EC4USER.COMTECOPSEQ (TABLE_NAME,NEXT_ID) values ('MAILMSG_ID',1);
Insert into EC4USER.COMTECOPSEQ (TABLE_NAME,NEXT_ID) values ('MEMO_REPRT',1);
Insert into EC4USER.COMTECOPSEQ (TABLE_NAME,NEXT_ID) values ('MEMO_TODO_ID',1);
Insert into EC4USER.COMTECOPSEQ (TABLE_NAME,NEXT_ID) values ('MSI_ID',1);
Insert into EC4USER.COMTECOPSEQ (TABLE_NAME,NEXT_ID) values ('MTG_ID',1);
Insert into EC4USER.COMTECOPSEQ (TABLE_NAME,NEXT_ID) values ('MTG_PLACE_ID',1);
Insert into EC4USER.COMTECOPSEQ (TABLE_NAME,NEXT_ID) values ('NCRD_ID',1);
Insert into EC4USER.COMTECOPSEQ (TABLE_NAME,NEXT_ID) values ('NEWS_ID',1);
Insert into EC4USER.COMTECOPSEQ (TABLE_NAME,NEXT_ID) values ('NOTE_ID',1);
Insert into EC4USER.COMTECOPSEQ (TABLE_NAME,NEXT_ID) values ('NOTE_RECPTN_ID',1);
Insert into EC4USER.COMTECOPSEQ (TABLE_NAME,NEXT_ID) values ('NOTE_TRNSMIT_ID',1);
Insert into EC4USER.COMTECOPSEQ (TABLE_NAME,NEXT_ID) values ('NTWRKSVC_LOGID',1);
Insert into EC4USER.COMTECOPSEQ (TABLE_NAME,NEXT_ID) values ('NTWRK_ID',1);
Insert into EC4USER.COMTECOPSEQ (TABLE_NAME,NEXT_ID) values ('ONLINE_MUL_ID',1);
Insert into EC4USER.COMTECOPSEQ (TABLE_NAME,NEXT_ID) values ('POLL_IEM_ID',1);
Insert into EC4USER.COMTECOPSEQ (TABLE_NAME,NEXT_ID) values ('POLL_MGR_ID',1);
Insert into EC4USER.COMTECOPSEQ (TABLE_NAME,NEXT_ID) values ('POLL_RUT_ID',1);
Insert into EC4USER.COMTECOPSEQ (TABLE_NAME,NEXT_ID) values ('POPUP_ID',1);
Insert into EC4USER.COMTECOPSEQ (TABLE_NAME,NEXT_ID) values ('PROC_ID',1);
Insert into EC4USER.COMTECOPSEQ (TABLE_NAME,NEXT_ID) values ('PROL_ID',1);
Insert into EC4USER.COMTECOPSEQ (TABLE_NAME,NEXT_ID) values ('PROXYLOG_ID',1);
Insert into EC4USER.COMTECOPSEQ (TABLE_NAME,NEXT_ID) values ('PROXYSVC_ID',1);
Insert into EC4USER.COMTECOPSEQ (TABLE_NAME,NEXT_ID) values ('QA_ID',1);
Insert into EC4USER.COMTECOPSEQ (TABLE_NAME,NEXT_ID) values ('QESITM_',1);
Insert into EC4USER.COMTECOPSEQ (TABLE_NAME,NEXT_ID) values ('QESRSPNS_ID',1);
Insert into EC4USER.COMTECOPSEQ (TABLE_NAME,NEXT_ID) values ('QESTNR_QESITM_ID',1);
Insert into EC4USER.COMTECOPSEQ (TABLE_NAME,NEXT_ID) values ('QESTNR_RPD_ID',1);
Insert into EC4USER.COMTECOPSEQ (TABLE_NAME,NEXT_ID) values ('QUSTNRQESTN_ID',1);
Insert into EC4USER.COMTECOPSEQ (TABLE_NAME,NEXT_ID) values ('QUSTNRTMPLA_ID',1);
Insert into EC4USER.COMTECOPSEQ (TABLE_NAME,NEXT_ID) values ('RECOMEND_SITE_ID',1);
Insert into EC4USER.COMTECOPSEQ (TABLE_NAME,NEXT_ID) values ('RESTDE_ID',1);
Insert into EC4USER.COMTECOPSEQ (TABLE_NAME,NEXT_ID) values ('RESVE_ID',1);
Insert into EC4USER.COMTECOPSEQ (TABLE_NAME,NEXT_ID) values ('ROLE_ID',20);
Insert into EC4USER.COMTECOPSEQ (TABLE_NAME,NEXT_ID) values ('RSS_ID',1);
Insert into EC4USER.COMTECOPSEQ (TABLE_NAME,NEXT_ID) values ('RS_ID',1);
Insert into EC4USER.COMTECOPSEQ (TABLE_NAME,NEXT_ID) values ('RWARD_ID',1);
Insert into EC4USER.COMTECOPSEQ (TABLE_NAME,NEXT_ID) values ('SCHDUL_ID',1);
Insert into EC4USER.COMTECOPSEQ (TABLE_NAME,NEXT_ID) values ('SCRAP_ID',1);
Insert into EC4USER.COMTECOPSEQ (TABLE_NAME,NEXT_ID) values ('SERVER_ID',1);
Insert into EC4USER.COMTECOPSEQ (TABLE_NAME,NEXT_ID) values ('SEVEQ_ID',1);
Insert into EC4USER.COMTECOPSEQ (TABLE_NAME,NEXT_ID) values ('SITE_ID',1);
Insert into EC4USER.COMTECOPSEQ (TABLE_NAME,NEXT_ID) values ('SMS_ID',1);
Insert into EC4USER.COMTECOPSEQ (TABLE_NAME,NEXT_ID) values ('SRCHWRD_ID',1);
Insert into EC4USER.COMTECOPSEQ (TABLE_NAME,NEXT_ID) values ('SRCHWRD_MANAGEID',1);
Insert into EC4USER.COMTECOPSEQ (TABLE_NAME,NEXT_ID) values ('SRCHWRD_MANAGE_I',1);
Insert into EC4USER.COMTECOPSEQ (TABLE_NAME,NEXT_ID) values ('SVCRESMONTLOG_ID',1);
Insert into EC4USER.COMTECOPSEQ (TABLE_NAME,NEXT_ID) values ('SVC_ID',1);
Insert into EC4USER.COMTECOPSEQ (TABLE_NAME,NEXT_ID) values ('SYNCHRNSERVER_ID',1);
Insert into EC4USER.COMTECOPSEQ (TABLE_NAME,NEXT_ID) values ('SYSLOG_ID',1);
Insert into EC4USER.COMTECOPSEQ (TABLE_NAME,NEXT_ID) values ('SYS_ID',1);
Insert into EC4USER.COMTECOPSEQ (TABLE_NAME,NEXT_ID) values ('TEST1',1);
Insert into EC4USER.COMTECOPSEQ (TABLE_NAME,NEXT_ID) values ('TMPLAT_ID',1);
Insert into EC4USER.COMTECOPSEQ (TABLE_NAME,NEXT_ID) values ('TROBL_ID',1);
Insert into EC4USER.COMTECOPSEQ (TABLE_NAME,NEXT_ID) values ('TRSMRCVLOG_ID',1);
Insert into EC4USER.COMTECOPSEQ (TABLE_NAME,NEXT_ID) values ('TR_MNTRNG_LOG_ID',1);
Insert into EC4USER.COMTECOPSEQ (TABLE_NAME,NEXT_ID) values ('UNITY_LINK_ID',1);
Insert into EC4USER.COMTECOPSEQ (TABLE_NAME,NEXT_ID) values ('USE_STPLAT_ID',3);
Insert into EC4USER.COMTECOPSEQ (TABLE_NAME,NEXT_ID) values ('USRCNFRM_ID',3);
Insert into EC4USER.COMTECOPSEQ (TABLE_NAME,NEXT_ID) values ('WEBLOG_ID',1);
Insert into EC4USER.COMTECOPSEQ (TABLE_NAME,NEXT_ID) values ('WIKI_ID',1);
Insert into EC4USER.COMTECOPSEQ (TABLE_NAME,NEXT_ID) values ('WIKMNTHNG_REPRT',1);
Insert into EC4USER.COMTECOPSEQ (TABLE_NAME,NEXT_ID) values ('WORD_ID',1);
Insert into EC4USER.COMTECOPSEQ (TABLE_NAME,NEXT_ID) values ('NTT_ID',1);
Insert into EC4USER.COMTECOPSEQ (TABLE_NAME,NEXT_ID) values ('ORGNZT_ID',1);
Insert into EC4USER.COMTECOPSEQ (TABLE_NAME,NEXT_ID) values ('ANSWER_NO',1);
Insert into EC4USER.COMTECOPSEQ (TABLE_NAME,NEXT_ID) values ('STSFDG_NO',1);
REM INSERTING into EC4USER.COMTHEMAILDSPTCHMANAGE
SET DEFINE OFF;
REM INSERTING into EC4USER.COMTHEMPLYRINFOCHANGEDTLS
SET DEFINE OFF;
REM INSERTING into EC4USER.COMTHPROGRMCHANGEDTLS
SET DEFINE OFF;
REM INSERTING into EC4USER.COMTNAUTHORGROUPINFO
SET DEFINE OFF;
Insert into EC4USER.COMTNAUTHORGROUPINFO (GROUP_ID,GROUP_NM,GROUP_CREAT_DE,GROUP_DC) values ('GROUP_00000000000000','0번  그룹입니다','18/04/03            ','0번  그룹입니다');
REM INSERTING into EC4USER.COMTNAUTHORINFO
SET DEFINE OFF;
Insert into EC4USER.COMTNAUTHORINFO (AUTHOR_CODE,AUTHOR_NM,AUTHOR_DC,AUTHOR_CREAT_DE) values ('ROLE_ANONYMOUS','모든 사용자',null,'18/04/03            ');
Insert into EC4USER.COMTNAUTHORINFO (AUTHOR_CODE,AUTHOR_NM,AUTHOR_DC,AUTHOR_CREAT_DE) values ('IS_AUTHENTICATED_ANONYMOUSLY','스프링시큐리티 내부사용(롤부여 금지)',null,'18/04/03            ');
Insert into EC4USER.COMTNAUTHORINFO (AUTHOR_CODE,AUTHOR_NM,AUTHOR_DC,AUTHOR_CREAT_DE) values ('IS_AUTHENTICATED_REMEMBERED','스프링시큐리티 내부사용(롤부여 금지)',null,'18/04/03            ');
Insert into EC4USER.COMTNAUTHORINFO (AUTHOR_CODE,AUTHOR_NM,AUTHOR_DC,AUTHOR_CREAT_DE) values ('IS_AUTHENTICATED_FULLY','스프링시큐리티 내부사용(롤부여 금지)',null,'18/04/03            ');
Insert into EC4USER.COMTNAUTHORINFO (AUTHOR_CODE,AUTHOR_NM,AUTHOR_DC,AUTHOR_CREAT_DE) values ('ROLE_USER','일반 사용자',null,'18/04/03            ');
Insert into EC4USER.COMTNAUTHORINFO (AUTHOR_CODE,AUTHOR_NM,AUTHOR_DC,AUTHOR_CREAT_DE) values ('ROLE_ADMIN','관리자',null,'18/04/03            ');
REM INSERTING into EC4USER.COMTNAUTHORROLERELATE
SET DEFINE OFF;
Insert into EC4USER.COMTNAUTHORROLERELATE (AUTHOR_CODE,ROLE_CODE,CREAT_DT) values ('ROLE_ANONYMOUS','web-000001',to_date('18/04/03','RR/MM/DD'));
Insert into EC4USER.COMTNAUTHORROLERELATE (AUTHOR_CODE,ROLE_CODE,CREAT_DT) values ('ROLE_ANONYMOUS','web-000002',to_date('18/04/03','RR/MM/DD'));
Insert into EC4USER.COMTNAUTHORROLERELATE (AUTHOR_CODE,ROLE_CODE,CREAT_DT) values ('ROLE_ANONYMOUS','web-000004',to_date('18/04/03','RR/MM/DD'));
Insert into EC4USER.COMTNAUTHORROLERELATE (AUTHOR_CODE,ROLE_CODE,CREAT_DT) values ('ROLE_ANONYMOUS','web-000005',to_date('18/04/03','RR/MM/DD'));
Insert into EC4USER.COMTNAUTHORROLERELATE (AUTHOR_CODE,ROLE_CODE,CREAT_DT) values ('ROLE_ANONYMOUS','web-000006',to_date('18/04/03','RR/MM/DD'));
Insert into EC4USER.COMTNAUTHORROLERELATE (AUTHOR_CODE,ROLE_CODE,CREAT_DT) values ('ROLE_ANONYMOUS','web-000007',to_date('18/04/03','RR/MM/DD'));
Insert into EC4USER.COMTNAUTHORROLERELATE (AUTHOR_CODE,ROLE_CODE,CREAT_DT) values ('ROLE_ANONYMOUS','web-000008',to_date('18/04/03','RR/MM/DD'));
Insert into EC4USER.COMTNAUTHORROLERELATE (AUTHOR_CODE,ROLE_CODE,CREAT_DT) values ('ROLE_ANONYMOUS','web-000009',to_date('18/04/03','RR/MM/DD'));
Insert into EC4USER.COMTNAUTHORROLERELATE (AUTHOR_CODE,ROLE_CODE,CREAT_DT) values ('ROLE_ANONYMOUS','web-000010',to_date('18/04/03','RR/MM/DD'));
Insert into EC4USER.COMTNAUTHORROLERELATE (AUTHOR_CODE,ROLE_CODE,CREAT_DT) values ('ROLE_USER','web-000003',to_date('18/04/03','RR/MM/DD'));
REM INSERTING into EC4USER.COMTNBBS
SET DEFINE OFF;
REM INSERTING into EC4USER.COMTNBBSMASTER
SET DEFINE OFF;
REM INSERTING into EC4USER.COMTNBBSMASTEROPTN
SET DEFINE OFF;
REM INSERTING into EC4USER.COMTNBBSUSE
SET DEFINE OFF;
REM INSERTING into EC4USER.COMTNBKMKMENUMANAGERESULT
SET DEFINE OFF;
REM INSERTING into EC4USER.COMTNCLUB
SET DEFINE OFF;
REM INSERTING into EC4USER.COMTNCMMNTY
SET DEFINE OFF;
REM INSERTING into EC4USER.COMTNCOMMENT
SET DEFINE OFF;
REM INSERTING into EC4USER.COMTNEMPLYRINFO
SET DEFINE OFF;
Insert into EC4USER.COMTNEMPLYRINFO (EMPLYR_ID,ORGNZT_ID,USER_NM,PASSWORD,EMPL_NO,IHIDNUM,SEXDSTN_CODE,BRTHDY,FXNUM,HOUSE_ADRES,PASSWORD_HINT,PASSWORD_CNSR,HOUSE_END_TELNO,AREA_NO,DETAIL_ADRES,ZIP,OFFM_TELNO,MBTLNUM,EMAIL_ADRES,OFCPS_NM,HOUSE_MIDDLE_TELNO,GROUP_ID,PSTINST_CODE,EMPLYR_STTUS_CODE,ESNTL_ID,CRTFC_DN_VALUE,SBSCRB_DE) values ('TEST1','ORGNZT_0000000000000','테스트1','raHLBnHFcunwNzcDcfad4PhD11hHgXSUr7fc1Jk9uoQ=','20112059',null,'F','20111130            ','1566-2059','서울 중구 무교동 한국정보화진흥원','P01','전자정부표준프레임워크센터','2059','02','전자정부표준프레임워크센터','100775','1566-2059','1566-2059','egovframesupport@gmail.com','관리자','1566','GROUP_00000000000000','00000001','P','USRCNFRM_00000000000',null,to_date('18/04/03','RR/MM/DD'));
Insert into EC4USER.COMTNEMPLYRINFO (EMPLYR_ID,ORGNZT_ID,USER_NM,PASSWORD,EMPL_NO,IHIDNUM,SEXDSTN_CODE,BRTHDY,FXNUM,HOUSE_ADRES,PASSWORD_HINT,PASSWORD_CNSR,HOUSE_END_TELNO,AREA_NO,DETAIL_ADRES,ZIP,OFFM_TELNO,MBTLNUM,EMAIL_ADRES,OFCPS_NM,HOUSE_MIDDLE_TELNO,GROUP_ID,PSTINST_CODE,EMPLYR_STTUS_CODE,ESNTL_ID,CRTFC_DN_VALUE,SBSCRB_DE) values ('webmaster','ORGNZT_0000000000000','웹마스터','78gXjfDDMzepOP4QTiFMRFOT/msFgKkHIgGOU95PT94=','20112060',null,'F','20111130            ','1566-2059','서울특별시 중구 청계천로 14 - 0 한국정보사회진흥원','P01','전자정부표준프레임워크센터','2059','02','전자정부표준프레임워크센터','100775','1566-2059','1566-2059','egovframesupport@gmail.com','웹관리자','1566','GROUP_00000000000000','00000001','P','USRCNFRM_99999999999',null,to_date('18/04/03','RR/MM/DD'));
REM INSERTING into EC4USER.COMTNEMPLYRSCRTYESTBS
SET DEFINE OFF;
Insert into EC4USER.COMTNEMPLYRSCRTYESTBS (SCRTY_DTRMN_TRGET_ID,MBER_TY_CODE,AUTHOR_CODE) values ('USRCNFRM_00000000000','USR03','ROLE_ADMIN');
Insert into EC4USER.COMTNEMPLYRSCRTYESTBS (SCRTY_DTRMN_TRGET_ID,MBER_TY_CODE,AUTHOR_CODE) values ('USRCNFRM_00000000001','USR01','ROLE_USER');
Insert into EC4USER.COMTNEMPLYRSCRTYESTBS (SCRTY_DTRMN_TRGET_ID,MBER_TY_CODE,AUTHOR_CODE) values ('USRCNFRM_00000000002','USR02','ROLE_USER');
REM INSERTING into EC4USER.COMTNENTRPRSMBER
SET DEFINE OFF;
Insert into EC4USER.COMTNENTRPRSMBER (ENTRPRS_MBER_ID,ENTRPRS_SE_CODE,BIZRNO,JURIRNO,CMPNY_NM,CXFC,ZIP,ADRES,ENTRPRS_MIDDLE_TELNO,FXNUM,INDUTY_CODE,APPLCNT_NM,APPLCNT_IHIDNUM,SBSCRB_DE,ENTRPRS_MBER_STTUS,ENTRPRS_MBER_PASSWORD,ENTRPRS_MBER_PASSWORD_HINT,ENTRPRS_MBER_PASSWORD_CNSR,GROUP_ID,DETAIL_ADRES,ENTRPRS_END_TELNO,AREA_NO,APPLCNT_EMAIL_ADRES,ESNTL_ID) values ('ENTERPRISE','C0000001','1008360001','1000310000011','NIA','이가브','100775','서울특별시 중구 청계천로 14 - 0 한국정보사회진흥원','1566','1566-2059','O','관리자',null,to_date('18/04/03','RR/MM/DD'),'P','ZQhr3oB5QWjBnBO0kbFF7bvQDLkk+Em0ExjTq5JtVTo=','P01','전자정부표준프레임워크센터','GROUP_00000000000000','표준프레임워크센터','2059','02','egovframesupport@gmail.com','USRCNFRM_00000000002');
REM INSERTING into EC4USER.COMTNFILE
SET DEFINE OFF;
REM INSERTING into EC4USER.COMTNFILEDETAIL
SET DEFINE OFF;
REM INSERTING into EC4USER.COMTNGNRLMBER
SET DEFINE OFF;
Insert into EC4USER.COMTNGNRLMBER (MBER_ID,PASSWORD,PASSWORD_HINT,PASSWORD_CNSR,IHIDNUM,MBER_NM,ZIP,ADRES,AREA_NO,MBER_STTUS,DETAIL_ADRES,END_TELNO,MBTLNUM,GROUP_ID,MBER_FXNUM,MBER_EMAIL_ADRES,MIDDLE_TELNO,SBSCRB_DE,SEXDSTN_CODE,ESNTL_ID) values ('USER','6TAJYwhKCgkgzPXDb83ZUiHi2/TKHhD7t5Ba6RN2qoo=','P01','전자정부표준프레임워크센터',null,'일반회원','100775','서울 중구 무교동 한국정보화진흥원','02','P','전자정부표준프레임워크센터','2059','1566-2059','GROUP_00000000000000','1566-2059','egovframesupport@gmail.com','1566',to_date('18/04/03','RR/MM/DD'),'F','USRCNFRM_00000000001');
REM INSERTING into EC4USER.COMTNLOGINSCRINIMAGE
SET DEFINE OFF;
REM INSERTING into EC4USER.COMTNMENUCREATDTLS
SET DEFINE OFF;
Insert into EC4USER.COMTNMENUCREATDTLS (MENU_NO,AUTHOR_CODE,MAPNG_CREAT_ID) values (1000000,'ROLE_ADMIN',null);
Insert into EC4USER.COMTNMENUCREATDTLS (MENU_NO,AUTHOR_CODE,MAPNG_CREAT_ID) values (1010000,'ROLE_ADMIN',null);
Insert into EC4USER.COMTNMENUCREATDTLS (MENU_NO,AUTHOR_CODE,MAPNG_CREAT_ID) values (2000000,'ROLE_ADMIN',null);
Insert into EC4USER.COMTNMENUCREATDTLS (MENU_NO,AUTHOR_CODE,MAPNG_CREAT_ID) values (2010000,'ROLE_ADMIN',null);
Insert into EC4USER.COMTNMENUCREATDTLS (MENU_NO,AUTHOR_CODE,MAPNG_CREAT_ID) values (2020000,'ROLE_ADMIN',null);
Insert into EC4USER.COMTNMENUCREATDTLS (MENU_NO,AUTHOR_CODE,MAPNG_CREAT_ID) values (2030000,'ROLE_ADMIN',null);
Insert into EC4USER.COMTNMENUCREATDTLS (MENU_NO,AUTHOR_CODE,MAPNG_CREAT_ID) values (2040000,'ROLE_ADMIN',null);
Insert into EC4USER.COMTNMENUCREATDTLS (MENU_NO,AUTHOR_CODE,MAPNG_CREAT_ID) values (2050000,'ROLE_ADMIN',null);
Insert into EC4USER.COMTNMENUCREATDTLS (MENU_NO,AUTHOR_CODE,MAPNG_CREAT_ID) values (4000000,'ROLE_ADMIN',null);
Insert into EC4USER.COMTNMENUCREATDTLS (MENU_NO,AUTHOR_CODE,MAPNG_CREAT_ID) values (4010000,'ROLE_ADMIN',null);
Insert into EC4USER.COMTNMENUCREATDTLS (MENU_NO,AUTHOR_CODE,MAPNG_CREAT_ID) values (4030000,'ROLE_ADMIN',null);
Insert into EC4USER.COMTNMENUCREATDTLS (MENU_NO,AUTHOR_CODE,MAPNG_CREAT_ID) values (5000000,'ROLE_ADMIN',null);
Insert into EC4USER.COMTNMENUCREATDTLS (MENU_NO,AUTHOR_CODE,MAPNG_CREAT_ID) values (5010000,'ROLE_ADMIN',null);
Insert into EC4USER.COMTNMENUCREATDTLS (MENU_NO,AUTHOR_CODE,MAPNG_CREAT_ID) values (5020000,'ROLE_ADMIN',null);
Insert into EC4USER.COMTNMENUCREATDTLS (MENU_NO,AUTHOR_CODE,MAPNG_CREAT_ID) values (5030000,'ROLE_ADMIN',null);
Insert into EC4USER.COMTNMENUCREATDTLS (MENU_NO,AUTHOR_CODE,MAPNG_CREAT_ID) values (5040000,'ROLE_ADMIN',null);
Insert into EC4USER.COMTNMENUCREATDTLS (MENU_NO,AUTHOR_CODE,MAPNG_CREAT_ID) values (5380000,'ROLE_ADMIN',null);
Insert into EC4USER.COMTNMENUCREATDTLS (MENU_NO,AUTHOR_CODE,MAPNG_CREAT_ID) values (6000000,'ROLE_ADMIN',null);
Insert into EC4USER.COMTNMENUCREATDTLS (MENU_NO,AUTHOR_CODE,MAPNG_CREAT_ID) values (6010000,'ROLE_ADMIN',null);
Insert into EC4USER.COMTNMENUCREATDTLS (MENU_NO,AUTHOR_CODE,MAPNG_CREAT_ID) values (6020000,'ROLE_ADMIN',null);
Insert into EC4USER.COMTNMENUCREATDTLS (MENU_NO,AUTHOR_CODE,MAPNG_CREAT_ID) values (6030000,'ROLE_ADMIN',null);
Insert into EC4USER.COMTNMENUCREATDTLS (MENU_NO,AUTHOR_CODE,MAPNG_CREAT_ID) values (6130000,'ROLE_ADMIN',null);
Insert into EC4USER.COMTNMENUCREATDTLS (MENU_NO,AUTHOR_CODE,MAPNG_CREAT_ID) values (6150000,'ROLE_ADMIN',null);
Insert into EC4USER.COMTNMENUCREATDTLS (MENU_NO,AUTHOR_CODE,MAPNG_CREAT_ID) values (6160000,'ROLE_ADMIN',null);
Insert into EC4USER.COMTNMENUCREATDTLS (MENU_NO,AUTHOR_CODE,MAPNG_CREAT_ID) values (6170000,'ROLE_ADMIN',null);
Insert into EC4USER.COMTNMENUCREATDTLS (MENU_NO,AUTHOR_CODE,MAPNG_CREAT_ID) values (6180000,'ROLE_ADMIN',null);
Insert into EC4USER.COMTNMENUCREATDTLS (MENU_NO,AUTHOR_CODE,MAPNG_CREAT_ID) values (9000000,'ROLE_ADMIN',null);
Insert into EC4USER.COMTNMENUCREATDTLS (MENU_NO,AUTHOR_CODE,MAPNG_CREAT_ID) values (9010000,'ROLE_ADMIN',null);
REM INSERTING into EC4USER.COMTNMENUINFO
SET DEFINE OFF;
Insert into EC4USER.COMTNMENUINFO (MENU_NM,PROGRM_FILE_NM,MENU_NO,UPPER_MENU_NO,MENU_ORDR,MENU_DC,RELATE_IMAGE_PATH,RELATE_IMAGE_NM,ICON_CLASS_NM) values ('root','dir',0,0,1,'root','/','/',null);
Insert into EC4USER.COMTNMENUINFO (MENU_NM,PROGRM_FILE_NM,MENU_NO,UPPER_MENU_NO,MENU_ORDR,MENU_DC,RELATE_IMAGE_PATH,RELATE_IMAGE_NM,ICON_CLASS_NM) values ('사용자디렉토리/통합인증','dir',1000000,0,1,'사용자디렉토리/통합인증','/','/',null);
Insert into EC4USER.COMTNMENUINFO (MENU_NM,PROGRM_FILE_NM,MENU_NO,UPPER_MENU_NO,MENU_ORDR,MENU_DC,RELATE_IMAGE_PATH,RELATE_IMAGE_NM,ICON_CLASS_NM) values ('로그인','egovLoginUsr',1010000,1000000,1,'로그인','/','/',null);
Insert into EC4USER.COMTNMENUINFO (MENU_NM,PROGRM_FILE_NM,MENU_NO,UPPER_MENU_NO,MENU_ORDR,MENU_DC,RELATE_IMAGE_PATH,RELATE_IMAGE_NM,ICON_CLASS_NM) values ('보안','dir',2000000,0,2,'보안','/','/',null);
Insert into EC4USER.COMTNMENUINFO (MENU_NM,PROGRM_FILE_NM,MENU_NO,UPPER_MENU_NO,MENU_ORDR,MENU_DC,RELATE_IMAGE_PATH,RELATE_IMAGE_NM,ICON_CLASS_NM) values ('권한관리','EgovAuthorList',2010000,2000000,1,'권한관리','/','/',null);
Insert into EC4USER.COMTNMENUINFO (MENU_NM,PROGRM_FILE_NM,MENU_NO,UPPER_MENU_NO,MENU_ORDR,MENU_DC,RELATE_IMAGE_PATH,RELATE_IMAGE_NM,ICON_CLASS_NM) values ('권한그룹관리','EgovAuthorGroupList',2020000,2000000,2,'권한그룹관리','/','/',null);
Insert into EC4USER.COMTNMENUINFO (MENU_NM,PROGRM_FILE_NM,MENU_NO,UPPER_MENU_NO,MENU_ORDR,MENU_DC,RELATE_IMAGE_PATH,RELATE_IMAGE_NM,ICON_CLASS_NM) values ('그룹관리','EgovGroupList',2030000,2000000,3,'그룹관리','/','/',null);
Insert into EC4USER.COMTNMENUINFO (MENU_NM,PROGRM_FILE_NM,MENU_NO,UPPER_MENU_NO,MENU_ORDR,MENU_DC,RELATE_IMAGE_PATH,RELATE_IMAGE_NM,ICON_CLASS_NM) values ('롤관리','EgovRoleList',2040000,2000000,4,'롤관리','/','/',null);
Insert into EC4USER.COMTNMENUINFO (MENU_NM,PROGRM_FILE_NM,MENU_NO,UPPER_MENU_NO,MENU_ORDR,MENU_DC,RELATE_IMAGE_PATH,RELATE_IMAGE_NM,ICON_CLASS_NM) values ('부서권한관리','EgovDeptAuthorList',2050000,2000000,5,'부서권한관리','/','/',null);
Insert into EC4USER.COMTNMENUINFO (MENU_NM,PROGRM_FILE_NM,MENU_NO,UPPER_MENU_NO,MENU_ORDR,MENU_DC,RELATE_IMAGE_PATH,RELATE_IMAGE_NM,ICON_CLASS_NM) values ('통계/리포팅','dir',3000000,0,3,'통계/리포팅','/','/',null);
Insert into EC4USER.COMTNMENUINFO (MENU_NM,PROGRM_FILE_NM,MENU_NO,UPPER_MENU_NO,MENU_ORDR,MENU_DC,RELATE_IMAGE_PATH,RELATE_IMAGE_NM,ICON_CLASS_NM) values ('협업','dir',4000000,0,4,'협업','/','/',null);
Insert into EC4USER.COMTNMENUINFO (MENU_NM,PROGRM_FILE_NM,MENU_NO,UPPER_MENU_NO,MENU_ORDR,MENU_DC,RELATE_IMAGE_PATH,RELATE_IMAGE_NM,ICON_CLASS_NM) values ('게시판속성관리','SelectBBSMasterInfs',4010000,4000000,1,'게시판속성관리','/','/',null);
Insert into EC4USER.COMTNMENUINFO (MENU_NM,PROGRM_FILE_NM,MENU_NO,UPPER_MENU_NO,MENU_ORDR,MENU_DC,RELATE_IMAGE_PATH,RELATE_IMAGE_NM,ICON_CLASS_NM) values ('게시판사용정보','selectBBSUseInfs',4020000,4000000,2,'게시판사용정보','/','/',null);
Insert into EC4USER.COMTNMENUINFO (MENU_NM,PROGRM_FILE_NM,MENU_NO,UPPER_MENU_NO,MENU_ORDR,MENU_DC,RELATE_IMAGE_PATH,RELATE_IMAGE_NM,ICON_CLASS_NM) values ('템플릿관리','selectTemplateInfs',4030000,4000000,3,'템플릿관리','/','/',null);
Insert into EC4USER.COMTNMENUINFO (MENU_NM,PROGRM_FILE_NM,MENU_NO,UPPER_MENU_NO,MENU_ORDR,MENU_DC,RELATE_IMAGE_PATH,RELATE_IMAGE_NM,ICON_CLASS_NM) values ('메일발송','insertSndngMailView',4110000,4000000,11,'메일발송','/','/',null);
Insert into EC4USER.COMTNMENUINFO (MENU_NM,PROGRM_FILE_NM,MENU_NO,UPPER_MENU_NO,MENU_ORDR,MENU_DC,RELATE_IMAGE_PATH,RELATE_IMAGE_NM,ICON_CLASS_NM) values ('발송메일내역','selectSndngMailList',4120000,4000000,12,'발송메일내역','/','/',null);
Insert into EC4USER.COMTNMENUINFO (MENU_NM,PROGRM_FILE_NM,MENU_NO,UPPER_MENU_NO,MENU_ORDR,MENU_DC,RELATE_IMAGE_PATH,RELATE_IMAGE_NM,ICON_CLASS_NM) values ('사용자지원','dir',5000000,0,5,'사용자지원','/','/',null);
Insert into EC4USER.COMTNMENUINFO (MENU_NM,PROGRM_FILE_NM,MENU_NO,UPPER_MENU_NO,MENU_ORDR,MENU_DC,RELATE_IMAGE_PATH,RELATE_IMAGE_NM,ICON_CLASS_NM) values ('기업회원관리','EgovEntrprsMberManage',5010000,5000000,1,'기업회원관리','/','/',null);
Insert into EC4USER.COMTNMENUINFO (MENU_NM,PROGRM_FILE_NM,MENU_NO,UPPER_MENU_NO,MENU_ORDR,MENU_DC,RELATE_IMAGE_PATH,RELATE_IMAGE_NM,ICON_CLASS_NM) values ('업무사용자관리','EgovUserManage',5020000,5000000,2,'업무사용자관리',null,null,null);
Insert into EC4USER.COMTNMENUINFO (MENU_NM,PROGRM_FILE_NM,MENU_NO,UPPER_MENU_NO,MENU_ORDR,MENU_DC,RELATE_IMAGE_PATH,RELATE_IMAGE_NM,ICON_CLASS_NM) values ('부서관리','selectDeptManageListView',5030000,5000000,3,'부서관리','/','/',null);
Insert into EC4USER.COMTNMENUINFO (MENU_NM,PROGRM_FILE_NM,MENU_NO,UPPER_MENU_NO,MENU_ORDR,MENU_DC,RELATE_IMAGE_PATH,RELATE_IMAGE_NM,ICON_CLASS_NM) values ('일반회원관리','EgovMberManage',5040000,5000000,4,'일반회원관리','/','/',null);
Insert into EC4USER.COMTNMENUINFO (MENU_NM,PROGRM_FILE_NM,MENU_NO,UPPER_MENU_NO,MENU_ORDR,MENU_DC,RELATE_IMAGE_PATH,RELATE_IMAGE_NM,ICON_CLASS_NM) values ('로그인화면이미지관리','selectLoginScrinImageList',5380000,5000000,38,'로그인화면이미지관리','/','/',null);
Insert into EC4USER.COMTNMENUINFO (MENU_NM,PROGRM_FILE_NM,MENU_NO,UPPER_MENU_NO,MENU_ORDR,MENU_DC,RELATE_IMAGE_PATH,RELATE_IMAGE_NM,ICON_CLASS_NM) values ('시스템관리','dir',6000000,0,6,'시스템관리','/','/',null);
Insert into EC4USER.COMTNMENUINFO (MENU_NM,PROGRM_FILE_NM,MENU_NO,UPPER_MENU_NO,MENU_ORDR,MENU_DC,RELATE_IMAGE_PATH,RELATE_IMAGE_NM,ICON_CLASS_NM) values ('공통분류코드','EgovCcmCmmnClCodeList',6010000,6000000,1,'공통분류코드','/','/',null);
Insert into EC4USER.COMTNMENUINFO (MENU_NM,PROGRM_FILE_NM,MENU_NO,UPPER_MENU_NO,MENU_ORDR,MENU_DC,RELATE_IMAGE_PATH,RELATE_IMAGE_NM,ICON_CLASS_NM) values ('공통상세코드','EgovCcmCmmnDetailCodeList',6020000,6000000,2,'공통상세코드','/','/',null);
Insert into EC4USER.COMTNMENUINFO (MENU_NM,PROGRM_FILE_NM,MENU_NO,UPPER_MENU_NO,MENU_ORDR,MENU_DC,RELATE_IMAGE_PATH,RELATE_IMAGE_NM,ICON_CLASS_NM) values ('공통코드','EgovCcmCmmnCodeList',6030000,6000000,3,'공통코드','/','/',null);
Insert into EC4USER.COMTNMENUINFO (MENU_NM,PROGRM_FILE_NM,MENU_NO,UPPER_MENU_NO,MENU_ORDR,MENU_DC,RELATE_IMAGE_PATH,RELATE_IMAGE_NM,ICON_CLASS_NM) values ('우편번호관리','EgovCcmZipList',6040000,6000000,4,'우편번호관리','/','/',null);
Insert into EC4USER.COMTNMENUINFO (MENU_NM,PROGRM_FILE_NM,MENU_NO,UPPER_MENU_NO,MENU_ORDR,MENU_DC,RELATE_IMAGE_PATH,RELATE_IMAGE_NM,ICON_CLASS_NM) values ('메뉴리스트관리','EgovMenuListSelect',6130000,6000000,13,'메뉴리스트관리','/','/',null);
Insert into EC4USER.COMTNMENUINFO (MENU_NM,PROGRM_FILE_NM,MENU_NO,UPPER_MENU_NO,MENU_ORDR,MENU_DC,RELATE_IMAGE_PATH,RELATE_IMAGE_NM,ICON_CLASS_NM) values ('메뉴관리리스트','EgovMenuManageSelect',6140000,6000000,14,'메뉴관리리스트','/','/',null);
Insert into EC4USER.COMTNMENUINFO (MENU_NM,PROGRM_FILE_NM,MENU_NO,UPPER_MENU_NO,MENU_ORDR,MENU_DC,RELATE_IMAGE_PATH,RELATE_IMAGE_NM,ICON_CLASS_NM) values ('메뉴생성관리','EgovMenuCreatManageSelect',6150000,6000000,15,'메뉴생성관리','/','/',null);
Insert into EC4USER.COMTNMENUINFO (MENU_NM,PROGRM_FILE_NM,MENU_NO,UPPER_MENU_NO,MENU_ORDR,MENU_DC,RELATE_IMAGE_PATH,RELATE_IMAGE_NM,ICON_CLASS_NM) values ('사이트맵','EgovSiteMapng',6160000,6000000,16,'사이트맵','/','/',null);
Insert into EC4USER.COMTNMENUINFO (MENU_NM,PROGRM_FILE_NM,MENU_NO,UPPER_MENU_NO,MENU_ORDR,MENU_DC,RELATE_IMAGE_PATH,RELATE_IMAGE_NM,ICON_CLASS_NM) values ('바로가기메뉴관리','selectBkmkMenuManageList',6170000,6000000,17,'바로가기메뉴관리','/','/',null);
Insert into EC4USER.COMTNMENUINFO (MENU_NM,PROGRM_FILE_NM,MENU_NO,UPPER_MENU_NO,MENU_ORDR,MENU_DC,RELATE_IMAGE_PATH,RELATE_IMAGE_NM,ICON_CLASS_NM) values ('프로그램관리','EgovProgramListManageSelect',6180000,6000000,18,'프로그램관리','/','/',null);
Insert into EC4USER.COMTNMENUINFO (MENU_NM,PROGRM_FILE_NM,MENU_NO,UPPER_MENU_NO,MENU_ORDR,MENU_DC,RELATE_IMAGE_PATH,RELATE_IMAGE_NM,ICON_CLASS_NM) values ('프로그램변경요청관리','EgovProgramChangeRequstSelect',6190000,6000000,19,'프로그램변경요청관리','/','/',null);
Insert into EC4USER.COMTNMENUINFO (MENU_NM,PROGRM_FILE_NM,MENU_NO,UPPER_MENU_NO,MENU_ORDR,MENU_DC,RELATE_IMAGE_PATH,RELATE_IMAGE_NM,ICON_CLASS_NM) values ('프로그램변경요청처리','EgovProgramChangeRequstProcessListSelect',6200000,6000000,20,'프로그램변경요청처리','/','/',null);
Insert into EC4USER.COMTNMENUINFO (MENU_NM,PROGRM_FILE_NM,MENU_NO,UPPER_MENU_NO,MENU_ORDR,MENU_DC,RELATE_IMAGE_PATH,RELATE_IMAGE_NM,ICON_CLASS_NM) values ('프로그램변경이력','EgovProgramChgHstListSelect',6210000,6000000,21,'프로그램변경이력','/','/',null);
Insert into EC4USER.COMTNMENUINFO (MENU_NM,PROGRM_FILE_NM,MENU_NO,UPPER_MENU_NO,MENU_ORDR,MENU_DC,RELATE_IMAGE_PATH,RELATE_IMAGE_NM,ICON_CLASS_NM) values ('시스템/서비스연계','dir',7000000,0,7,'시스템/서비스연계','/','/',null);
Insert into EC4USER.COMTNMENUINFO (MENU_NM,PROGRM_FILE_NM,MENU_NO,UPPER_MENU_NO,MENU_ORDR,MENU_DC,RELATE_IMAGE_PATH,RELATE_IMAGE_NM,ICON_CLASS_NM) values ('자산 관리','dir',8000000,0,8,'자산 관리','/','/',null);
Insert into EC4USER.COMTNMENUINFO (MENU_NM,PROGRM_FILE_NM,MENU_NO,UPPER_MENU_NO,MENU_ORDR,MENU_DC,RELATE_IMAGE_PATH,RELATE_IMAGE_NM,ICON_CLASS_NM) values ('요소기술','dir',9000000,0,9,'요소기술','/','/',null);
Insert into EC4USER.COMTNMENUINFO (MENU_NM,PROGRM_FILE_NM,MENU_NO,UPPER_MENU_NO,MENU_ORDR,MENU_DC,RELATE_IMAGE_PATH,RELATE_IMAGE_NM,ICON_CLASS_NM) values ('공휴일관리(달력)','EgovRestdeList',9010000,9000000,1,'공휴일관리(달력)','/','/',null);
REM INSERTING into EC4USER.COMTNORGNZTINFO
SET DEFINE OFF;
Insert into EC4USER.COMTNORGNZTINFO (ORGNZT_ID,ORGNZT_NM,ORGNZT_DC) values ('ORGNZT_0000000000000','기본조직','기본조직');
REM INSERTING into EC4USER.COMTNPROGRMLIST
SET DEFINE OFF;
Insert into EC4USER.COMTNPROGRMLIST (PROGRM_FILE_NM,PROGRM_STRE_PATH,PROGRM_KOREAN_NM,PROGRM_DC,URL) values ('dir','dir','디렉토리','디렉토리','dir');
Insert into EC4USER.COMTNPROGRMLIST (PROGRM_FILE_NM,PROGRM_STRE_PATH,PROGRM_KOREAN_NM,PROGRM_DC,URL) values ('EgovAuthorGroupList','/sec/rgm/','권한그룹관리','권한그룹관리','/sec/rgm/EgovAuthorGroupList.do');
Insert into EC4USER.COMTNPROGRMLIST (PROGRM_FILE_NM,PROGRM_STRE_PATH,PROGRM_KOREAN_NM,PROGRM_DC,URL) values ('EgovAuthorList','/sec/ram/','권한관리','권한관리','/sec/ram/EgovAuthorList.do');
Insert into EC4USER.COMTNPROGRMLIST (PROGRM_FILE_NM,PROGRM_STRE_PATH,PROGRM_KOREAN_NM,PROGRM_DC,URL) values ('EgovCcmCmmnClCodeList','/sym/ccm/ccc/','공통분류코드','공통분류코드','/sym/ccm/ccc/EgovCcmCmmnClCodeList.do');
Insert into EC4USER.COMTNPROGRMLIST (PROGRM_FILE_NM,PROGRM_STRE_PATH,PROGRM_KOREAN_NM,PROGRM_DC,URL) values ('EgovCcmCmmnCodeList','/sym/ccm/cca/','공통코드','공통코드','/sym/ccm/cca/EgovCcmCmmnCodeList.do');
Insert into EC4USER.COMTNPROGRMLIST (PROGRM_FILE_NM,PROGRM_STRE_PATH,PROGRM_KOREAN_NM,PROGRM_DC,URL) values ('EgovCcmCmmnDetailCodeList','/sym/ccm/cde/','공통상세코드','공통상세코드','/sym/ccm/cde/EgovCcmCmmnDetailCodeList.do');
Insert into EC4USER.COMTNPROGRMLIST (PROGRM_FILE_NM,PROGRM_STRE_PATH,PROGRM_KOREAN_NM,PROGRM_DC,URL) values ('EgovCcmZipList','/sym/ccm/zip/','우편번호관리','우편번호관리','/sym/ccm/zip/EgovCcmZipList.do');
Insert into EC4USER.COMTNPROGRMLIST (PROGRM_FILE_NM,PROGRM_STRE_PATH,PROGRM_KOREAN_NM,PROGRM_DC,URL) values ('EgovDeptAuthorList','/sec/drm/','부서권한관리','부서권한관리','/sec/drm/EgovDeptAuthorList.do');
Insert into EC4USER.COMTNPROGRMLIST (PROGRM_FILE_NM,PROGRM_STRE_PATH,PROGRM_KOREAN_NM,PROGRM_DC,URL) values ('EgovEntrprsMberManage','/uss/umt/','기업회원관리','기업회원관리','/uss/umt/EgovEntrprsMberManage.do');
Insert into EC4USER.COMTNPROGRMLIST (PROGRM_FILE_NM,PROGRM_STRE_PATH,PROGRM_KOREAN_NM,PROGRM_DC,URL) values ('EgovGroupList','/sec/gmt/','그룹관리','그룹관리','/sec/gmt/EgovGroupList.do');
Insert into EC4USER.COMTNPROGRMLIST (PROGRM_FILE_NM,PROGRM_STRE_PATH,PROGRM_KOREAN_NM,PROGRM_DC,URL) values ('egovLoginUsr','/uat/uia/','로그인','로그인','/uat/uia/egovLoginUsr.do');
Insert into EC4USER.COMTNPROGRMLIST (PROGRM_FILE_NM,PROGRM_STRE_PATH,PROGRM_KOREAN_NM,PROGRM_DC,URL) values ('EgovMberManage','/uss/umt/','일반회원관리','일반회원관리','/uss/umt/EgovMberManage.do');
Insert into EC4USER.COMTNPROGRMLIST (PROGRM_FILE_NM,PROGRM_STRE_PATH,PROGRM_KOREAN_NM,PROGRM_DC,URL) values ('EgovMenuCreatManageSelect','/sym/mnu/mcm/','메뉴생성관리','메뉴생성관리','/sym/mnu/mcm/EgovMenuCreatManageSelect.do');
Insert into EC4USER.COMTNPROGRMLIST (PROGRM_FILE_NM,PROGRM_STRE_PATH,PROGRM_KOREAN_NM,PROGRM_DC,URL) values ('EgovMenuListSelect','/sym/mnu/mpm/','메뉴리스트관리','메뉴리스트관리','/sym/mnu/mpm/EgovMenuListSelect.do');
Insert into EC4USER.COMTNPROGRMLIST (PROGRM_FILE_NM,PROGRM_STRE_PATH,PROGRM_KOREAN_NM,PROGRM_DC,URL) values ('EgovMenuManageSelect','/sym/mnu/mpm/','메뉴관리리스트','메뉴관리리스트','/sym/mnu/mpm/EgovMenuManageSelect.do');
Insert into EC4USER.COMTNPROGRMLIST (PROGRM_FILE_NM,PROGRM_STRE_PATH,PROGRM_KOREAN_NM,PROGRM_DC,URL) values ('EgovProgramChangeRequstProcessListSelect','/sym/prm/','프로그램변경요청처리','프로그램변경요청처리','/sym/prm/EgovProgramChangeRequstProcessListSelect.do');
Insert into EC4USER.COMTNPROGRMLIST (PROGRM_FILE_NM,PROGRM_STRE_PATH,PROGRM_KOREAN_NM,PROGRM_DC,URL) values ('EgovProgramChangeRequstSelect','/sym/prm/','프로그램변경요청관리','프로그램변경요청관리','/sym/prm/EgovProgramChangeRequstSelect.do');
Insert into EC4USER.COMTNPROGRMLIST (PROGRM_FILE_NM,PROGRM_STRE_PATH,PROGRM_KOREAN_NM,PROGRM_DC,URL) values ('EgovProgramChgHstListSelect','/sym/prm/','프로그램변경이력','프로그램변경이력','/sym/prm/EgovProgramChgHstListSelect.do');
Insert into EC4USER.COMTNPROGRMLIST (PROGRM_FILE_NM,PROGRM_STRE_PATH,PROGRM_KOREAN_NM,PROGRM_DC,URL) values ('EgovProgramListManageSelect','/sym/prm/','프로그램관리','프로그램관리','/sym/prm/EgovProgramListManageSelect.do');
Insert into EC4USER.COMTNPROGRMLIST (PROGRM_FILE_NM,PROGRM_STRE_PATH,PROGRM_KOREAN_NM,PROGRM_DC,URL) values ('EgovRestdeList','/sym/cal/','공휴일관리(달력)','공휴일관리(달력)','/sym/cal/EgovRestdeList.do');
Insert into EC4USER.COMTNPROGRMLIST (PROGRM_FILE_NM,PROGRM_STRE_PATH,PROGRM_KOREAN_NM,PROGRM_DC,URL) values ('EgovRoleList','/sec/rmt/','롤관리','롤관리','/sec/rmt/EgovRoleList.do');
Insert into EC4USER.COMTNPROGRMLIST (PROGRM_FILE_NM,PROGRM_STRE_PATH,PROGRM_KOREAN_NM,PROGRM_DC,URL) values ('EgovSiteMapng','/sym/mnu/stm/','사이트맵','사이트맵','/sym/mnu/stm/EgovSiteMapng.do');
Insert into EC4USER.COMTNPROGRMLIST (PROGRM_FILE_NM,PROGRM_STRE_PATH,PROGRM_KOREAN_NM,PROGRM_DC,URL) values ('EgovUserManage','/uss/umt/','업무사용자관리','업무사용자관리','/uss/umt/EgovUserManage.do');
Insert into EC4USER.COMTNPROGRMLIST (PROGRM_FILE_NM,PROGRM_STRE_PATH,PROGRM_KOREAN_NM,PROGRM_DC,URL) values ('insertSndngMailView','/cop/ems/','메일발송','메일발송','/cop/ems/insertSndngMailView.do');
Insert into EC4USER.COMTNPROGRMLIST (PROGRM_FILE_NM,PROGRM_STRE_PATH,PROGRM_KOREAN_NM,PROGRM_DC,URL) values ('SelectBBSMasterInfs','/cop/bbs/','게시판속성관리','게시판속성관리','/cop/bbs/SelectBBSMasterInfs.do');
Insert into EC4USER.COMTNPROGRMLIST (PROGRM_FILE_NM,PROGRM_STRE_PATH,PROGRM_KOREAN_NM,PROGRM_DC,URL) values ('selectBBSUseInfs','/cop/com/','게시판사용정보','게시판사용정보','/cop/com/selectBBSUseInfs.do');
Insert into EC4USER.COMTNPROGRMLIST (PROGRM_FILE_NM,PROGRM_STRE_PATH,PROGRM_KOREAN_NM,PROGRM_DC,URL) values ('selectBkmkMenuManageList','/sym/mnu/bmm/','바로가기메뉴관리','바로가기메뉴관리','/sym/mnu/bmm/selectBkmkMenuManageList.do');
Insert into EC4USER.COMTNPROGRMLIST (PROGRM_FILE_NM,PROGRM_STRE_PATH,PROGRM_KOREAN_NM,PROGRM_DC,URL) values ('selectDeptManageListView','/uss/umt/dpt/','부서관리','부서관리','/uss/umt/dpt/selectDeptManageListView.do');
Insert into EC4USER.COMTNPROGRMLIST (PROGRM_FILE_NM,PROGRM_STRE_PATH,PROGRM_KOREAN_NM,PROGRM_DC,URL) values ('selectLoginScrinImageList','/uss/ion/lsi/','로그인화면이미지관리','로그인화면이미지관리','/uss/ion/lsi/selectLoginScrinImageList.do');
Insert into EC4USER.COMTNPROGRMLIST (PROGRM_FILE_NM,PROGRM_STRE_PATH,PROGRM_KOREAN_NM,PROGRM_DC,URL) values ('selectSndngMailList','/cop/ems/','발송메일내역','발송메일내역','/cop/ems/selectSndngMailList.do');
Insert into EC4USER.COMTNPROGRMLIST (PROGRM_FILE_NM,PROGRM_STRE_PATH,PROGRM_KOREAN_NM,PROGRM_DC,URL) values ('selectTemplateInfs','/cop/tpl/','템플릿관리','템플릿관리','/cop/tpl/selectTemplateInfs.do');
REM INSERTING into EC4USER.COMTNRESTDE
SET DEFINE OFF;
REM INSERTING into EC4USER.COMTNROLEINFO
SET DEFINE OFF;
Insert into EC4USER.COMTNROLEINFO (ROLE_CODE,ROLE_NM,ROLE_PTTRN,ROLE_DC,ROLE_TY,ROLE_SORT,ROLE_CREAT_DE) values ('web-000001','로그인롤','\A/uat/uia/.*\.do.*\Z','로그인허용을 위한 롤','url','1','18/04/03            ');
Insert into EC4USER.COMTNROLEINFO (ROLE_CODE,ROLE_NM,ROLE_PTTRN,ROLE_DC,ROLE_TY,ROLE_SORT,ROLE_CREAT_DE) values ('web-000002','좌측메뉴','/EgovLeft.do','좌측 메뉴에 대한 접근 제한 롤','url','2','18/04/03            ');
Insert into EC4USER.COMTNROLEINFO (ROLE_CODE,ROLE_NM,ROLE_PTTRN,ROLE_DC,ROLE_TY,ROLE_SORT,ROLE_CREAT_DE) values ('web-000003','모든접근제한','\A/.*\.do.*\Z','모든자원에 대한 접근 제한 롤','url','3','18/04/03            ');
Insert into EC4USER.COMTNROLEINFO (ROLE_CODE,ROLE_NM,ROLE_PTTRN,ROLE_DC,ROLE_TY,ROLE_SORT,ROLE_CREAT_DE) values ('web-000004','회원관리','\A/uss/umt/.*\.do.*\Z','회원관리에 대한 접근 제한 롤','url','1','18/04/03            ');
Insert into EC4USER.COMTNROLEINFO (ROLE_CODE,ROLE_NM,ROLE_PTTRN,ROLE_DC,ROLE_TY,ROLE_SORT,ROLE_CREAT_DE) values ('web-000005','실명확인','\A/sec/rnc/.*\.do.*\Z','실명확인에 대한 접근 제한 롤','url','1','18/04/03            ');
Insert into EC4USER.COMTNROLEINFO (ROLE_CODE,ROLE_NM,ROLE_PTTRN,ROLE_DC,ROLE_TY,ROLE_SORT,ROLE_CREAT_DE) values ('web-000006','우편번호','\A/sym/ccm/zip/.*\.do.*\Z','우편번호관리에 대한 접근 제한 롤','url','1','18/04/03            ');
Insert into EC4USER.COMTNROLEINFO (ROLE_CODE,ROLE_NM,ROLE_PTTRN,ROLE_DC,ROLE_TY,ROLE_SORT,ROLE_CREAT_DE) values ('web-000007','로그인이미지','\A/uss/ion/lsi/.*\.do.*\Z','로그인이미지관리에 대한 접근 제한 롤','url','1','18/04/03            ');
Insert into EC4USER.COMTNROLEINFO (ROLE_CODE,ROLE_NM,ROLE_PTTRN,ROLE_DC,ROLE_TY,ROLE_SORT,ROLE_CREAT_DE) values ('web-000008','파일다운로드','\A/sym/ccm/zip/.*\.do.*\Z','파일다운로드에 대한 접근 제한 롤','url','1','18/04/03            ');
Insert into EC4USER.COMTNROLEINFO (ROLE_CODE,ROLE_NM,ROLE_PTTRN,ROLE_DC,ROLE_TY,ROLE_SORT,ROLE_CREAT_DE) values ('web-000009','상단메뉴','/EgovTop.do','상단메뉴에 대한 접근 제한 롤','url','1','18/04/03            ');
Insert into EC4USER.COMTNROLEINFO (ROLE_CODE,ROLE_NM,ROLE_PTTRN,ROLE_DC,ROLE_TY,ROLE_SORT,ROLE_CREAT_DE) values ('web-000010','하단메뉴','/EgovBottom.do','하단메뉴에 대한 접근 제한 롤','url','1','18/04/03            ');
REM INSERTING into EC4USER.COMTNROLES_HIERARCHY
SET DEFINE OFF;
Insert into EC4USER.COMTNROLES_HIERARCHY (PARNTS_ROLE,CHLDRN_ROLE) values ('IS_AUTHENTICATED_ANONYMOUSLY','IS_AUTHENTICATED_REMEMBERED');
Insert into EC4USER.COMTNROLES_HIERARCHY (PARNTS_ROLE,CHLDRN_ROLE) values ('IS_AUTHENTICATED_FULLY','ROLE_USER');
Insert into EC4USER.COMTNROLES_HIERARCHY (PARNTS_ROLE,CHLDRN_ROLE) values ('IS_AUTHENTICATED_REMEMBERED','IS_AUTHENTICATED_FULLY');
Insert into EC4USER.COMTNROLES_HIERARCHY (PARNTS_ROLE,CHLDRN_ROLE) values ('ROLE_ANONYMOUS','IS_AUTHENTICATED_ANONYMOUSLY');
Insert into EC4USER.COMTNROLES_HIERARCHY (PARNTS_ROLE,CHLDRN_ROLE) values ('ROLE_USER','ROLE_ADMIN');
REM INSERTING into EC4USER.COMTNSITEMAP
SET DEFINE OFF;
REM INSERTING into EC4USER.COMTNSTPLATINFO
SET DEFINE OFF;
Insert into EC4USER.COMTNSTPLATINFO (USE_STPLAT_ID,USE_STPLAT_NM,FRST_REGIST_PNTTM,FRST_REGISTER_ID,LAST_UPDT_PNTTM,LAST_UPDUSR_ID) values ('STPLAT_0000000000001','인터넷이용약관',to_date('18/04/03','RR/MM/DD'),'USRCNFRM_00000000000',to_date('18/04/03','RR/MM/DD'),'USRCNFRM_00000000000');
Insert into EC4USER.COMTNSTPLATINFO (USE_STPLAT_ID,USE_STPLAT_NM,FRST_REGIST_PNTTM,FRST_REGISTER_ID,LAST_UPDT_PNTTM,LAST_UPDUSR_ID) values ('STPLAT_0000000000002','인터넷이용약관',to_date('18/04/03','RR/MM/DD'),'USRCNFRM_00000000000',to_date('18/04/03','RR/MM/DD'),'USRCNFRM_00000000000');
REM INSERTING into EC4USER.COMTNTMPLATINFO
SET DEFINE OFF;
Insert into EC4USER.COMTNTMPLATINFO (TMPLAT_ID,TMPLAT_NM,TMPLAT_COURS,USE_AT,TMPLAT_SE_CODE,FRST_REGISTER_ID,FRST_REGIST_PNTTM,LAST_UPDUSR_ID,LAST_UPDT_PNTTM) values ('TMPLAT_BOARD_DEFAULT','게시판 기본템플릿','/css/egovframework/com/cop/tpl/egovbbsTemplate.css','Y','TMPT01','SYSTEM',to_date('18/04/03','RR/MM/DD'),null,null);
Insert into EC4USER.COMTNTMPLATINFO (TMPLAT_ID,TMPLAT_NM,TMPLAT_COURS,USE_AT,TMPLAT_SE_CODE,FRST_REGISTER_ID,FRST_REGIST_PNTTM,LAST_UPDUSR_ID,LAST_UPDT_PNTTM) values ('TMPLAT_CMNTY_DEFAULT','커뮤니티 기본템플릿','egovframework/com/cop/tpl/EgovCmmntyBaseTmpl','Y','TMPT02','SYSTEM',to_date('18/04/03','RR/MM/DD'),null,null);
Insert into EC4USER.COMTNTMPLATINFO (TMPLAT_ID,TMPLAT_NM,TMPLAT_COURS,USE_AT,TMPLAT_SE_CODE,FRST_REGISTER_ID,FRST_REGIST_PNTTM,LAST_UPDUSR_ID,LAST_UPDT_PNTTM) values ('TMPLAT_CLUB__DEFAULT','동호회 기본템플릿','egovframework/com/cop/tpl/EgovClbBaseTmpl','Y','TMPT03','SYSTEM',to_date('18/04/03','RR/MM/DD'),null,null);
REM INSERTING into EC4USER.COMTRDNMADRZIP
SET DEFINE OFF;
Insert into EC4USER.COMTRDNMADRZIP (RDMN_CODE,SN,CTPRVN_NM,SIGNGU_NM,RDMN,BDNBR_MNNM,BDNBR_SLNO,BULD_NM,DETAIL_BULD_NM,ZIP,FRST_REGIST_PNTTM,FRST_REGISTER_ID,LAST_UPDT_PNTTM,LAST_UPDUSR_ID) values ('111403100021',1,'서울특별시','중구','청계천로','14','0','한국정보사회진흥원',null,'100775',to_date('18/04/03','RR/MM/DD'),'SYSTEM',to_date('18/04/03','RR/MM/DD'),'SYSTEM');
REM INSERTING into EC4USER.J_ATTACHFILE
SET DEFINE OFF;
--------------------------------------------------------
--  DDL for Index COMTCCMMNCLCODE_PK
--------------------------------------------------------

  CREATE UNIQUE INDEX "EC4USER"."COMTCCMMNCLCODE_PK" ON "EC4USER"."COMTCCMMNCLCODE" ("CL_CODE") 
  PCTFREE 10 INITRANS 2 MAXTRANS 255 COMPUTE STATISTICS 
  STORAGE(INITIAL 65536 NEXT 1048576 MINEXTENTS 1 MAXEXTENTS 2147483645
  PCTINCREASE 0 FREELISTS 1 FREELIST GROUPS 1 BUFFER_POOL DEFAULT FLASH_CACHE DEFAULT CELL_FLASH_CACHE DEFAULT)
  TABLESPACE "EC4ITS" ;
--------------------------------------------------------
--  DDL for Index COMTCCMMNCODE_PK
--------------------------------------------------------

  CREATE UNIQUE INDEX "EC4USER"."COMTCCMMNCODE_PK" ON "EC4USER"."COMTCCMMNCODE" ("CODE_ID") 
  PCTFREE 10 INITRANS 2 MAXTRANS 255 COMPUTE STATISTICS 
  STORAGE(INITIAL 65536 NEXT 1048576 MINEXTENTS 1 MAXEXTENTS 2147483645
  PCTINCREASE 0 FREELISTS 1 FREELIST GROUPS 1 BUFFER_POOL DEFAULT FLASH_CACHE DEFAULT CELL_FLASH_CACHE DEFAULT)
  TABLESPACE "EC4ITS" ;
--------------------------------------------------------
--  DDL for Index COMTCCMMNCODE_I01
--------------------------------------------------------

  CREATE INDEX "EC4USER"."COMTCCMMNCODE_I01" ON "EC4USER"."COMTCCMMNCODE" ("CL_CODE") 
  PCTFREE 10 INITRANS 2 MAXTRANS 255 COMPUTE STATISTICS 
  STORAGE(INITIAL 65536 NEXT 1048576 MINEXTENTS 1 MAXEXTENTS 2147483645
  PCTINCREASE 0 FREELISTS 1 FREELIST GROUPS 1 BUFFER_POOL DEFAULT FLASH_CACHE DEFAULT CELL_FLASH_CACHE DEFAULT)
  TABLESPACE "EC4ITS" ;
--------------------------------------------------------
--  DDL for Index COMTCCMMNDETAILCODE_PK
--------------------------------------------------------

  CREATE UNIQUE INDEX "EC4USER"."COMTCCMMNDETAILCODE_PK" ON "EC4USER"."COMTCCMMNDETAILCODE" ("CODE_ID", "CODE") 
  PCTFREE 10 INITRANS 2 MAXTRANS 255 COMPUTE STATISTICS 
  STORAGE(INITIAL 65536 NEXT 1048576 MINEXTENTS 1 MAXEXTENTS 2147483645
  PCTINCREASE 0 FREELISTS 1 FREELIST GROUPS 1 BUFFER_POOL DEFAULT FLASH_CACHE DEFAULT CELL_FLASH_CACHE DEFAULT)
  TABLESPACE "EC4ITS" ;
--------------------------------------------------------
--  DDL for Index COMTCCMMNDETAILCODE_I01
--------------------------------------------------------

  CREATE INDEX "EC4USER"."COMTCCMMNDETAILCODE_I01" ON "EC4USER"."COMTCCMMNDETAILCODE" ("CODE_ID") 
  PCTFREE 10 INITRANS 2 MAXTRANS 255 COMPUTE STATISTICS 
  STORAGE(INITIAL 65536 NEXT 1048576 MINEXTENTS 1 MAXEXTENTS 2147483645
  PCTINCREASE 0 FREELISTS 1 FREELIST GROUPS 1 BUFFER_POOL DEFAULT FLASH_CACHE DEFAULT CELL_FLASH_CACHE DEFAULT)
  TABLESPACE "EC4ITS" ;
--------------------------------------------------------
--  DDL for Index COMTCZIP_PK
--------------------------------------------------------

  CREATE UNIQUE INDEX "EC4USER"."COMTCZIP_PK" ON "EC4USER"."COMTCZIP" ("ZIP", "SN") 
  PCTFREE 10 INITRANS 2 MAXTRANS 255 COMPUTE STATISTICS 
  STORAGE(INITIAL 65536 NEXT 1048576 MINEXTENTS 1 MAXEXTENTS 2147483645
  PCTINCREASE 0 FREELISTS 1 FREELIST GROUPS 1 BUFFER_POOL DEFAULT FLASH_CACHE DEFAULT CELL_FLASH_CACHE DEFAULT)
  TABLESPACE "EC4ITS" ;
--------------------------------------------------------
--  DDL for Index COMTECOPSEQ_PK
--------------------------------------------------------

  CREATE UNIQUE INDEX "EC4USER"."COMTECOPSEQ_PK" ON "EC4USER"."COMTECOPSEQ" ("TABLE_NAME") 
  PCTFREE 10 INITRANS 2 MAXTRANS 255 COMPUTE STATISTICS 
  STORAGE(INITIAL 65536 NEXT 1048576 MINEXTENTS 1 MAXEXTENTS 2147483645
  PCTINCREASE 0 FREELISTS 1 FREELIST GROUPS 1 BUFFER_POOL DEFAULT FLASH_CACHE DEFAULT CELL_FLASH_CACHE DEFAULT)
  TABLESPACE "EC4ITS" ;
--------------------------------------------------------
--  DDL for Index COMTHEMAILDSPTCHMANAGE_PK
--------------------------------------------------------

  CREATE UNIQUE INDEX "EC4USER"."COMTHEMAILDSPTCHMANAGE_PK" ON "EC4USER"."COMTHEMAILDSPTCHMANAGE" ("MSSAGE_ID") 
  PCTFREE 10 INITRANS 2 MAXTRANS 255 COMPUTE STATISTICS 
  STORAGE(INITIAL 65536 NEXT 1048576 MINEXTENTS 1 MAXEXTENTS 2147483645
  PCTINCREASE 0 FREELISTS 1 FREELIST GROUPS 1 BUFFER_POOL DEFAULT FLASH_CACHE DEFAULT CELL_FLASH_CACHE DEFAULT)
  TABLESPACE "EC4ITS" ;
--------------------------------------------------------
--  DDL for Index COMTHEMAILDSPTCHMANAGE_I01
--------------------------------------------------------

  CREATE INDEX "EC4USER"."COMTHEMAILDSPTCHMANAGE_I01" ON "EC4USER"."COMTHEMAILDSPTCHMANAGE" ("SNDR") 
  PCTFREE 10 INITRANS 2 MAXTRANS 255 COMPUTE STATISTICS 
  STORAGE(INITIAL 65536 NEXT 1048576 MINEXTENTS 1 MAXEXTENTS 2147483645
  PCTINCREASE 0 FREELISTS 1 FREELIST GROUPS 1 BUFFER_POOL DEFAULT FLASH_CACHE DEFAULT CELL_FLASH_CACHE DEFAULT)
  TABLESPACE "EC4ITS" ;
--------------------------------------------------------
--  DDL for Index COMTHEMAILDSPTCHMANAGE_I02
--------------------------------------------------------

  CREATE INDEX "EC4USER"."COMTHEMAILDSPTCHMANAGE_I02" ON "EC4USER"."COMTHEMAILDSPTCHMANAGE" ("ATCH_FILE_ID") 
  PCTFREE 10 INITRANS 2 MAXTRANS 255 COMPUTE STATISTICS 
  STORAGE(INITIAL 65536 NEXT 1048576 MINEXTENTS 1 MAXEXTENTS 2147483645
  PCTINCREASE 0 FREELISTS 1 FREELIST GROUPS 1 BUFFER_POOL DEFAULT FLASH_CACHE DEFAULT CELL_FLASH_CACHE DEFAULT)
  TABLESPACE "EC4ITS" ;
--------------------------------------------------------
--  DDL for Index COMTHEMPLYRINFOCHANGEDTLS_PK
--------------------------------------------------------

  CREATE UNIQUE INDEX "EC4USER"."COMTHEMPLYRINFOCHANGEDTLS_PK" ON "EC4USER"."COMTHEMPLYRINFOCHANGEDTLS" ("EMPLYR_ID", "CHANGE_DE") 
  PCTFREE 10 INITRANS 2 MAXTRANS 255 COMPUTE STATISTICS 
  STORAGE(INITIAL 65536 NEXT 1048576 MINEXTENTS 1 MAXEXTENTS 2147483645
  PCTINCREASE 0 FREELISTS 1 FREELIST GROUPS 1 BUFFER_POOL DEFAULT FLASH_CACHE DEFAULT CELL_FLASH_CACHE DEFAULT)
  TABLESPACE "EC4ITS" ;
--------------------------------------------------------
--  DDL for Index COMTHEMPLYRINFOCHANGEDTLS_I01
--------------------------------------------------------

  CREATE INDEX "EC4USER"."COMTHEMPLYRINFOCHANGEDTLS_I01" ON "EC4USER"."COMTHEMPLYRINFOCHANGEDTLS" ("EMPLYR_ID") 
  PCTFREE 10 INITRANS 2 MAXTRANS 255 COMPUTE STATISTICS 
  STORAGE(INITIAL 65536 NEXT 1048576 MINEXTENTS 1 MAXEXTENTS 2147483645
  PCTINCREASE 0 FREELISTS 1 FREELIST GROUPS 1 BUFFER_POOL DEFAULT FLASH_CACHE DEFAULT CELL_FLASH_CACHE DEFAULT)
  TABLESPACE "EC4ITS" ;
--------------------------------------------------------
--  DDL for Index COMTHPROGRMCHANGEDTLS_PK
--------------------------------------------------------

  CREATE UNIQUE INDEX "EC4USER"."COMTHPROGRMCHANGEDTLS_PK" ON "EC4USER"."COMTHPROGRMCHANGEDTLS" ("PROGRM_FILE_NM", "REQUST_NO") 
  PCTFREE 10 INITRANS 2 MAXTRANS 255 COMPUTE STATISTICS 
  STORAGE(INITIAL 65536 NEXT 1048576 MINEXTENTS 1 MAXEXTENTS 2147483645
  PCTINCREASE 0 FREELISTS 1 FREELIST GROUPS 1 BUFFER_POOL DEFAULT FLASH_CACHE DEFAULT CELL_FLASH_CACHE DEFAULT)
  TABLESPACE "EC4ITS" ;
--------------------------------------------------------
--  DDL for Index COMTHPROGRMCHANGEDTLS_I01
--------------------------------------------------------

  CREATE INDEX "EC4USER"."COMTHPROGRMCHANGEDTLS_I01" ON "EC4USER"."COMTHPROGRMCHANGEDTLS" ("PROGRM_FILE_NM") 
  PCTFREE 10 INITRANS 2 MAXTRANS 255 COMPUTE STATISTICS 
  STORAGE(INITIAL 65536 NEXT 1048576 MINEXTENTS 1 MAXEXTENTS 2147483645
  PCTINCREASE 0 FREELISTS 1 FREELIST GROUPS 1 BUFFER_POOL DEFAULT FLASH_CACHE DEFAULT CELL_FLASH_CACHE DEFAULT)
  TABLESPACE "EC4ITS" ;
--------------------------------------------------------
--  DDL for Index COMTNAUTHORGROUPINFO_PK
--------------------------------------------------------

  CREATE UNIQUE INDEX "EC4USER"."COMTNAUTHORGROUPINFO_PK" ON "EC4USER"."COMTNAUTHORGROUPINFO" ("GROUP_ID") 
  PCTFREE 10 INITRANS 2 MAXTRANS 255 COMPUTE STATISTICS 
  STORAGE(INITIAL 65536 NEXT 1048576 MINEXTENTS 1 MAXEXTENTS 2147483645
  PCTINCREASE 0 FREELISTS 1 FREELIST GROUPS 1 BUFFER_POOL DEFAULT FLASH_CACHE DEFAULT CELL_FLASH_CACHE DEFAULT)
  TABLESPACE "EC4ITS" ;
--------------------------------------------------------
--  DDL for Index COMTNAUTHORINFO_PK
--------------------------------------------------------

  CREATE UNIQUE INDEX "EC4USER"."COMTNAUTHORINFO_PK" ON "EC4USER"."COMTNAUTHORINFO" ("AUTHOR_CODE") 
  PCTFREE 10 INITRANS 2 MAXTRANS 255 COMPUTE STATISTICS 
  STORAGE(INITIAL 65536 NEXT 1048576 MINEXTENTS 1 MAXEXTENTS 2147483645
  PCTINCREASE 0 FREELISTS 1 FREELIST GROUPS 1 BUFFER_POOL DEFAULT FLASH_CACHE DEFAULT CELL_FLASH_CACHE DEFAULT)
  TABLESPACE "EC4ITS" ;
--------------------------------------------------------
--  DDL for Index COMTNAUTHORROLERELATE_PK
--------------------------------------------------------

  CREATE UNIQUE INDEX "EC4USER"."COMTNAUTHORROLERELATE_PK" ON "EC4USER"."COMTNAUTHORROLERELATE" ("AUTHOR_CODE", "ROLE_CODE") 
  PCTFREE 10 INITRANS 2 MAXTRANS 255 COMPUTE STATISTICS 
  STORAGE(INITIAL 65536 NEXT 1048576 MINEXTENTS 1 MAXEXTENTS 2147483645
  PCTINCREASE 0 FREELISTS 1 FREELIST GROUPS 1 BUFFER_POOL DEFAULT FLASH_CACHE DEFAULT CELL_FLASH_CACHE DEFAULT)
  TABLESPACE "EC4ITS" ;
--------------------------------------------------------
--  DDL for Index COMTNAUTHORROLERELATE_I01
--------------------------------------------------------

  CREATE INDEX "EC4USER"."COMTNAUTHORROLERELATE_I01" ON "EC4USER"."COMTNAUTHORROLERELATE" ("AUTHOR_CODE") 
  PCTFREE 10 INITRANS 2 MAXTRANS 255 COMPUTE STATISTICS 
  STORAGE(INITIAL 65536 NEXT 1048576 MINEXTENTS 1 MAXEXTENTS 2147483645
  PCTINCREASE 0 FREELISTS 1 FREELIST GROUPS 1 BUFFER_POOL DEFAULT FLASH_CACHE DEFAULT CELL_FLASH_CACHE DEFAULT)
  TABLESPACE "EC4ITS" ;
--------------------------------------------------------
--  DDL for Index COMTNAUTHORROLERELATE_I02
--------------------------------------------------------

  CREATE INDEX "EC4USER"."COMTNAUTHORROLERELATE_I02" ON "EC4USER"."COMTNAUTHORROLERELATE" ("ROLE_CODE") 
  PCTFREE 10 INITRANS 2 MAXTRANS 255 COMPUTE STATISTICS 
  STORAGE(INITIAL 65536 NEXT 1048576 MINEXTENTS 1 MAXEXTENTS 2147483645
  PCTINCREASE 0 FREELISTS 1 FREELIST GROUPS 1 BUFFER_POOL DEFAULT FLASH_CACHE DEFAULT CELL_FLASH_CACHE DEFAULT)
  TABLESPACE "EC4ITS" ;
--------------------------------------------------------
--  DDL for Index COMTNBBS_PK
--------------------------------------------------------

  CREATE UNIQUE INDEX "EC4USER"."COMTNBBS_PK" ON "EC4USER"."COMTNBBS" ("NTT_ID", "BBS_ID") 
  PCTFREE 10 INITRANS 2 MAXTRANS 255 COMPUTE STATISTICS 
  STORAGE(INITIAL 65536 NEXT 1048576 MINEXTENTS 1 MAXEXTENTS 2147483645
  PCTINCREASE 0 FREELISTS 1 FREELIST GROUPS 1 BUFFER_POOL DEFAULT FLASH_CACHE DEFAULT CELL_FLASH_CACHE DEFAULT)
  TABLESPACE "EC4ITS" ;
--------------------------------------------------------
--  DDL for Index COMTNBBS_I01
--------------------------------------------------------

  CREATE INDEX "EC4USER"."COMTNBBS_I01" ON "EC4USER"."COMTNBBS" ("BBS_ID") 
  PCTFREE 10 INITRANS 2 MAXTRANS 255 COMPUTE STATISTICS 
  STORAGE(INITIAL 65536 NEXT 1048576 MINEXTENTS 1 MAXEXTENTS 2147483645
  PCTINCREASE 0 FREELISTS 1 FREELIST GROUPS 1 BUFFER_POOL DEFAULT FLASH_CACHE DEFAULT CELL_FLASH_CACHE DEFAULT)
  TABLESPACE "EC4ITS" ;
--------------------------------------------------------
--  DDL for Index COMTNBBSMASTER_PK
--------------------------------------------------------

  CREATE UNIQUE INDEX "EC4USER"."COMTNBBSMASTER_PK" ON "EC4USER"."COMTNBBSMASTER" ("BBS_ID") 
  PCTFREE 10 INITRANS 2 MAXTRANS 255 COMPUTE STATISTICS 
  STORAGE(INITIAL 65536 NEXT 1048576 MINEXTENTS 1 MAXEXTENTS 2147483645
  PCTINCREASE 0 FREELISTS 1 FREELIST GROUPS 1 BUFFER_POOL DEFAULT FLASH_CACHE DEFAULT CELL_FLASH_CACHE DEFAULT)
  TABLESPACE "EC4ITS" ;
--------------------------------------------------------
--  DDL for Index COMTNBBSMASTEROPTN_PK
--------------------------------------------------------

  CREATE UNIQUE INDEX "EC4USER"."COMTNBBSMASTEROPTN_PK" ON "EC4USER"."COMTNBBSMASTEROPTN" ("BBS_ID") 
  PCTFREE 10 INITRANS 2 MAXTRANS 255 COMPUTE STATISTICS 
  STORAGE(INITIAL 65536 NEXT 1048576 MINEXTENTS 1 MAXEXTENTS 2147483645
  PCTINCREASE 0 FREELISTS 1 FREELIST GROUPS 1 BUFFER_POOL DEFAULT FLASH_CACHE DEFAULT CELL_FLASH_CACHE DEFAULT)
  TABLESPACE "EC4ITS" ;
--------------------------------------------------------
--  DDL for Index COMTNBBSUSE_PK
--------------------------------------------------------

  CREATE UNIQUE INDEX "EC4USER"."COMTNBBSUSE_PK" ON "EC4USER"."COMTNBBSUSE" ("BBS_ID", "TRGET_ID") 
  PCTFREE 10 INITRANS 2 MAXTRANS 255 COMPUTE STATISTICS 
  STORAGE(INITIAL 65536 NEXT 1048576 MINEXTENTS 1 MAXEXTENTS 2147483645
  PCTINCREASE 0 FREELISTS 1 FREELIST GROUPS 1 BUFFER_POOL DEFAULT FLASH_CACHE DEFAULT CELL_FLASH_CACHE DEFAULT)
  TABLESPACE "EC4ITS" ;
--------------------------------------------------------
--  DDL for Index COMTNBBSUSE_I01
--------------------------------------------------------

  CREATE INDEX "EC4USER"."COMTNBBSUSE_I01" ON "EC4USER"."COMTNBBSUSE" ("BBS_ID") 
  PCTFREE 10 INITRANS 2 MAXTRANS 255 COMPUTE STATISTICS 
  STORAGE(INITIAL 65536 NEXT 1048576 MINEXTENTS 1 MAXEXTENTS 2147483645
  PCTINCREASE 0 FREELISTS 1 FREELIST GROUPS 1 BUFFER_POOL DEFAULT FLASH_CACHE DEFAULT CELL_FLASH_CACHE DEFAULT)
  TABLESPACE "EC4ITS" ;
--------------------------------------------------------
--  DDL for Index COMTNBKMKMENUMANAGERESULT_PK
--------------------------------------------------------

  CREATE UNIQUE INDEX "EC4USER"."COMTNBKMKMENUMANAGERESULT_PK" ON "EC4USER"."COMTNBKMKMENUMANAGERESULT" ("MENU_ID", "EMPLYR_ID") 
  PCTFREE 10 INITRANS 2 MAXTRANS 255 COMPUTE STATISTICS 
  STORAGE(INITIAL 65536 NEXT 1048576 MINEXTENTS 1 MAXEXTENTS 2147483645
  PCTINCREASE 0 FREELISTS 1 FREELIST GROUPS 1 BUFFER_POOL DEFAULT FLASH_CACHE DEFAULT CELL_FLASH_CACHE DEFAULT)
  TABLESPACE "EC4ITS" ;
--------------------------------------------------------
--  DDL for Index COMTNCLUB_PK
--------------------------------------------------------

  CREATE UNIQUE INDEX "EC4USER"."COMTNCLUB_PK" ON "EC4USER"."COMTNCLUB" ("CLB_ID", "CMMNTY_ID") 
  PCTFREE 10 INITRANS 2 MAXTRANS 255 COMPUTE STATISTICS 
  STORAGE(INITIAL 65536 NEXT 1048576 MINEXTENTS 1 MAXEXTENTS 2147483645
  PCTINCREASE 0 FREELISTS 1 FREELIST GROUPS 1 BUFFER_POOL DEFAULT FLASH_CACHE DEFAULT CELL_FLASH_CACHE DEFAULT)
  TABLESPACE "EC4ITS" ;
--------------------------------------------------------
--  DDL for Index COMTNCMMNTY_PK
--------------------------------------------------------

  CREATE UNIQUE INDEX "EC4USER"."COMTNCMMNTY_PK" ON "EC4USER"."COMTNCMMNTY" ("CMMNTY_ID") 
  PCTFREE 10 INITRANS 2 MAXTRANS 255 COMPUTE STATISTICS 
  STORAGE(INITIAL 65536 NEXT 1048576 MINEXTENTS 1 MAXEXTENTS 2147483645
  PCTINCREASE 0 FREELISTS 1 FREELIST GROUPS 1 BUFFER_POOL DEFAULT FLASH_CACHE DEFAULT CELL_FLASH_CACHE DEFAULT)
  TABLESPACE "EC4ITS" ;
--------------------------------------------------------
--  DDL for Index COMTNCOMMENT_PK
--------------------------------------------------------

  CREATE UNIQUE INDEX "EC4USER"."COMTNCOMMENT_PK" ON "EC4USER"."COMTNCOMMENT" ("NTT_ID", "BBS_ID", "ANSWER_NO") 
  PCTFREE 10 INITRANS 2 MAXTRANS 255 COMPUTE STATISTICS 
  STORAGE(INITIAL 65536 NEXT 1048576 MINEXTENTS 1 MAXEXTENTS 2147483645
  PCTINCREASE 0 FREELISTS 1 FREELIST GROUPS 1 BUFFER_POOL DEFAULT FLASH_CACHE DEFAULT CELL_FLASH_CACHE DEFAULT)
  TABLESPACE "EC4ITS" ;
--------------------------------------------------------
--  DDL for Index COMTNCOMMENT_I01
--------------------------------------------------------

  CREATE INDEX "EC4USER"."COMTNCOMMENT_I01" ON "EC4USER"."COMTNCOMMENT" ("NTT_ID", "BBS_ID") 
  PCTFREE 10 INITRANS 2 MAXTRANS 255 COMPUTE STATISTICS 
  STORAGE(INITIAL 65536 NEXT 1048576 MINEXTENTS 1 MAXEXTENTS 2147483645
  PCTINCREASE 0 FREELISTS 1 FREELIST GROUPS 1 BUFFER_POOL DEFAULT FLASH_CACHE DEFAULT CELL_FLASH_CACHE DEFAULT)
  TABLESPACE "EC4ITS" ;
--------------------------------------------------------
--  DDL for Index COMTNEMPLYRINFO_PK
--------------------------------------------------------

  CREATE UNIQUE INDEX "EC4USER"."COMTNEMPLYRINFO_PK" ON "EC4USER"."COMTNEMPLYRINFO" ("EMPLYR_ID") 
  PCTFREE 10 INITRANS 2 MAXTRANS 255 COMPUTE STATISTICS 
  STORAGE(INITIAL 65536 NEXT 1048576 MINEXTENTS 1 MAXEXTENTS 2147483645
  PCTINCREASE 0 FREELISTS 1 FREELIST GROUPS 1 BUFFER_POOL DEFAULT FLASH_CACHE DEFAULT CELL_FLASH_CACHE DEFAULT)
  TABLESPACE "EC4ITS" ;
--------------------------------------------------------
--  DDL for Index COMTNEMPLYRINFO_I01
--------------------------------------------------------

  CREATE INDEX "EC4USER"."COMTNEMPLYRINFO_I01" ON "EC4USER"."COMTNEMPLYRINFO" ("ORGNZT_ID") 
  PCTFREE 10 INITRANS 2 MAXTRANS 255 COMPUTE STATISTICS 
  STORAGE(INITIAL 65536 NEXT 1048576 MINEXTENTS 1 MAXEXTENTS 2147483645
  PCTINCREASE 0 FREELISTS 1 FREELIST GROUPS 1 BUFFER_POOL DEFAULT FLASH_CACHE DEFAULT CELL_FLASH_CACHE DEFAULT)
  TABLESPACE "EC4ITS" ;
--------------------------------------------------------
--  DDL for Index COMTNEMPLYRINFO_I02
--------------------------------------------------------

  CREATE INDEX "EC4USER"."COMTNEMPLYRINFO_I02" ON "EC4USER"."COMTNEMPLYRINFO" ("GROUP_ID") 
  PCTFREE 10 INITRANS 2 MAXTRANS 255 COMPUTE STATISTICS 
  STORAGE(INITIAL 65536 NEXT 1048576 MINEXTENTS 1 MAXEXTENTS 2147483645
  PCTINCREASE 0 FREELISTS 1 FREELIST GROUPS 1 BUFFER_POOL DEFAULT FLASH_CACHE DEFAULT CELL_FLASH_CACHE DEFAULT)
  TABLESPACE "EC4ITS" ;
--------------------------------------------------------
--  DDL for Index COMTNEMPLYRSCRTYESTBS_I04
--------------------------------------------------------

  CREATE INDEX "EC4USER"."COMTNEMPLYRSCRTYESTBS_I04" ON "EC4USER"."COMTNEMPLYRSCRTYESTBS" ("AUTHOR_CODE") 
  PCTFREE 10 INITRANS 2 MAXTRANS 255 COMPUTE STATISTICS 
  STORAGE(INITIAL 65536 NEXT 1048576 MINEXTENTS 1 MAXEXTENTS 2147483645
  PCTINCREASE 0 FREELISTS 1 FREELIST GROUPS 1 BUFFER_POOL DEFAULT FLASH_CACHE DEFAULT CELL_FLASH_CACHE DEFAULT)
  TABLESPACE "EC4ITS" ;
--------------------------------------------------------
--  DDL for Index COMTNENTRPRSMBER_PK
--------------------------------------------------------

  CREATE UNIQUE INDEX "EC4USER"."COMTNENTRPRSMBER_PK" ON "EC4USER"."COMTNENTRPRSMBER" ("ENTRPRS_MBER_ID") 
  PCTFREE 10 INITRANS 2 MAXTRANS 255 COMPUTE STATISTICS 
  STORAGE(INITIAL 65536 NEXT 1048576 MINEXTENTS 1 MAXEXTENTS 2147483645
  PCTINCREASE 0 FREELISTS 1 FREELIST GROUPS 1 BUFFER_POOL DEFAULT FLASH_CACHE DEFAULT CELL_FLASH_CACHE DEFAULT)
  TABLESPACE "EC4ITS" ;
--------------------------------------------------------
--  DDL for Index COMTNENTRPRSMBER_I01
--------------------------------------------------------

  CREATE INDEX "EC4USER"."COMTNENTRPRSMBER_I01" ON "EC4USER"."COMTNENTRPRSMBER" ("GROUP_ID") 
  PCTFREE 10 INITRANS 2 MAXTRANS 255 COMPUTE STATISTICS 
  STORAGE(INITIAL 65536 NEXT 1048576 MINEXTENTS 1 MAXEXTENTS 2147483645
  PCTINCREASE 0 FREELISTS 1 FREELIST GROUPS 1 BUFFER_POOL DEFAULT FLASH_CACHE DEFAULT CELL_FLASH_CACHE DEFAULT)
  TABLESPACE "EC4ITS" ;
--------------------------------------------------------
--  DDL for Index COMTNFILE_PK
--------------------------------------------------------

  CREATE UNIQUE INDEX "EC4USER"."COMTNFILE_PK" ON "EC4USER"."COMTNFILE" ("ATCH_FILE_ID") 
  PCTFREE 10 INITRANS 2 MAXTRANS 255 COMPUTE STATISTICS 
  STORAGE(INITIAL 65536 NEXT 1048576 MINEXTENTS 1 MAXEXTENTS 2147483645
  PCTINCREASE 0 FREELISTS 1 FREELIST GROUPS 1 BUFFER_POOL DEFAULT FLASH_CACHE DEFAULT CELL_FLASH_CACHE DEFAULT)
  TABLESPACE "EC4ITS" ;
--------------------------------------------------------
--  DDL for Index COMTNFILEDETAIL_PK
--------------------------------------------------------

  CREATE UNIQUE INDEX "EC4USER"."COMTNFILEDETAIL_PK" ON "EC4USER"."COMTNFILEDETAIL" ("ATCH_FILE_ID", "FILE_SN") 
  PCTFREE 10 INITRANS 2 MAXTRANS 255 COMPUTE STATISTICS 
  STORAGE(INITIAL 65536 NEXT 1048576 MINEXTENTS 1 MAXEXTENTS 2147483645
  PCTINCREASE 0 FREELISTS 1 FREELIST GROUPS 1 BUFFER_POOL DEFAULT FLASH_CACHE DEFAULT CELL_FLASH_CACHE DEFAULT)
  TABLESPACE "EC4ITS" ;
--------------------------------------------------------
--  DDL for Index COMTNFILEDETAIL_I01
--------------------------------------------------------

  CREATE INDEX "EC4USER"."COMTNFILEDETAIL_I01" ON "EC4USER"."COMTNFILEDETAIL" ("ATCH_FILE_ID") 
  PCTFREE 10 INITRANS 2 MAXTRANS 255 COMPUTE STATISTICS 
  STORAGE(INITIAL 65536 NEXT 1048576 MINEXTENTS 1 MAXEXTENTS 2147483645
  PCTINCREASE 0 FREELISTS 1 FREELIST GROUPS 1 BUFFER_POOL DEFAULT FLASH_CACHE DEFAULT CELL_FLASH_CACHE DEFAULT)
  TABLESPACE "EC4ITS" ;
--------------------------------------------------------
--  DDL for Index COMTNGNRLMBER_PK
--------------------------------------------------------

  CREATE UNIQUE INDEX "EC4USER"."COMTNGNRLMBER_PK" ON "EC4USER"."COMTNGNRLMBER" ("MBER_ID") 
  PCTFREE 10 INITRANS 2 MAXTRANS 255 COMPUTE STATISTICS 
  STORAGE(INITIAL 65536 NEXT 1048576 MINEXTENTS 1 MAXEXTENTS 2147483645
  PCTINCREASE 0 FREELISTS 1 FREELIST GROUPS 1 BUFFER_POOL DEFAULT FLASH_CACHE DEFAULT CELL_FLASH_CACHE DEFAULT)
  TABLESPACE "EC4ITS" ;
--------------------------------------------------------
--  DDL for Index COMTNGNRLMBER_I01
--------------------------------------------------------

  CREATE INDEX "EC4USER"."COMTNGNRLMBER_I01" ON "EC4USER"."COMTNGNRLMBER" ("GROUP_ID") 
  PCTFREE 10 INITRANS 2 MAXTRANS 255 COMPUTE STATISTICS 
  STORAGE(INITIAL 65536 NEXT 1048576 MINEXTENTS 1 MAXEXTENTS 2147483645
  PCTINCREASE 0 FREELISTS 1 FREELIST GROUPS 1 BUFFER_POOL DEFAULT FLASH_CACHE DEFAULT CELL_FLASH_CACHE DEFAULT)
  TABLESPACE "EC4ITS" ;
--------------------------------------------------------
--  DDL for Index COMTNLOGINSCRINIMAGE_PK
--------------------------------------------------------

  CREATE UNIQUE INDEX "EC4USER"."COMTNLOGINSCRINIMAGE_PK" ON "EC4USER"."COMTNLOGINSCRINIMAGE" ("IMAGE_ID") 
  PCTFREE 10 INITRANS 2 MAXTRANS 255 COMPUTE STATISTICS 
  STORAGE(INITIAL 65536 NEXT 1048576 MINEXTENTS 1 MAXEXTENTS 2147483645
  PCTINCREASE 0 FREELISTS 1 FREELIST GROUPS 1 BUFFER_POOL DEFAULT FLASH_CACHE DEFAULT CELL_FLASH_CACHE DEFAULT)
  TABLESPACE "EC4ITS" ;
--------------------------------------------------------
--  DDL for Index COMTNMENUCREATDTLS_I02
--------------------------------------------------------

  CREATE INDEX "EC4USER"."COMTNMENUCREATDTLS_I02" ON "EC4USER"."COMTNMENUCREATDTLS" ("MENU_NO") 
  PCTFREE 10 INITRANS 2 MAXTRANS 255 COMPUTE STATISTICS 
  STORAGE(INITIAL 65536 NEXT 1048576 MINEXTENTS 1 MAXEXTENTS 2147483645
  PCTINCREASE 0 FREELISTS 1 FREELIST GROUPS 1 BUFFER_POOL DEFAULT FLASH_CACHE DEFAULT CELL_FLASH_CACHE DEFAULT)
  TABLESPACE "EC4ITS" ;
--------------------------------------------------------
--  DDL for Index COMTNMENUCREATDTLS_I03
--------------------------------------------------------

  CREATE INDEX "EC4USER"."COMTNMENUCREATDTLS_I03" ON "EC4USER"."COMTNMENUCREATDTLS" ("MAPNG_CREAT_ID") 
  PCTFREE 10 INITRANS 2 MAXTRANS 255 COMPUTE STATISTICS 
  STORAGE(INITIAL 65536 NEXT 1048576 MINEXTENTS 1 MAXEXTENTS 2147483645
  PCTINCREASE 0 FREELISTS 1 FREELIST GROUPS 1 BUFFER_POOL DEFAULT FLASH_CACHE DEFAULT CELL_FLASH_CACHE DEFAULT)
  TABLESPACE "EC4ITS" ;
--------------------------------------------------------
--  DDL for Index COMTNMENUCREATDTLS_I04
--------------------------------------------------------

  CREATE INDEX "EC4USER"."COMTNMENUCREATDTLS_I04" ON "EC4USER"."COMTNMENUCREATDTLS" ("AUTHOR_CODE") 
  PCTFREE 10 INITRANS 2 MAXTRANS 255 COMPUTE STATISTICS 
  STORAGE(INITIAL 65536 NEXT 1048576 MINEXTENTS 1 MAXEXTENTS 2147483645
  PCTINCREASE 0 FREELISTS 1 FREELIST GROUPS 1 BUFFER_POOL DEFAULT FLASH_CACHE DEFAULT CELL_FLASH_CACHE DEFAULT)
  TABLESPACE "EC4ITS" ;
--------------------------------------------------------
--  DDL for Index COMTNMENUCREATDTLS_PK
--------------------------------------------------------

  CREATE UNIQUE INDEX "EC4USER"."COMTNMENUCREATDTLS_PK" ON "EC4USER"."COMTNMENUCREATDTLS" ("MENU_NO", "AUTHOR_CODE") 
  PCTFREE 10 INITRANS 2 MAXTRANS 255 COMPUTE STATISTICS 
  STORAGE(INITIAL 65536 NEXT 1048576 MINEXTENTS 1 MAXEXTENTS 2147483645
  PCTINCREASE 0 FREELISTS 1 FREELIST GROUPS 1 BUFFER_POOL DEFAULT FLASH_CACHE DEFAULT CELL_FLASH_CACHE DEFAULT)
  TABLESPACE "EC4ITS" ;
--------------------------------------------------------
--  DDL for Index COMTNMENUINFO_PK
--------------------------------------------------------

  CREATE UNIQUE INDEX "EC4USER"."COMTNMENUINFO_PK" ON "EC4USER"."COMTNMENUINFO" ("MENU_NO") 
  PCTFREE 10 INITRANS 2 MAXTRANS 255 COMPUTE STATISTICS 
  STORAGE(INITIAL 65536 NEXT 1048576 MINEXTENTS 1 MAXEXTENTS 2147483645
  PCTINCREASE 0 FREELISTS 1 FREELIST GROUPS 1 BUFFER_POOL DEFAULT FLASH_CACHE DEFAULT CELL_FLASH_CACHE DEFAULT)
  TABLESPACE "EC4ITS" ;
--------------------------------------------------------
--  DDL for Index COMTNMENUINFO_I02
--------------------------------------------------------

  CREATE INDEX "EC4USER"."COMTNMENUINFO_I02" ON "EC4USER"."COMTNMENUINFO" ("UPPER_MENU_NO") 
  PCTFREE 10 INITRANS 2 MAXTRANS 255 COMPUTE STATISTICS 
  STORAGE(INITIAL 65536 NEXT 1048576 MINEXTENTS 1 MAXEXTENTS 2147483645
  PCTINCREASE 0 FREELISTS 1 FREELIST GROUPS 1 BUFFER_POOL DEFAULT FLASH_CACHE DEFAULT CELL_FLASH_CACHE DEFAULT)
  TABLESPACE "EC4ITS" ;
--------------------------------------------------------
--  DDL for Index COMTNORGNZTINFO_PK
--------------------------------------------------------

  CREATE UNIQUE INDEX "EC4USER"."COMTNORGNZTINFO_PK" ON "EC4USER"."COMTNORGNZTINFO" ("ORGNZT_ID") 
  PCTFREE 10 INITRANS 2 MAXTRANS 255 COMPUTE STATISTICS 
  STORAGE(INITIAL 65536 NEXT 1048576 MINEXTENTS 1 MAXEXTENTS 2147483645
  PCTINCREASE 0 FREELISTS 1 FREELIST GROUPS 1 BUFFER_POOL DEFAULT FLASH_CACHE DEFAULT CELL_FLASH_CACHE DEFAULT)
  TABLESPACE "EC4ITS" ;
--------------------------------------------------------
--  DDL for Index COMTNPROGRMLIST_PK
--------------------------------------------------------

  CREATE UNIQUE INDEX "EC4USER"."COMTNPROGRMLIST_PK" ON "EC4USER"."COMTNPROGRMLIST" ("PROGRM_FILE_NM") 
  PCTFREE 10 INITRANS 2 MAXTRANS 255 COMPUTE STATISTICS 
  STORAGE(INITIAL 65536 NEXT 1048576 MINEXTENTS 1 MAXEXTENTS 2147483645
  PCTINCREASE 0 FREELISTS 1 FREELIST GROUPS 1 BUFFER_POOL DEFAULT FLASH_CACHE DEFAULT CELL_FLASH_CACHE DEFAULT)
  TABLESPACE "EC4ITS" ;
--------------------------------------------------------
--  DDL for Index COMTNRESTDE_PK
--------------------------------------------------------

  CREATE UNIQUE INDEX "EC4USER"."COMTNRESTDE_PK" ON "EC4USER"."COMTNRESTDE" ("RESTDE_NO") 
  PCTFREE 10 INITRANS 2 MAXTRANS 255 COMPUTE STATISTICS 
  STORAGE(INITIAL 65536 NEXT 1048576 MINEXTENTS 1 MAXEXTENTS 2147483645
  PCTINCREASE 0 FREELISTS 1 FREELIST GROUPS 1 BUFFER_POOL DEFAULT FLASH_CACHE DEFAULT CELL_FLASH_CACHE DEFAULT)
  TABLESPACE "EC4ITS" ;
--------------------------------------------------------
--  DDL for Index COMTNROLEINFO_PK
--------------------------------------------------------

  CREATE UNIQUE INDEX "EC4USER"."COMTNROLEINFO_PK" ON "EC4USER"."COMTNROLEINFO" ("ROLE_CODE") 
  PCTFREE 10 INITRANS 2 MAXTRANS 255 COMPUTE STATISTICS 
  STORAGE(INITIAL 65536 NEXT 1048576 MINEXTENTS 1 MAXEXTENTS 2147483645
  PCTINCREASE 0 FREELISTS 1 FREELIST GROUPS 1 BUFFER_POOL DEFAULT FLASH_CACHE DEFAULT CELL_FLASH_CACHE DEFAULT)
  TABLESPACE "EC4ITS" ;
--------------------------------------------------------
--  DDL for Index COMTNROLES_HIERARCHY_PK
--------------------------------------------------------

  CREATE UNIQUE INDEX "EC4USER"."COMTNROLES_HIERARCHY_PK" ON "EC4USER"."COMTNROLES_HIERARCHY" ("PARNTS_ROLE", "CHLDRN_ROLE") 
  PCTFREE 10 INITRANS 2 MAXTRANS 255 COMPUTE STATISTICS 
  STORAGE(INITIAL 65536 NEXT 1048576 MINEXTENTS 1 MAXEXTENTS 2147483645
  PCTINCREASE 0 FREELISTS 1 FREELIST GROUPS 1 BUFFER_POOL DEFAULT FLASH_CACHE DEFAULT CELL_FLASH_CACHE DEFAULT)
  TABLESPACE "EC4ITS" ;
--------------------------------------------------------
--  DDL for Index COMTNROLES_HIERARCHY_I01
--------------------------------------------------------

  CREATE UNIQUE INDEX "EC4USER"."COMTNROLES_HIERARCHY_I01" ON "EC4USER"."COMTNROLES_HIERARCHY" ("PARNTS_ROLE") 
  PCTFREE 10 INITRANS 2 MAXTRANS 255 COMPUTE STATISTICS 
  STORAGE(INITIAL 65536 NEXT 1048576 MINEXTENTS 1 MAXEXTENTS 2147483645
  PCTINCREASE 0 FREELISTS 1 FREELIST GROUPS 1 BUFFER_POOL DEFAULT FLASH_CACHE DEFAULT CELL_FLASH_CACHE DEFAULT)
  TABLESPACE "EC4ITS" ;
--------------------------------------------------------
--  DDL for Index COMTNROLES_HIERARCHY_I02
--------------------------------------------------------

  CREATE INDEX "EC4USER"."COMTNROLES_HIERARCHY_I02" ON "EC4USER"."COMTNROLES_HIERARCHY" ("CHLDRN_ROLE") 
  PCTFREE 10 INITRANS 2 MAXTRANS 255 COMPUTE STATISTICS 
  STORAGE(INITIAL 65536 NEXT 1048576 MINEXTENTS 1 MAXEXTENTS 2147483645
  PCTINCREASE 0 FREELISTS 1 FREELIST GROUPS 1 BUFFER_POOL DEFAULT FLASH_CACHE DEFAULT CELL_FLASH_CACHE DEFAULT)
  TABLESPACE "EC4ITS" ;
--------------------------------------------------------
--  DDL for Index COMTNSITEMAP_PK
--------------------------------------------------------

  CREATE UNIQUE INDEX "EC4USER"."COMTNSITEMAP_PK" ON "EC4USER"."COMTNSITEMAP" ("MAPNG_CREAT_ID") 
  PCTFREE 10 INITRANS 2 MAXTRANS 255 COMPUTE STATISTICS 
  STORAGE(INITIAL 65536 NEXT 1048576 MINEXTENTS 1 MAXEXTENTS 2147483645
  PCTINCREASE 0 FREELISTS 1 FREELIST GROUPS 1 BUFFER_POOL DEFAULT FLASH_CACHE DEFAULT CELL_FLASH_CACHE DEFAULT)
  TABLESPACE "EC4ITS" ;
--------------------------------------------------------
--  DDL for Index COMTNSTPLATINFO_PK
--------------------------------------------------------

  CREATE UNIQUE INDEX "EC4USER"."COMTNSTPLATINFO_PK" ON "EC4USER"."COMTNSTPLATINFO" ("USE_STPLAT_ID") 
  PCTFREE 10 INITRANS 2 MAXTRANS 255 COMPUTE STATISTICS 
  STORAGE(INITIAL 65536 NEXT 1048576 MINEXTENTS 1 MAXEXTENTS 2147483645
  PCTINCREASE 0 FREELISTS 1 FREELIST GROUPS 1 BUFFER_POOL DEFAULT FLASH_CACHE DEFAULT CELL_FLASH_CACHE DEFAULT)
  TABLESPACE "EC4ITS" ;
--------------------------------------------------------
--  DDL for Index COMTNTMPLATINFO_PK
--------------------------------------------------------

  CREATE UNIQUE INDEX "EC4USER"."COMTNTMPLATINFO_PK" ON "EC4USER"."COMTNTMPLATINFO" ("TMPLAT_ID") 
  PCTFREE 10 INITRANS 2 MAXTRANS 255 COMPUTE STATISTICS 
  STORAGE(INITIAL 65536 NEXT 1048576 MINEXTENTS 1 MAXEXTENTS 2147483645
  PCTINCREASE 0 FREELISTS 1 FREELIST GROUPS 1 BUFFER_POOL DEFAULT FLASH_CACHE DEFAULT CELL_FLASH_CACHE DEFAULT)
  TABLESPACE "EC4ITS" ;
--------------------------------------------------------
--  DDL for Index COMTRDNMADRZIP_PK
--------------------------------------------------------

  CREATE UNIQUE INDEX "EC4USER"."COMTRDNMADRZIP_PK" ON "EC4USER"."COMTRDNMADRZIP" ("SN") 
  PCTFREE 10 INITRANS 2 MAXTRANS 255 COMPUTE STATISTICS 
  STORAGE(INITIAL 65536 NEXT 1048576 MINEXTENTS 1 MAXEXTENTS 2147483645
  PCTINCREASE 0 FREELISTS 1 FREELIST GROUPS 1 BUFFER_POOL DEFAULT FLASH_CACHE DEFAULT CELL_FLASH_CACHE DEFAULT)
  TABLESPACE "EC4ITS" ;
--------------------------------------------------------
--  DDL for Index J_ATTACHFILE_PK
--------------------------------------------------------

  CREATE UNIQUE INDEX "EC4USER"."J_ATTACHFILE_PK" ON "EC4USER"."J_ATTACHFILE" ("FILE_ID", "FILE_SEQ") 
  PCTFREE 10 INITRANS 2 MAXTRANS 255 COMPUTE STATISTICS 
  STORAGE(INITIAL 65536 NEXT 1048576 MINEXTENTS 1 MAXEXTENTS 2147483645
  PCTINCREASE 0 FREELISTS 1 FREELIST GROUPS 1 BUFFER_POOL DEFAULT FLASH_CACHE DEFAULT CELL_FLASH_CACHE DEFAULT)
  TABLESPACE "EC4ITS" ;
--------------------------------------------------------
--  Constraints for Table COMTCCMMNCLCODE
--------------------------------------------------------

  ALTER TABLE "EC4USER"."COMTCCMMNCLCODE" ADD CONSTRAINT "COMTCCMMNCLCODE_PK" PRIMARY KEY ("CL_CODE")
  USING INDEX PCTFREE 10 INITRANS 2 MAXTRANS 255 COMPUTE STATISTICS 
  STORAGE(INITIAL 65536 NEXT 1048576 MINEXTENTS 1 MAXEXTENTS 2147483645
  PCTINCREASE 0 FREELISTS 1 FREELIST GROUPS 1 BUFFER_POOL DEFAULT FLASH_CACHE DEFAULT CELL_FLASH_CACHE DEFAULT)
  TABLESPACE "EC4DTS"  ENABLE;
  ALTER TABLE "EC4USER"."COMTCCMMNCLCODE" MODIFY ("CL_CODE" NOT NULL ENABLE);
--------------------------------------------------------
--  Constraints for Table COMTCCMMNCODE
--------------------------------------------------------

  ALTER TABLE "EC4USER"."COMTCCMMNCODE" ADD CONSTRAINT "COMTCCMMNCODE_PK" PRIMARY KEY ("CODE_ID")
  USING INDEX PCTFREE 10 INITRANS 2 MAXTRANS 255 COMPUTE STATISTICS 
  STORAGE(INITIAL 65536 NEXT 1048576 MINEXTENTS 1 MAXEXTENTS 2147483645
  PCTINCREASE 0 FREELISTS 1 FREELIST GROUPS 1 BUFFER_POOL DEFAULT FLASH_CACHE DEFAULT CELL_FLASH_CACHE DEFAULT)
  TABLESPACE "EC4DTS"  ENABLE;
  ALTER TABLE "EC4USER"."COMTCCMMNCODE" MODIFY ("CODE_ID" NOT NULL ENABLE);
--------------------------------------------------------
--  Constraints for Table COMTCCMMNDETAILCODE
--------------------------------------------------------

  ALTER TABLE "EC4USER"."COMTCCMMNDETAILCODE" ADD CONSTRAINT "COMTCCMMNDETAILCODE_PK" PRIMARY KEY ("CODE_ID", "CODE")
  USING INDEX PCTFREE 10 INITRANS 2 MAXTRANS 255 COMPUTE STATISTICS 
  STORAGE(INITIAL 65536 NEXT 1048576 MINEXTENTS 1 MAXEXTENTS 2147483645
  PCTINCREASE 0 FREELISTS 1 FREELIST GROUPS 1 BUFFER_POOL DEFAULT FLASH_CACHE DEFAULT CELL_FLASH_CACHE DEFAULT)
  TABLESPACE "EC4DTS"  ENABLE;
  ALTER TABLE "EC4USER"."COMTCCMMNDETAILCODE" MODIFY ("CODE" NOT NULL ENABLE);
  ALTER TABLE "EC4USER"."COMTCCMMNDETAILCODE" MODIFY ("CODE_ID" NOT NULL ENABLE);
--------------------------------------------------------
--  Constraints for Table COMTCZIP
--------------------------------------------------------

  ALTER TABLE "EC4USER"."COMTCZIP" ADD CONSTRAINT "COMTCZIP_PK" PRIMARY KEY ("ZIP", "SN")
  USING INDEX PCTFREE 10 INITRANS 2 MAXTRANS 255 COMPUTE STATISTICS 
  STORAGE(INITIAL 65536 NEXT 1048576 MINEXTENTS 1 MAXEXTENTS 2147483645
  PCTINCREASE 0 FREELISTS 1 FREELIST GROUPS 1 BUFFER_POOL DEFAULT FLASH_CACHE DEFAULT CELL_FLASH_CACHE DEFAULT)
  TABLESPACE "EC4DTS"  ENABLE;
  ALTER TABLE "EC4USER"."COMTCZIP" MODIFY ("SN" NOT NULL ENABLE);
  ALTER TABLE "EC4USER"."COMTCZIP" MODIFY ("ZIP" NOT NULL ENABLE);
--------------------------------------------------------
--  Constraints for Table COMTECOPSEQ
--------------------------------------------------------

  ALTER TABLE "EC4USER"."COMTECOPSEQ" ADD CONSTRAINT "COMTECOPSEQ_PK" PRIMARY KEY ("TABLE_NAME")
  USING INDEX PCTFREE 10 INITRANS 2 MAXTRANS 255 COMPUTE STATISTICS 
  STORAGE(INITIAL 65536 NEXT 1048576 MINEXTENTS 1 MAXEXTENTS 2147483645
  PCTINCREASE 0 FREELISTS 1 FREELIST GROUPS 1 BUFFER_POOL DEFAULT FLASH_CACHE DEFAULT CELL_FLASH_CACHE DEFAULT)
  TABLESPACE "EC4DTS"  ENABLE;
  ALTER TABLE "EC4USER"."COMTECOPSEQ" MODIFY ("TABLE_NAME" NOT NULL ENABLE);
--------------------------------------------------------
--  Constraints for Table COMTHEMAILDSPTCHMANAGE
--------------------------------------------------------

  ALTER TABLE "EC4USER"."COMTHEMAILDSPTCHMANAGE" ADD CONSTRAINT "COMTHEMAILDSPTCHMANAGE_PK" PRIMARY KEY ("MSSAGE_ID")
  USING INDEX PCTFREE 10 INITRANS 2 MAXTRANS 255 COMPUTE STATISTICS 
  STORAGE(INITIAL 65536 NEXT 1048576 MINEXTENTS 1 MAXEXTENTS 2147483645
  PCTINCREASE 0 FREELISTS 1 FREELIST GROUPS 1 BUFFER_POOL DEFAULT FLASH_CACHE DEFAULT CELL_FLASH_CACHE DEFAULT)
  TABLESPACE "EC4DTS"  ENABLE;
  ALTER TABLE "EC4USER"."COMTHEMAILDSPTCHMANAGE" MODIFY ("DSPTCH_DT" NOT NULL ENABLE);
  ALTER TABLE "EC4USER"."COMTHEMAILDSPTCHMANAGE" MODIFY ("SJ" NOT NULL ENABLE);
  ALTER TABLE "EC4USER"."COMTHEMAILDSPTCHMANAGE" MODIFY ("RCVER" NOT NULL ENABLE);
  ALTER TABLE "EC4USER"."COMTHEMAILDSPTCHMANAGE" MODIFY ("SNDR" NOT NULL ENABLE);
  ALTER TABLE "EC4USER"."COMTHEMAILDSPTCHMANAGE" MODIFY ("MSSAGE_ID" NOT NULL ENABLE);
--------------------------------------------------------
--  Constraints for Table COMTHEMPLYRINFOCHANGEDTLS
--------------------------------------------------------

  ALTER TABLE "EC4USER"."COMTHEMPLYRINFOCHANGEDTLS" ADD CONSTRAINT "COMTHEMPLYRINFOCHANGEDTLS_PK" PRIMARY KEY ("EMPLYR_ID", "CHANGE_DE")
  USING INDEX PCTFREE 10 INITRANS 2 MAXTRANS 255 COMPUTE STATISTICS 
  STORAGE(INITIAL 65536 NEXT 1048576 MINEXTENTS 1 MAXEXTENTS 2147483645
  PCTINCREASE 0 FREELISTS 1 FREELIST GROUPS 1 BUFFER_POOL DEFAULT FLASH_CACHE DEFAULT CELL_FLASH_CACHE DEFAULT)
  TABLESPACE "EC4DTS"  ENABLE;
  ALTER TABLE "EC4USER"."COMTHEMPLYRINFOCHANGEDTLS" MODIFY ("EMPLYR_ID" NOT NULL ENABLE);
--------------------------------------------------------
--  Constraints for Table COMTHPROGRMCHANGEDTLS
--------------------------------------------------------

  ALTER TABLE "EC4USER"."COMTHPROGRMCHANGEDTLS" ADD CONSTRAINT "COMTHPROGRMCHANGEDTLS_PK" PRIMARY KEY ("PROGRM_FILE_NM", "REQUST_NO")
  USING INDEX PCTFREE 10 INITRANS 2 MAXTRANS 255 COMPUTE STATISTICS 
  STORAGE(INITIAL 65536 NEXT 1048576 MINEXTENTS 1 MAXEXTENTS 2147483645
  PCTINCREASE 0 FREELISTS 1 FREELIST GROUPS 1 BUFFER_POOL DEFAULT FLASH_CACHE DEFAULT CELL_FLASH_CACHE DEFAULT)
  TABLESPACE "EC4DTS"  ENABLE;
  ALTER TABLE "EC4USER"."COMTHPROGRMCHANGEDTLS" MODIFY ("REQUST_SJ" NOT NULL ENABLE);
  ALTER TABLE "EC4USER"."COMTHPROGRMCHANGEDTLS" MODIFY ("PROCESS_STTUS_CODE" NOT NULL ENABLE);
  ALTER TABLE "EC4USER"."COMTHPROGRMCHANGEDTLS" MODIFY ("RQESTER_ID" NOT NULL ENABLE);
  ALTER TABLE "EC4USER"."COMTHPROGRMCHANGEDTLS" MODIFY ("REQUST_NO" NOT NULL ENABLE);
  ALTER TABLE "EC4USER"."COMTHPROGRMCHANGEDTLS" MODIFY ("PROGRM_FILE_NM" NOT NULL ENABLE);
--------------------------------------------------------
--  Constraints for Table COMTNAUTHORGROUPINFO
--------------------------------------------------------

  ALTER TABLE "EC4USER"."COMTNAUTHORGROUPINFO" ADD CONSTRAINT "COMTNAUTHORGROUPINFO_PK" PRIMARY KEY ("GROUP_ID")
  USING INDEX PCTFREE 10 INITRANS 2 MAXTRANS 255 COMPUTE STATISTICS 
  STORAGE(INITIAL 65536 NEXT 1048576 MINEXTENTS 1 MAXEXTENTS 2147483645
  PCTINCREASE 0 FREELISTS 1 FREELIST GROUPS 1 BUFFER_POOL DEFAULT FLASH_CACHE DEFAULT CELL_FLASH_CACHE DEFAULT)
  TABLESPACE "EC4DTS"  ENABLE;
  ALTER TABLE "EC4USER"."COMTNAUTHORGROUPINFO" MODIFY ("GROUP_CREAT_DE" NOT NULL ENABLE);
  ALTER TABLE "EC4USER"."COMTNAUTHORGROUPINFO" MODIFY ("GROUP_NM" NOT NULL ENABLE);
  ALTER TABLE "EC4USER"."COMTNAUTHORGROUPINFO" MODIFY ("GROUP_ID" NOT NULL ENABLE);
--------------------------------------------------------
--  Constraints for Table COMTNAUTHORINFO
--------------------------------------------------------

  ALTER TABLE "EC4USER"."COMTNAUTHORINFO" ADD CONSTRAINT "COMTNAUTHORINFO_PK" PRIMARY KEY ("AUTHOR_CODE")
  USING INDEX PCTFREE 10 INITRANS 2 MAXTRANS 255 COMPUTE STATISTICS 
  STORAGE(INITIAL 65536 NEXT 1048576 MINEXTENTS 1 MAXEXTENTS 2147483645
  PCTINCREASE 0 FREELISTS 1 FREELIST GROUPS 1 BUFFER_POOL DEFAULT FLASH_CACHE DEFAULT CELL_FLASH_CACHE DEFAULT)
  TABLESPACE "EC4DTS"  ENABLE;
  ALTER TABLE "EC4USER"."COMTNAUTHORINFO" MODIFY ("AUTHOR_CREAT_DE" NOT NULL ENABLE);
  ALTER TABLE "EC4USER"."COMTNAUTHORINFO" MODIFY ("AUTHOR_NM" NOT NULL ENABLE);
  ALTER TABLE "EC4USER"."COMTNAUTHORINFO" MODIFY ("AUTHOR_CODE" NOT NULL ENABLE);
--------------------------------------------------------
--  Constraints for Table COMTNAUTHORROLERELATE
--------------------------------------------------------

  ALTER TABLE "EC4USER"."COMTNAUTHORROLERELATE" ADD CONSTRAINT "COMTNAUTHORROLERELATE_PK" PRIMARY KEY ("AUTHOR_CODE", "ROLE_CODE")
  USING INDEX PCTFREE 10 INITRANS 2 MAXTRANS 255 COMPUTE STATISTICS 
  STORAGE(INITIAL 65536 NEXT 1048576 MINEXTENTS 1 MAXEXTENTS 2147483645
  PCTINCREASE 0 FREELISTS 1 FREELIST GROUPS 1 BUFFER_POOL DEFAULT FLASH_CACHE DEFAULT CELL_FLASH_CACHE DEFAULT)
  TABLESPACE "EC4DTS"  ENABLE;
  ALTER TABLE "EC4USER"."COMTNAUTHORROLERELATE" MODIFY ("ROLE_CODE" NOT NULL ENABLE);
  ALTER TABLE "EC4USER"."COMTNAUTHORROLERELATE" MODIFY ("AUTHOR_CODE" NOT NULL ENABLE);
--------------------------------------------------------
--  Constraints for Table COMTNBBS
--------------------------------------------------------

  ALTER TABLE "EC4USER"."COMTNBBS" ADD CONSTRAINT "COMTNBBS_PK" PRIMARY KEY ("NTT_ID", "BBS_ID")
  USING INDEX PCTFREE 10 INITRANS 2 MAXTRANS 255 COMPUTE STATISTICS 
  STORAGE(INITIAL 65536 NEXT 1048576 MINEXTENTS 1 MAXEXTENTS 2147483645
  PCTINCREASE 0 FREELISTS 1 FREELIST GROUPS 1 BUFFER_POOL DEFAULT FLASH_CACHE DEFAULT CELL_FLASH_CACHE DEFAULT)
  TABLESPACE "EC4DTS"  ENABLE;
  ALTER TABLE "EC4USER"."COMTNBBS" MODIFY ("FRST_REGISTER_ID" NOT NULL ENABLE);
  ALTER TABLE "EC4USER"."COMTNBBS" MODIFY ("FRST_REGIST_PNTTM" NOT NULL ENABLE);
  ALTER TABLE "EC4USER"."COMTNBBS" MODIFY ("USE_AT" NOT NULL ENABLE);
  ALTER TABLE "EC4USER"."COMTNBBS" MODIFY ("BBS_ID" NOT NULL ENABLE);
  ALTER TABLE "EC4USER"."COMTNBBS" MODIFY ("NTT_ID" NOT NULL ENABLE);
--------------------------------------------------------
--  Constraints for Table COMTNBBSMASTER
--------------------------------------------------------

  ALTER TABLE "EC4USER"."COMTNBBSMASTER" ADD CONSTRAINT "COMTNBBSMASTER_PK" PRIMARY KEY ("BBS_ID")
  USING INDEX PCTFREE 10 INITRANS 2 MAXTRANS 255 COMPUTE STATISTICS 
  STORAGE(INITIAL 65536 NEXT 1048576 MINEXTENTS 1 MAXEXTENTS 2147483645
  PCTINCREASE 0 FREELISTS 1 FREELIST GROUPS 1 BUFFER_POOL DEFAULT FLASH_CACHE DEFAULT CELL_FLASH_CACHE DEFAULT)
  TABLESPACE "EC4DTS"  ENABLE;
  ALTER TABLE "EC4USER"."COMTNBBSMASTER" MODIFY ("FRST_REGIST_PNTTM" NOT NULL ENABLE);
  ALTER TABLE "EC4USER"."COMTNBBSMASTER" MODIFY ("FRST_REGISTER_ID" NOT NULL ENABLE);
  ALTER TABLE "EC4USER"."COMTNBBSMASTER" MODIFY ("USE_AT" NOT NULL ENABLE);
  ALTER TABLE "EC4USER"."COMTNBBSMASTER" MODIFY ("ATCH_POSBL_FILE_NUMBER" NOT NULL ENABLE);
  ALTER TABLE "EC4USER"."COMTNBBSMASTER" MODIFY ("FILE_ATCH_POSBL_AT" NOT NULL ENABLE);
  ALTER TABLE "EC4USER"."COMTNBBSMASTER" MODIFY ("BBS_ATTRB_CODE" NOT NULL ENABLE);
  ALTER TABLE "EC4USER"."COMTNBBSMASTER" MODIFY ("BBS_TY_CODE" NOT NULL ENABLE);
  ALTER TABLE "EC4USER"."COMTNBBSMASTER" MODIFY ("BBS_NM" NOT NULL ENABLE);
  ALTER TABLE "EC4USER"."COMTNBBSMASTER" MODIFY ("BBS_ID" NOT NULL ENABLE);
--------------------------------------------------------
--  Constraints for Table COMTNBBSMASTEROPTN
--------------------------------------------------------

  ALTER TABLE "EC4USER"."COMTNBBSMASTEROPTN" ADD CONSTRAINT "COMTNBBSMASTEROPTN_PK" PRIMARY KEY ("BBS_ID")
  USING INDEX PCTFREE 10 INITRANS 2 MAXTRANS 255 COMPUTE STATISTICS 
  STORAGE(INITIAL 65536 NEXT 1048576 MINEXTENTS 1 MAXEXTENTS 2147483645
  PCTINCREASE 0 FREELISTS 1 FREELIST GROUPS 1 BUFFER_POOL DEFAULT FLASH_CACHE DEFAULT CELL_FLASH_CACHE DEFAULT)
  TABLESPACE "EC4DTS"  ENABLE;
  ALTER TABLE "EC4USER"."COMTNBBSMASTEROPTN" MODIFY ("FRST_REGISTER_ID" NOT NULL ENABLE);
  ALTER TABLE "EC4USER"."COMTNBBSMASTEROPTN" MODIFY ("FRST_REGIST_PNTTM" NOT NULL ENABLE);
  ALTER TABLE "EC4USER"."COMTNBBSMASTEROPTN" MODIFY ("STSFDG_AT" NOT NULL ENABLE);
  ALTER TABLE "EC4USER"."COMTNBBSMASTEROPTN" MODIFY ("ANSWER_AT" NOT NULL ENABLE);
  ALTER TABLE "EC4USER"."COMTNBBSMASTEROPTN" MODIFY ("BBS_ID" NOT NULL ENABLE);
--------------------------------------------------------
--  Constraints for Table COMTNBBSUSE
--------------------------------------------------------

  ALTER TABLE "EC4USER"."COMTNBBSUSE" ADD CONSTRAINT "COMTNBBSUSE_PK" PRIMARY KEY ("BBS_ID", "TRGET_ID")
  USING INDEX PCTFREE 10 INITRANS 2 MAXTRANS 255 COMPUTE STATISTICS 
  STORAGE(INITIAL 65536 NEXT 1048576 MINEXTENTS 1 MAXEXTENTS 2147483645
  PCTINCREASE 0 FREELISTS 1 FREELIST GROUPS 1 BUFFER_POOL DEFAULT FLASH_CACHE DEFAULT CELL_FLASH_CACHE DEFAULT)
  TABLESPACE "EC4DTS"  ENABLE;
  ALTER TABLE "EC4USER"."COMTNBBSUSE" MODIFY ("FRST_REGISTER_ID" NOT NULL ENABLE);
  ALTER TABLE "EC4USER"."COMTNBBSUSE" MODIFY ("USE_AT" NOT NULL ENABLE);
  ALTER TABLE "EC4USER"."COMTNBBSUSE" MODIFY ("TRGET_ID" NOT NULL ENABLE);
  ALTER TABLE "EC4USER"."COMTNBBSUSE" MODIFY ("BBS_ID" NOT NULL ENABLE);
--------------------------------------------------------
--  Constraints for Table COMTNBKMKMENUMANAGERESULT
--------------------------------------------------------

  ALTER TABLE "EC4USER"."COMTNBKMKMENUMANAGERESULT" ADD CONSTRAINT "COMTNBKMKMENUMANAGERESULT_PK" PRIMARY KEY ("MENU_ID", "EMPLYR_ID")
  USING INDEX PCTFREE 10 INITRANS 2 MAXTRANS 255 COMPUTE STATISTICS 
  STORAGE(INITIAL 65536 NEXT 1048576 MINEXTENTS 1 MAXEXTENTS 2147483645
  PCTINCREASE 0 FREELISTS 1 FREELIST GROUPS 1 BUFFER_POOL DEFAULT FLASH_CACHE DEFAULT CELL_FLASH_CACHE DEFAULT)
  TABLESPACE "EC4DTS"  ENABLE;
  ALTER TABLE "EC4USER"."COMTNBKMKMENUMANAGERESULT" MODIFY ("PROGRM_STRE_PATH" NOT NULL ENABLE);
  ALTER TABLE "EC4USER"."COMTNBKMKMENUMANAGERESULT" MODIFY ("MENU_NM" NOT NULL ENABLE);
  ALTER TABLE "EC4USER"."COMTNBKMKMENUMANAGERESULT" MODIFY ("EMPLYR_ID" NOT NULL ENABLE);
  ALTER TABLE "EC4USER"."COMTNBKMKMENUMANAGERESULT" MODIFY ("MENU_ID" NOT NULL ENABLE);
--------------------------------------------------------
--  Constraints for Table COMTNCLUB
--------------------------------------------------------

  ALTER TABLE "EC4USER"."COMTNCLUB" ADD CONSTRAINT "COMTNCLUB_PK" PRIMARY KEY ("CLB_ID", "CMMNTY_ID")
  USING INDEX PCTFREE 10 INITRANS 2 MAXTRANS 255 COMPUTE STATISTICS 
  STORAGE(INITIAL 65536 NEXT 1048576 MINEXTENTS 1 MAXEXTENTS 2147483645
  PCTINCREASE 0 FREELISTS 1 FREELIST GROUPS 1 BUFFER_POOL DEFAULT FLASH_CACHE DEFAULT CELL_FLASH_CACHE DEFAULT)
  TABLESPACE "EC4DTS"  ENABLE;
  ALTER TABLE "EC4USER"."COMTNCLUB" MODIFY ("FRST_REGISTER_ID" NOT NULL ENABLE);
  ALTER TABLE "EC4USER"."COMTNCLUB" MODIFY ("FRST_REGIST_PNTTM" NOT NULL ENABLE);
  ALTER TABLE "EC4USER"."COMTNCLUB" MODIFY ("USE_AT" NOT NULL ENABLE);
  ALTER TABLE "EC4USER"."COMTNCLUB" MODIFY ("CLB_NM" NOT NULL ENABLE);
  ALTER TABLE "EC4USER"."COMTNCLUB" MODIFY ("CMMNTY_ID" NOT NULL ENABLE);
  ALTER TABLE "EC4USER"."COMTNCLUB" MODIFY ("CLB_ID" NOT NULL ENABLE);
--------------------------------------------------------
--  Constraints for Table COMTNCMMNTY
--------------------------------------------------------

  ALTER TABLE "EC4USER"."COMTNCMMNTY" ADD CONSTRAINT "COMTNCMMNTY_PK" PRIMARY KEY ("CMMNTY_ID")
  USING INDEX PCTFREE 10 INITRANS 2 MAXTRANS 255 COMPUTE STATISTICS 
  STORAGE(INITIAL 65536 NEXT 1048576 MINEXTENTS 1 MAXEXTENTS 2147483645
  PCTINCREASE 0 FREELISTS 1 FREELIST GROUPS 1 BUFFER_POOL DEFAULT FLASH_CACHE DEFAULT CELL_FLASH_CACHE DEFAULT)
  TABLESPACE "EC4DTS"  ENABLE;
  ALTER TABLE "EC4USER"."COMTNCMMNTY" MODIFY ("FRST_REGISTER_ID" NOT NULL ENABLE);
  ALTER TABLE "EC4USER"."COMTNCMMNTY" MODIFY ("FRST_REGIST_PNTTM" NOT NULL ENABLE);
  ALTER TABLE "EC4USER"."COMTNCMMNTY" MODIFY ("USE_AT" NOT NULL ENABLE);
  ALTER TABLE "EC4USER"."COMTNCMMNTY" MODIFY ("CMMNTY_NM" NOT NULL ENABLE);
  ALTER TABLE "EC4USER"."COMTNCMMNTY" MODIFY ("CMMNTY_ID" NOT NULL ENABLE);
--------------------------------------------------------
--  Constraints for Table COMTNCOMMENT
--------------------------------------------------------

  ALTER TABLE "EC4USER"."COMTNCOMMENT" ADD CONSTRAINT "COMTNCOMMENT_PK" PRIMARY KEY ("NTT_ID", "BBS_ID", "ANSWER_NO")
  USING INDEX PCTFREE 10 INITRANS 2 MAXTRANS 255 COMPUTE STATISTICS 
  STORAGE(INITIAL 65536 NEXT 1048576 MINEXTENTS 1 MAXEXTENTS 2147483645
  PCTINCREASE 0 FREELISTS 1 FREELIST GROUPS 1 BUFFER_POOL DEFAULT FLASH_CACHE DEFAULT CELL_FLASH_CACHE DEFAULT)
  TABLESPACE "EC4DTS"  ENABLE;
  ALTER TABLE "EC4USER"."COMTNCOMMENT" MODIFY ("FRST_REGISTER_ID" NOT NULL ENABLE);
  ALTER TABLE "EC4USER"."COMTNCOMMENT" MODIFY ("FRST_REGIST_PNTTM" NOT NULL ENABLE);
  ALTER TABLE "EC4USER"."COMTNCOMMENT" MODIFY ("USE_AT" NOT NULL ENABLE);
  ALTER TABLE "EC4USER"."COMTNCOMMENT" MODIFY ("ANSWER_NO" NOT NULL ENABLE);
  ALTER TABLE "EC4USER"."COMTNCOMMENT" MODIFY ("BBS_ID" NOT NULL ENABLE);
  ALTER TABLE "EC4USER"."COMTNCOMMENT" MODIFY ("NTT_ID" NOT NULL ENABLE);
--------------------------------------------------------
--  Constraints for Table COMTNEMPLYRINFO
--------------------------------------------------------

  ALTER TABLE "EC4USER"."COMTNEMPLYRINFO" ADD CONSTRAINT "COMTNEMPLYRINFO_PK" PRIMARY KEY ("EMPLYR_ID")
  USING INDEX PCTFREE 10 INITRANS 2 MAXTRANS 255 COMPUTE STATISTICS 
  STORAGE(INITIAL 65536 NEXT 1048576 MINEXTENTS 1 MAXEXTENTS 2147483645
  PCTINCREASE 0 FREELISTS 1 FREELIST GROUPS 1 BUFFER_POOL DEFAULT FLASH_CACHE DEFAULT CELL_FLASH_CACHE DEFAULT)
  TABLESPACE "EC4DTS"  ENABLE;
  ALTER TABLE "EC4USER"."COMTNEMPLYRINFO" MODIFY ("ESNTL_ID" NOT NULL ENABLE);
  ALTER TABLE "EC4USER"."COMTNEMPLYRINFO" MODIFY ("EMPLYR_STTUS_CODE" NOT NULL ENABLE);
  ALTER TABLE "EC4USER"."COMTNEMPLYRINFO" MODIFY ("HOUSE_MIDDLE_TELNO" NOT NULL ENABLE);
  ALTER TABLE "EC4USER"."COMTNEMPLYRINFO" MODIFY ("ZIP" NOT NULL ENABLE);
  ALTER TABLE "EC4USER"."COMTNEMPLYRINFO" MODIFY ("AREA_NO" NOT NULL ENABLE);
  ALTER TABLE "EC4USER"."COMTNEMPLYRINFO" MODIFY ("HOUSE_END_TELNO" NOT NULL ENABLE);
  ALTER TABLE "EC4USER"."COMTNEMPLYRINFO" MODIFY ("PASSWORD_CNSR" NOT NULL ENABLE);
  ALTER TABLE "EC4USER"."COMTNEMPLYRINFO" MODIFY ("PASSWORD_HINT" NOT NULL ENABLE);
  ALTER TABLE "EC4USER"."COMTNEMPLYRINFO" MODIFY ("HOUSE_ADRES" NOT NULL ENABLE);
  ALTER TABLE "EC4USER"."COMTNEMPLYRINFO" MODIFY ("PASSWORD" NOT NULL ENABLE);
  ALTER TABLE "EC4USER"."COMTNEMPLYRINFO" MODIFY ("USER_NM" NOT NULL ENABLE);
  ALTER TABLE "EC4USER"."COMTNEMPLYRINFO" MODIFY ("EMPLYR_ID" NOT NULL ENABLE);
--------------------------------------------------------
--  Constraints for Table COMTNEMPLYRSCRTYESTBS
--------------------------------------------------------

  ALTER TABLE "EC4USER"."COMTNEMPLYRSCRTYESTBS" MODIFY ("AUTHOR_CODE" NOT NULL ENABLE);
  ALTER TABLE "EC4USER"."COMTNEMPLYRSCRTYESTBS" MODIFY ("SCRTY_DTRMN_TRGET_ID" NOT NULL ENABLE);
--------------------------------------------------------
--  Constraints for Table COMTNENTRPRSMBER
--------------------------------------------------------

  ALTER TABLE "EC4USER"."COMTNENTRPRSMBER" ADD CONSTRAINT "COMTNENTRPRSMBER_PK" PRIMARY KEY ("ENTRPRS_MBER_ID")
  USING INDEX PCTFREE 10 INITRANS 2 MAXTRANS 255 COMPUTE STATISTICS 
  STORAGE(INITIAL 65536 NEXT 1048576 MINEXTENTS 1 MAXEXTENTS 2147483645
  PCTINCREASE 0 FREELISTS 1 FREELIST GROUPS 1 BUFFER_POOL DEFAULT FLASH_CACHE DEFAULT CELL_FLASH_CACHE DEFAULT)
  TABLESPACE "EC4DTS"  ENABLE;
  ALTER TABLE "EC4USER"."COMTNENTRPRSMBER" MODIFY ("ESNTL_ID" NOT NULL ENABLE);
  ALTER TABLE "EC4USER"."COMTNENTRPRSMBER" MODIFY ("APPLCNT_EMAIL_ADRES" NOT NULL ENABLE);
  ALTER TABLE "EC4USER"."COMTNENTRPRSMBER" MODIFY ("AREA_NO" NOT NULL ENABLE);
  ALTER TABLE "EC4USER"."COMTNENTRPRSMBER" MODIFY ("ENTRPRS_END_TELNO" NOT NULL ENABLE);
  ALTER TABLE "EC4USER"."COMTNENTRPRSMBER" MODIFY ("ENTRPRS_MBER_PASSWORD_CNSR" NOT NULL ENABLE);
  ALTER TABLE "EC4USER"."COMTNENTRPRSMBER" MODIFY ("ENTRPRS_MBER_PASSWORD_HINT" NOT NULL ENABLE);
  ALTER TABLE "EC4USER"."COMTNENTRPRSMBER" MODIFY ("APPLCNT_NM" NOT NULL ENABLE);
  ALTER TABLE "EC4USER"."COMTNENTRPRSMBER" MODIFY ("ENTRPRS_MIDDLE_TELNO" NOT NULL ENABLE);
  ALTER TABLE "EC4USER"."COMTNENTRPRSMBER" MODIFY ("ADRES" NOT NULL ENABLE);
  ALTER TABLE "EC4USER"."COMTNENTRPRSMBER" MODIFY ("ZIP" NOT NULL ENABLE);
  ALTER TABLE "EC4USER"."COMTNENTRPRSMBER" MODIFY ("CMPNY_NM" NOT NULL ENABLE);
  ALTER TABLE "EC4USER"."COMTNENTRPRSMBER" MODIFY ("ENTRPRS_MBER_ID" NOT NULL ENABLE);
--------------------------------------------------------
--  Constraints for Table COMTNFILE
--------------------------------------------------------

  ALTER TABLE "EC4USER"."COMTNFILE" ADD CONSTRAINT "COMTNFILE_PK" PRIMARY KEY ("ATCH_FILE_ID")
  USING INDEX PCTFREE 10 INITRANS 2 MAXTRANS 255 COMPUTE STATISTICS 
  STORAGE(INITIAL 65536 NEXT 1048576 MINEXTENTS 1 MAXEXTENTS 2147483645
  PCTINCREASE 0 FREELISTS 1 FREELIST GROUPS 1 BUFFER_POOL DEFAULT FLASH_CACHE DEFAULT CELL_FLASH_CACHE DEFAULT)
  TABLESPACE "EC4DTS"  ENABLE;
  ALTER TABLE "EC4USER"."COMTNFILE" MODIFY ("CREAT_DT" NOT NULL ENABLE);
  ALTER TABLE "EC4USER"."COMTNFILE" MODIFY ("ATCH_FILE_ID" NOT NULL ENABLE);
--------------------------------------------------------
--  Constraints for Table COMTNFILEDETAIL
--------------------------------------------------------

  ALTER TABLE "EC4USER"."COMTNFILEDETAIL" ADD CONSTRAINT "COMTNFILEDETAIL_PK" PRIMARY KEY ("ATCH_FILE_ID", "FILE_SN")
  USING INDEX PCTFREE 10 INITRANS 2 MAXTRANS 255 COMPUTE STATISTICS 
  STORAGE(INITIAL 65536 NEXT 1048576 MINEXTENTS 1 MAXEXTENTS 2147483645
  PCTINCREASE 0 FREELISTS 1 FREELIST GROUPS 1 BUFFER_POOL DEFAULT FLASH_CACHE DEFAULT CELL_FLASH_CACHE DEFAULT)
  TABLESPACE "EC4DTS"  ENABLE;
  ALTER TABLE "EC4USER"."COMTNFILEDETAIL" MODIFY ("FILE_EXTSN" NOT NULL ENABLE);
  ALTER TABLE "EC4USER"."COMTNFILEDETAIL" MODIFY ("STRE_FILE_NM" NOT NULL ENABLE);
  ALTER TABLE "EC4USER"."COMTNFILEDETAIL" MODIFY ("FILE_STRE_COURS" NOT NULL ENABLE);
  ALTER TABLE "EC4USER"."COMTNFILEDETAIL" MODIFY ("FILE_SN" NOT NULL ENABLE);
  ALTER TABLE "EC4USER"."COMTNFILEDETAIL" MODIFY ("ATCH_FILE_ID" NOT NULL ENABLE);
--------------------------------------------------------
--  Constraints for Table COMTNGNRLMBER
--------------------------------------------------------

  ALTER TABLE "EC4USER"."COMTNGNRLMBER" ADD CONSTRAINT "COMTNGNRLMBER_PK" PRIMARY KEY ("MBER_ID")
  USING INDEX PCTFREE 10 INITRANS 2 MAXTRANS 255 COMPUTE STATISTICS 
  STORAGE(INITIAL 65536 NEXT 1048576 MINEXTENTS 1 MAXEXTENTS 2147483645
  PCTINCREASE 0 FREELISTS 1 FREELIST GROUPS 1 BUFFER_POOL DEFAULT FLASH_CACHE DEFAULT CELL_FLASH_CACHE DEFAULT)
  TABLESPACE "EC4DTS"  ENABLE;
  ALTER TABLE "EC4USER"."COMTNGNRLMBER" MODIFY ("ESNTL_ID" NOT NULL ENABLE);
  ALTER TABLE "EC4USER"."COMTNGNRLMBER" MODIFY ("MIDDLE_TELNO" NOT NULL ENABLE);
  ALTER TABLE "EC4USER"."COMTNGNRLMBER" MODIFY ("MBTLNUM" NOT NULL ENABLE);
  ALTER TABLE "EC4USER"."COMTNGNRLMBER" MODIFY ("END_TELNO" NOT NULL ENABLE);
  ALTER TABLE "EC4USER"."COMTNGNRLMBER" MODIFY ("AREA_NO" NOT NULL ENABLE);
  ALTER TABLE "EC4USER"."COMTNGNRLMBER" MODIFY ("ADRES" NOT NULL ENABLE);
  ALTER TABLE "EC4USER"."COMTNGNRLMBER" MODIFY ("ZIP" NOT NULL ENABLE);
  ALTER TABLE "EC4USER"."COMTNGNRLMBER" MODIFY ("MBER_NM" NOT NULL ENABLE);
  ALTER TABLE "EC4USER"."COMTNGNRLMBER" MODIFY ("PASSWORD" NOT NULL ENABLE);
  ALTER TABLE "EC4USER"."COMTNGNRLMBER" MODIFY ("MBER_ID" NOT NULL ENABLE);
--------------------------------------------------------
--  Constraints for Table COMTNLOGINSCRINIMAGE
--------------------------------------------------------

  ALTER TABLE "EC4USER"."COMTNLOGINSCRINIMAGE" ADD CONSTRAINT "COMTNLOGINSCRINIMAGE_PK" PRIMARY KEY ("IMAGE_ID")
  USING INDEX PCTFREE 10 INITRANS 2 MAXTRANS 255 COMPUTE STATISTICS 
  STORAGE(INITIAL 65536 NEXT 1048576 MINEXTENTS 1 MAXEXTENTS 2147483645
  PCTINCREASE 0 FREELISTS 1 FREELIST GROUPS 1 BUFFER_POOL DEFAULT FLASH_CACHE DEFAULT CELL_FLASH_CACHE DEFAULT)
  TABLESPACE "EC4DTS"  ENABLE;
  ALTER TABLE "EC4USER"."COMTNLOGINSCRINIMAGE" MODIFY ("IMAGE" NOT NULL ENABLE);
  ALTER TABLE "EC4USER"."COMTNLOGINSCRINIMAGE" MODIFY ("REFLCT_AT" NOT NULL ENABLE);
  ALTER TABLE "EC4USER"."COMTNLOGINSCRINIMAGE" MODIFY ("IMAGE_NM" NOT NULL ENABLE);
  ALTER TABLE "EC4USER"."COMTNLOGINSCRINIMAGE" MODIFY ("IMAGE_ID" NOT NULL ENABLE);
--------------------------------------------------------
--  Constraints for Table COMTNMENUCREATDTLS
--------------------------------------------------------

  ALTER TABLE "EC4USER"."COMTNMENUCREATDTLS" ADD CONSTRAINT "COMTNMENUCREATDTLS_PK" PRIMARY KEY ("MENU_NO", "AUTHOR_CODE")
  USING INDEX PCTFREE 10 INITRANS 2 MAXTRANS 255 COMPUTE STATISTICS 
  STORAGE(INITIAL 65536 NEXT 1048576 MINEXTENTS 1 MAXEXTENTS 2147483645
  PCTINCREASE 0 FREELISTS 1 FREELIST GROUPS 1 BUFFER_POOL DEFAULT FLASH_CACHE DEFAULT CELL_FLASH_CACHE DEFAULT)
  TABLESPACE "EC4DTS"  ENABLE;
  ALTER TABLE "EC4USER"."COMTNMENUCREATDTLS" MODIFY ("AUTHOR_CODE" NOT NULL ENABLE);
  ALTER TABLE "EC4USER"."COMTNMENUCREATDTLS" MODIFY ("MENU_NO" NOT NULL ENABLE);
--------------------------------------------------------
--  Constraints for Table COMTNMENUINFO
--------------------------------------------------------

  ALTER TABLE "EC4USER"."COMTNMENUINFO" ADD CONSTRAINT "COMTNMENUINFO_PK" PRIMARY KEY ("MENU_NO")
  USING INDEX PCTFREE 10 INITRANS 2 MAXTRANS 255 COMPUTE STATISTICS 
  STORAGE(INITIAL 65536 NEXT 1048576 MINEXTENTS 1 MAXEXTENTS 2147483645
  PCTINCREASE 0 FREELISTS 1 FREELIST GROUPS 1 BUFFER_POOL DEFAULT FLASH_CACHE DEFAULT CELL_FLASH_CACHE DEFAULT)
  TABLESPACE "EC4DTS"  ENABLE;
  ALTER TABLE "EC4USER"."COMTNMENUINFO" MODIFY ("MENU_ORDR" NOT NULL ENABLE);
  ALTER TABLE "EC4USER"."COMTNMENUINFO" MODIFY ("MENU_NO" NOT NULL ENABLE);
  ALTER TABLE "EC4USER"."COMTNMENUINFO" MODIFY ("PROGRM_FILE_NM" NOT NULL ENABLE);
  ALTER TABLE "EC4USER"."COMTNMENUINFO" MODIFY ("MENU_NM" NOT NULL ENABLE);
--------------------------------------------------------
--  Constraints for Table COMTNORGNZTINFO
--------------------------------------------------------

  ALTER TABLE "EC4USER"."COMTNORGNZTINFO" ADD CONSTRAINT "COMTNORGNZTINFO_PK" PRIMARY KEY ("ORGNZT_ID")
  USING INDEX PCTFREE 10 INITRANS 2 MAXTRANS 255 COMPUTE STATISTICS 
  STORAGE(INITIAL 65536 NEXT 1048576 MINEXTENTS 1 MAXEXTENTS 2147483645
  PCTINCREASE 0 FREELISTS 1 FREELIST GROUPS 1 BUFFER_POOL DEFAULT FLASH_CACHE DEFAULT CELL_FLASH_CACHE DEFAULT)
  TABLESPACE "EC4DTS"  ENABLE;
  ALTER TABLE "EC4USER"."COMTNORGNZTINFO" MODIFY ("ORGNZT_NM" NOT NULL ENABLE);
  ALTER TABLE "EC4USER"."COMTNORGNZTINFO" MODIFY ("ORGNZT_ID" NOT NULL ENABLE);
--------------------------------------------------------
--  Constraints for Table COMTNPROGRMLIST
--------------------------------------------------------

  ALTER TABLE "EC4USER"."COMTNPROGRMLIST" ADD CONSTRAINT "COMTNPROGRMLIST_PK" PRIMARY KEY ("PROGRM_FILE_NM")
  USING INDEX PCTFREE 10 INITRANS 2 MAXTRANS 255 COMPUTE STATISTICS 
  STORAGE(INITIAL 65536 NEXT 1048576 MINEXTENTS 1 MAXEXTENTS 2147483645
  PCTINCREASE 0 FREELISTS 1 FREELIST GROUPS 1 BUFFER_POOL DEFAULT FLASH_CACHE DEFAULT CELL_FLASH_CACHE DEFAULT)
  TABLESPACE "EC4DTS"  ENABLE;
  ALTER TABLE "EC4USER"."COMTNPROGRMLIST" MODIFY ("URL" NOT NULL ENABLE);
  ALTER TABLE "EC4USER"."COMTNPROGRMLIST" MODIFY ("PROGRM_STRE_PATH" NOT NULL ENABLE);
  ALTER TABLE "EC4USER"."COMTNPROGRMLIST" MODIFY ("PROGRM_FILE_NM" NOT NULL ENABLE);
--------------------------------------------------------
--  Constraints for Table COMTNRESTDE
--------------------------------------------------------

  ALTER TABLE "EC4USER"."COMTNRESTDE" ADD CONSTRAINT "COMTNRESTDE_PK" PRIMARY KEY ("RESTDE_NO")
  USING INDEX PCTFREE 10 INITRANS 2 MAXTRANS 255 COMPUTE STATISTICS 
  STORAGE(INITIAL 65536 NEXT 1048576 MINEXTENTS 1 MAXEXTENTS 2147483645
  PCTINCREASE 0 FREELISTS 1 FREELIST GROUPS 1 BUFFER_POOL DEFAULT FLASH_CACHE DEFAULT CELL_FLASH_CACHE DEFAULT)
  TABLESPACE "EC4DTS"  ENABLE;
  ALTER TABLE "EC4USER"."COMTNRESTDE" MODIFY ("RESTDE_NO" NOT NULL ENABLE);
--------------------------------------------------------
--  Constraints for Table COMTNROLEINFO
--------------------------------------------------------

  ALTER TABLE "EC4USER"."COMTNROLEINFO" ADD CONSTRAINT "COMTNROLEINFO_PK" PRIMARY KEY ("ROLE_CODE")
  USING INDEX PCTFREE 10 INITRANS 2 MAXTRANS 255 COMPUTE STATISTICS 
  STORAGE(INITIAL 65536 NEXT 1048576 MINEXTENTS 1 MAXEXTENTS 2147483645
  PCTINCREASE 0 FREELISTS 1 FREELIST GROUPS 1 BUFFER_POOL DEFAULT FLASH_CACHE DEFAULT CELL_FLASH_CACHE DEFAULT)
  TABLESPACE "EC4DTS"  ENABLE;
  ALTER TABLE "EC4USER"."COMTNROLEINFO" MODIFY ("ROLE_CREAT_DE" NOT NULL ENABLE);
  ALTER TABLE "EC4USER"."COMTNROLEINFO" MODIFY ("ROLE_NM" NOT NULL ENABLE);
  ALTER TABLE "EC4USER"."COMTNROLEINFO" MODIFY ("ROLE_CODE" NOT NULL ENABLE);
--------------------------------------------------------
--  Constraints for Table COMTNROLES_HIERARCHY
--------------------------------------------------------

  ALTER TABLE "EC4USER"."COMTNROLES_HIERARCHY" ADD CONSTRAINT "COMTNROLES_HIERARCHY_PK" PRIMARY KEY ("PARNTS_ROLE", "CHLDRN_ROLE")
  USING INDEX PCTFREE 10 INITRANS 2 MAXTRANS 255 COMPUTE STATISTICS 
  STORAGE(INITIAL 65536 NEXT 1048576 MINEXTENTS 1 MAXEXTENTS 2147483645
  PCTINCREASE 0 FREELISTS 1 FREELIST GROUPS 1 BUFFER_POOL DEFAULT FLASH_CACHE DEFAULT CELL_FLASH_CACHE DEFAULT)
  TABLESPACE "EC4DTS"  ENABLE;
  ALTER TABLE "EC4USER"."COMTNROLES_HIERARCHY" MODIFY ("CHLDRN_ROLE" NOT NULL ENABLE);
  ALTER TABLE "EC4USER"."COMTNROLES_HIERARCHY" MODIFY ("PARNTS_ROLE" NOT NULL ENABLE);
--------------------------------------------------------
--  Constraints for Table COMTNSITEMAP
--------------------------------------------------------

  ALTER TABLE "EC4USER"."COMTNSITEMAP" ADD CONSTRAINT "COMTNSITEMAP_PK" PRIMARY KEY ("MAPNG_CREAT_ID")
  USING INDEX PCTFREE 10 INITRANS 2 MAXTRANS 255 COMPUTE STATISTICS 
  STORAGE(INITIAL 65536 NEXT 1048576 MINEXTENTS 1 MAXEXTENTS 2147483645
  PCTINCREASE 0 FREELISTS 1 FREELIST GROUPS 1 BUFFER_POOL DEFAULT FLASH_CACHE DEFAULT CELL_FLASH_CACHE DEFAULT)
  TABLESPACE "EC4DTS"  ENABLE;
  ALTER TABLE "EC4USER"."COMTNSITEMAP" MODIFY ("MAPNG_FILE_PATH" NOT NULL ENABLE);
  ALTER TABLE "EC4USER"."COMTNSITEMAP" MODIFY ("MAPNG_FILE_NM" NOT NULL ENABLE);
  ALTER TABLE "EC4USER"."COMTNSITEMAP" MODIFY ("CREATR_ID" NOT NULL ENABLE);
  ALTER TABLE "EC4USER"."COMTNSITEMAP" MODIFY ("MAPNG_CREAT_ID" NOT NULL ENABLE);
--------------------------------------------------------
--  Constraints for Table COMTNSTPLATINFO
--------------------------------------------------------

  ALTER TABLE "EC4USER"."COMTNSTPLATINFO" ADD CONSTRAINT "COMTNSTPLATINFO_PK" PRIMARY KEY ("USE_STPLAT_ID")
  USING INDEX PCTFREE 10 INITRANS 2 MAXTRANS 255 COMPUTE STATISTICS 
  STORAGE(INITIAL 65536 NEXT 1048576 MINEXTENTS 1 MAXEXTENTS 2147483645
  PCTINCREASE 0 FREELISTS 1 FREELIST GROUPS 1 BUFFER_POOL DEFAULT FLASH_CACHE DEFAULT CELL_FLASH_CACHE DEFAULT)
  TABLESPACE "EC4DTS"  ENABLE;
  ALTER TABLE "EC4USER"."COMTNSTPLATINFO" MODIFY ("USE_STPLAT_ID" NOT NULL ENABLE);
--------------------------------------------------------
--  Constraints for Table COMTNTMPLATINFO
--------------------------------------------------------

  ALTER TABLE "EC4USER"."COMTNTMPLATINFO" ADD CONSTRAINT "COMTNTMPLATINFO_PK" PRIMARY KEY ("TMPLAT_ID")
  USING INDEX PCTFREE 10 INITRANS 2 MAXTRANS 255 COMPUTE STATISTICS 
  STORAGE(INITIAL 65536 NEXT 1048576 MINEXTENTS 1 MAXEXTENTS 2147483645
  PCTINCREASE 0 FREELISTS 1 FREELIST GROUPS 1 BUFFER_POOL DEFAULT FLASH_CACHE DEFAULT CELL_FLASH_CACHE DEFAULT)
  TABLESPACE "EC4DTS"  ENABLE;
  ALTER TABLE "EC4USER"."COMTNTMPLATINFO" MODIFY ("TMPLAT_ID" NOT NULL ENABLE);
--------------------------------------------------------
--  Constraints for Table COMTRDNMADRZIP
--------------------------------------------------------

  ALTER TABLE "EC4USER"."COMTRDNMADRZIP" ADD CONSTRAINT "COMTRDNMADRZIP_PK" PRIMARY KEY ("SN")
  USING INDEX PCTFREE 10 INITRANS 2 MAXTRANS 255 COMPUTE STATISTICS 
  STORAGE(INITIAL 65536 NEXT 1048576 MINEXTENTS 1 MAXEXTENTS 2147483645
  PCTINCREASE 0 FREELISTS 1 FREELIST GROUPS 1 BUFFER_POOL DEFAULT FLASH_CACHE DEFAULT CELL_FLASH_CACHE DEFAULT)
  TABLESPACE "EC4DTS"  ENABLE;
  ALTER TABLE "EC4USER"."COMTRDNMADRZIP" MODIFY ("ZIP" NOT NULL ENABLE);
  ALTER TABLE "EC4USER"."COMTRDNMADRZIP" MODIFY ("SN" NOT NULL ENABLE);
  ALTER TABLE "EC4USER"."COMTRDNMADRZIP" MODIFY ("RDMN_CODE" NOT NULL ENABLE);
--------------------------------------------------------
--  Constraints for Table J_ATTACHFILE
--------------------------------------------------------

  ALTER TABLE "EC4USER"."J_ATTACHFILE" ADD CONSTRAINT "J_ATTACHFILE_PK" PRIMARY KEY ("FILE_ID", "FILE_SEQ")
  USING INDEX PCTFREE 10 INITRANS 2 MAXTRANS 255 COMPUTE STATISTICS 
  STORAGE(INITIAL 65536 NEXT 1048576 MINEXTENTS 1 MAXEXTENTS 2147483645
  PCTINCREASE 0 FREELISTS 1 FREELIST GROUPS 1 BUFFER_POOL DEFAULT FLASH_CACHE DEFAULT CELL_FLASH_CACHE DEFAULT)
  TABLESPACE "EC4DTS"  ENABLE;
  ALTER TABLE "EC4USER"."J_ATTACHFILE" MODIFY ("FILE_NAME" NOT NULL ENABLE);
  ALTER TABLE "EC4USER"."J_ATTACHFILE" MODIFY ("FILE_SEQ" NOT NULL ENABLE);
  ALTER TABLE "EC4USER"."J_ATTACHFILE" MODIFY ("FILE_ID" NOT NULL ENABLE);
--------------------------------------------------------
--  Ref Constraints for Table COMTCCMMNCODE
--------------------------------------------------------

  ALTER TABLE "EC4USER"."COMTCCMMNCODE" ADD CONSTRAINT "COMTCCMMNCODE_FK1" FOREIGN KEY ("CL_CODE")
	  REFERENCES "EC4USER"."COMTCCMMNCLCODE" ("CL_CODE") ON DELETE SET NULL ENABLE NOVALIDATE;
--------------------------------------------------------
--  Ref Constraints for Table COMTCCMMNDETAILCODE
--------------------------------------------------------

  ALTER TABLE "EC4USER"."COMTCCMMNDETAILCODE" ADD CONSTRAINT "COMTCCMMNDETAILCODE_FK1" FOREIGN KEY ("CODE_ID")
	  REFERENCES "EC4USER"."COMTCCMMNCODE" ("CODE_ID") ENABLE NOVALIDATE;
--------------------------------------------------------
--  Ref Constraints for Table COMTHEMAILDSPTCHMANAGE
--------------------------------------------------------

  ALTER TABLE "EC4USER"."COMTHEMAILDSPTCHMANAGE" ADD CONSTRAINT "COMTHEMAILDSPTCHMANAGE_FK2" FOREIGN KEY ("ATCH_FILE_ID")
	  REFERENCES "EC4USER"."COMTNFILE" ("ATCH_FILE_ID") ON DELETE SET NULL ENABLE NOVALIDATE;
--------------------------------------------------------
--  Ref Constraints for Table COMTHEMPLYRINFOCHANGEDTLS
--------------------------------------------------------

  ALTER TABLE "EC4USER"."COMTHEMPLYRINFOCHANGEDTLS" ADD CONSTRAINT "COMTHEMPLYRINFOCHANGEDTLS_FK1" FOREIGN KEY ("EMPLYR_ID")
	  REFERENCES "EC4USER"."COMTNEMPLYRINFO" ("EMPLYR_ID") ENABLE NOVALIDATE;
--------------------------------------------------------
--  Ref Constraints for Table COMTHPROGRMCHANGEDTLS
--------------------------------------------------------

  ALTER TABLE "EC4USER"."COMTHPROGRMCHANGEDTLS" ADD CONSTRAINT "COMTHPROGRMCHANGEDTLS_FK1" FOREIGN KEY ("PROGRM_FILE_NM")
	  REFERENCES "EC4USER"."COMTNPROGRMLIST" ("PROGRM_FILE_NM") ON DELETE CASCADE ENABLE NOVALIDATE;
--------------------------------------------------------
--  Ref Constraints for Table COMTNAUTHORROLERELATE
--------------------------------------------------------

  ALTER TABLE "EC4USER"."COMTNAUTHORROLERELATE" ADD CONSTRAINT "COMTNAUTHORROLERELATE_FK1" FOREIGN KEY ("AUTHOR_CODE")
	  REFERENCES "EC4USER"."COMTNAUTHORINFO" ("AUTHOR_CODE") ON DELETE CASCADE ENABLE NOVALIDATE;
  ALTER TABLE "EC4USER"."COMTNAUTHORROLERELATE" ADD CONSTRAINT "COMTNAUTHORROLERELATE_FK2" FOREIGN KEY ("ROLE_CODE")
	  REFERENCES "EC4USER"."COMTNROLEINFO" ("ROLE_CODE") ON DELETE CASCADE ENABLE NOVALIDATE;
--------------------------------------------------------
--  Ref Constraints for Table COMTNBBS
--------------------------------------------------------

  ALTER TABLE "EC4USER"."COMTNBBS" ADD CONSTRAINT "COMTNBBS_FK1" FOREIGN KEY ("BBS_ID")
	  REFERENCES "EC4USER"."COMTNBBSMASTER" ("BBS_ID") ENABLE NOVALIDATE;
--------------------------------------------------------
--  Ref Constraints for Table COMTNBBSUSE
--------------------------------------------------------

  ALTER TABLE "EC4USER"."COMTNBBSUSE" ADD CONSTRAINT "COMTNBBSUSE_FK1" FOREIGN KEY ("BBS_ID")
	  REFERENCES "EC4USER"."COMTNBBSMASTER" ("BBS_ID") ENABLE NOVALIDATE;
--------------------------------------------------------
--  Ref Constraints for Table COMTNCOMMENT
--------------------------------------------------------

  ALTER TABLE "EC4USER"."COMTNCOMMENT" ADD CONSTRAINT "COMTNCOMMENT_FK1" FOREIGN KEY ("NTT_ID", "BBS_ID")
	  REFERENCES "EC4USER"."COMTNBBS" ("NTT_ID", "BBS_ID") ENABLE NOVALIDATE;
--------------------------------------------------------
--  Ref Constraints for Table COMTNEMPLYRINFO
--------------------------------------------------------

  ALTER TABLE "EC4USER"."COMTNEMPLYRINFO" ADD CONSTRAINT "COMTNEMPLYRINFO_FK1" FOREIGN KEY ("GROUP_ID")
	  REFERENCES "EC4USER"."COMTNAUTHORGROUPINFO" ("GROUP_ID") ON DELETE CASCADE ENABLE NOVALIDATE;
  ALTER TABLE "EC4USER"."COMTNEMPLYRINFO" ADD CONSTRAINT "COMTNEMPLYRINFO_FK2" FOREIGN KEY ("ORGNZT_ID")
	  REFERENCES "EC4USER"."COMTNORGNZTINFO" ("ORGNZT_ID") ON DELETE CASCADE ENABLE NOVALIDATE;
--------------------------------------------------------
--  Ref Constraints for Table COMTNENTRPRSMBER
--------------------------------------------------------

  ALTER TABLE "EC4USER"."COMTNENTRPRSMBER" ADD CONSTRAINT "COMTNENTRPRSMBER_FK1" FOREIGN KEY ("GROUP_ID")
	  REFERENCES "EC4USER"."COMTNAUTHORGROUPINFO" ("GROUP_ID") ON DELETE CASCADE ENABLE NOVALIDATE;
--------------------------------------------------------
--  Ref Constraints for Table COMTNFILEDETAIL
--------------------------------------------------------

  ALTER TABLE "EC4USER"."COMTNFILEDETAIL" ADD CONSTRAINT "COMTNFILEDETAIL_FK1" FOREIGN KEY ("ATCH_FILE_ID")
	  REFERENCES "EC4USER"."COMTNFILE" ("ATCH_FILE_ID") ENABLE NOVALIDATE;
--------------------------------------------------------
--  Ref Constraints for Table COMTNGNRLMBER
--------------------------------------------------------

  ALTER TABLE "EC4USER"."COMTNGNRLMBER" ADD CONSTRAINT "COMTNGNRLMBER_FK1" FOREIGN KEY ("GROUP_ID")
	  REFERENCES "EC4USER"."COMTNAUTHORGROUPINFO" ("GROUP_ID") ON DELETE CASCADE ENABLE NOVALIDATE;
--------------------------------------------------------
--  Ref Constraints for Table COMTNMENUCREATDTLS
--------------------------------------------------------

  ALTER TABLE "EC4USER"."COMTNMENUCREATDTLS" ADD CONSTRAINT "COMTNMENUCREATDTLS_FK1" FOREIGN KEY ("AUTHOR_CODE")
	  REFERENCES "EC4USER"."COMTNAUTHORINFO" ("AUTHOR_CODE") ENABLE NOVALIDATE;
  ALTER TABLE "EC4USER"."COMTNMENUCREATDTLS" ADD CONSTRAINT "COMTNMENUCREATDTLS_FK2" FOREIGN KEY ("MENU_NO")
	  REFERENCES "EC4USER"."COMTNMENUINFO" ("MENU_NO") ON DELETE CASCADE ENABLE NOVALIDATE;
  ALTER TABLE "EC4USER"."COMTNMENUCREATDTLS" ADD CONSTRAINT "COMTNMENUCREATDTLS_FK3" FOREIGN KEY ("MAPNG_CREAT_ID")
	  REFERENCES "EC4USER"."COMTNSITEMAP" ("MAPNG_CREAT_ID") ON DELETE CASCADE ENABLE NOVALIDATE;
--------------------------------------------------------
--  Ref Constraints for Table COMTNMENUINFO
--------------------------------------------------------

  ALTER TABLE "EC4USER"."COMTNMENUINFO" ADD CONSTRAINT "COMTNMENUINFO_FK1" FOREIGN KEY ("UPPER_MENU_NO")
	  REFERENCES "EC4USER"."COMTNMENUINFO" ("MENU_NO") ON DELETE CASCADE ENABLE NOVALIDATE;
  ALTER TABLE "EC4USER"."COMTNMENUINFO" ADD CONSTRAINT "COMTNMENUINFO_FK2" FOREIGN KEY ("PROGRM_FILE_NM")
	  REFERENCES "EC4USER"."COMTNPROGRMLIST" ("PROGRM_FILE_NM") ON DELETE CASCADE ENABLE NOVALIDATE;
--------------------------------------------------------
--  Ref Constraints for Table COMTNROLES_HIERARCHY
--------------------------------------------------------

  ALTER TABLE "EC4USER"."COMTNROLES_HIERARCHY" ADD CONSTRAINT "COMTNROLES_HIERARCHY_FK1" FOREIGN KEY ("PARNTS_ROLE")
	  REFERENCES "EC4USER"."COMTNAUTHORINFO" ("AUTHOR_CODE") ON DELETE CASCADE ENABLE NOVALIDATE;
  ALTER TABLE "EC4USER"."COMTNROLES_HIERARCHY" ADD CONSTRAINT "COMTNROLES_HIERARCHY_FK2" FOREIGN KEY ("CHLDRN_ROLE")
	  REFERENCES "EC4USER"."COMTNAUTHORINFO" ("AUTHOR_CODE") ON DELETE CASCADE ENABLE NOVALIDATE;
